"Kernel Name","fp8_streamk_symm_gemm_block_scaled_tuned_kernel",
"Address","Source","Warp Stall Sampling (All Samples)","Warp Stall Sampling (Not-issued Samples)","# Samples","Instructions Executed","Thread Instructions Executed","Predicated-On Thread Instructions Executed","Avg. Threads Executed","Avg. Predicated-On Threads Executed","Divergent Branches","Address Space","Access Operation","Access Size","L1 Tag Requests Global","L1 Conflicts Shared N-Way","L1 Wavefronts Shared Excessive","L1 Wavefronts Shared","L1 Wavefronts Shared Ideal","L2 Theoretical Sectors Global Excessive","L2 Theoretical Sectors Global","L2 Theoretical Sectors Global Ideal","L2 Explicit Evict Policies","L2 Explicit Hit Policy Evict First","L2 Explicit Hit Policy Evict Last","L2 Explicit Hit Policy Evict Normal","L2 Explicit Hit Policy Evict Normal Demote","L2 Explicit Miss Policy Evict First","L2 Explicit Miss Policy Evict Normal","stall_barrier","stall_branch_resolving","stall_dispatch","stall_drain","stall_imc","stall_lg","stall_long_sb","stall_math","stall_membar","stall_mio","stall_misc","stall_no_inst","stall_not_selected","stall_selected","stall_short_sb","stall_sleep","stall_tex","stall_wait","stall_barrier (Not Issued)","stall_branch_resolving (Not Issued)","stall_dispatch (Not Issued)","stall_drain (Not Issued)","stall_imc (Not Issued)","stall_lg (Not Issued)","stall_long_sb (Not Issued)","stall_math (Not Issued)","stall_membar (Not Issued)","stall_mio (Not Issued)","stall_misc (Not Issued)","stall_no_inst (Not Issued)","stall_not_selected (Not Issued)","stall_selected (Not Issued)","stall_short_sb (Not Issued)","stall_sleeping (Not Issued)","stall_tex (Not Issued)","stall_wait (Not Issued)"
"0x778791770200","      LDC R1, c[0x0][0x28]","16","16","16","912","29184","29184","32","32","0","-","-","-","0","0","0","0","0","0","0","0","-","0","0","0","0","0","0","0","0","0","0","0","0","0","0","0","0","0","16","0","0","0","0","0","0","0","0","0","0","0","0","0","0","0","0","0","16","0","0","0","0","0","0"
"0x778791770210","      S2UR UR12, SR_CTAID.X","0","0","0","912","29184","29184","32","32","0","-","-","-","0","0","0","0","0","0","0","0","-","0","0","0","0","0","0","0","0","0","0","0","0","0","0","0","0","0","0","0","0","0","0","0","0","0","0","0","0","0","0","0","0","0","0","0","0","0","0","0","0","0","0"
"0x778791770220","      UISETP.GT.U32.AND UP0, UPT, UR12, 0x20f, UPT","8","7","8","912","29184","29184","32","32","0","-","-","-","0","0","0","0","0","0","0","0","-","0","0","0","0","0","0","0","0","0","0","0","0","0","0","0","0","0","0","0","0","7","0","0","1","0","0","0","0","0","0","0","0","0","0","0","0","0","0","6","0","0","1"
"0x778791770230","      PLOP3.LUT P0, PT, PT, PT, UP0, 0x80, 0x0","2","2","2","912","29184","29184","32","32","0","-","-","-","0","0","0","0","0","0","0","0","-","0","0","0","0","0","0","0","0","0","0","0","0","0","0","0","0","0","0","0","0","0","0","0","2","0","0","0","0","0","0","0","0","0","0","0","0","0","0","0","0","0","2"
"0x778791770240","@P0   EXIT","18","16","18","912","29184","0","32","0","0","-","-","-","0","0","0","0","0","0","0","0","-","0","0","0","0","0","0","0","0","0","0","0","0","0","0","0","0","0","0","0","0","18","0","0","0","0","0","0","0","0","0","0","0","0","0","0","0","0","0","16","0","0","0"
"0x778791770250","      S2R R197, SR_TID.X","0","0","0","912","29184","29184","32","32","0","-","-","-","0","0","0","0","0","0","0","0","-","0","0","0","0","0","0","0","0","0","0","0","0","0","0","0","0","0","0","0","0","0","0","0","0","0","0","0","0","0","0","0","0","0","0","0","0","0","0","0","0","0","0"
"0x778791770260","      S2UR UR5, SR_CgaCtaId","0","0","0","912","29184","29184","32","32","0","-","-","-","0","0","0","0","0","0","0","0","-","0","0","0","0","0","0","0","0","0","0","0","0","0","0","0","0","0","0","0","0","0","0","0","0","0","0","0","0","0","0","0","0","0","0","0","0","0","0","0","0","0","0"
"0x778791770270","      ULDC.64 UR6, c[0x0][0x228]","29","29","29","912","29184","29184","32","32","0","-","-","-","0","0","0","0","0","0","0","0","-","0","0","0","0","0","0","0","0","0","0","29","0","0","0","0","0","0","0","0","0","0","0","0","0","0","0","0","0","29","0","0","0","0","0","0","0","0","0","0","0","0","0"
"0x778791770280","      ULDC UR21, c[0x0][0x230]","0","0","0","912","29184","29184","32","32","0","-","-","-","0","0","0","0","0","0","0","0","-","0","0","0","0","0","0","0","0","0","0","0","0","0","0","0","0","0","0","0","0","0","0","0","0","0","0","0","0","0","0","0","0","0","0","0","0","0","0","0","0","0","0"
"0x778791770290","      ULOP3.LUT UR7, UR7, UR6, URZ, 0xfc, !UPT","0","0","0","912","29184","29184","32","32","0","-","-","-","0","0","0","0","0","0","0","0","-","0","0","0","0","0","0","0","0","0","0","0","0","0","0","0","0","0","0","0","0","0","0","0","0","0","0","0","0","0","0","0","0","0","0","0","0","0","0","0","0","0","0"
"0x7787917702a0","      UISETP.GT.AND UP1, UPT, UR6, -0x1, UPT","0","0","0","912","29184","29184","32","32","0","-","-","-","0","0","0","0","0","0","0","0","-","0","0","0","0","0","0","0","0","0","0","0","0","0","0","0","0","0","0","0","0","0","0","0","0","0","0","0","0","0","0","0","0","0","0","0","0","0","0","0","0","0","0"
"0x7787917702b0","      UIADD3 UR4, UR21, 0x3f, URZ","0","0","0","912","29184","29184","32","32","0","-","-","-","0","0","0","0","0","0","0","0","-","0","0","0","0","0","0","0","0","0","0","0","0","0","0","0","0","0","0","0","0","0","0","0","0","0","0","0","0","0","0","0","0","0","0","0","0","0","0","0","0","0","0"
"0x7787917702c0","      UMOV UR6, 0x400","0","0","0","912","29184","29184","32","32","0","-","-","-","0","0","0","0","0","0","0","0","-","0","0","0","0","0","0","0","0","0","0","0","0","0","0","0","0","0","0","0","0","0","0","0","0","0","0","0","0","0","0","0","0","0","0","0","0","0","0","0","0","0","0"
"0x7787917702d0","      UISETP.GT.AND UP3, UPT, UR7, -0x1, UPT","0","0","0","912","29184","29184","32","32","0","-","-","-","0","0","0","0","0","0","0","0","-","0","0","0","0","0","0","0","0","0","0","0","0","0","0","0","0","0","0","0","0","0","0","0","0","0","0","0","0","0","0","0","0","0","0","0","0","0","0","0","0","0","0"
"0x7787917702e0","      UISETP.GE.AND UP2, UPT, UR4, 0x40, UPT","1","1","1","912","29184","29184","32","32","0","-","-","-","0","0","0","0","0","0","0","0","-","0","0","0","0","0","0","0","0","0","0","0","0","0","1","0","0","0","0","0","0","0","0","0","0","0","0","0","0","0","0","0","1","0","0","0","0","0","0","0","0","0","0"
"0x7787917702f0","      ULDC.64 UR18, c[0x0][0x208]","0","0","0","912","29184","29184","32","32","0","-","-","-","0","0","0","0","0","0","0","0","-","0","0","0","0","0","0","0","0","0","0","0","0","0","0","0","0","0","0","0","0","0","0","0","0","0","0","0","0","0","0","0","0","0","0","0","0","0","0","0","0","0","0"
"0x778791770300","      ULEA UR6, UR5, UR6, 0x18","0","0","0","912","29184","29184","32","32","0","-","-","-","0","0","0","0","0","0","0","0","-","0","0","0","0","0","0","0","0","0","0","0","0","0","0","0","0","0","0","0","0","0","0","0","0","0","0","0","0","0","0","0","0","0","0","0","0","0","0","0","0","0","0"
"0x778791770310","      USHF.R.S32.HI UR5, URZ, 0x1f, UR4","0","0","0","912","29184","29184","32","32","0","-","-","-","0","0","0","0","0","0","0","0","-","0","0","0","0","0","0","0","0","0","0","0","0","0","0","0","0","0","0","0","0","0","0","0","0","0","0","0","0","0","0","0","0","0","0","0","0","0","0","0","0","0","0"
"0x778791770320","      ULEA.HI UR5, UR5, UR4, URZ, 0x6","0","0","0","912","29184","29184","32","32","0","-","-","-","0","0","0","0","0","0","0","0","-","0","0","0","0","0","0","0","0","0","0","0","0","0","0","0","0","0","0","0","0","0","0","0","0","0","0","0","0","0","0","0","0","0","0","0","0","0","0","0","0","0","0"
"0x778791770330","      SHF.R.U32.HI R4, RZ, 0x5, R197","0","0","0","912","29184","29184","32","32","0","-","-","-","0","0","0","0","0","0","0","0","-","0","0","0","0","0","0","0","0","0","0","0","0","0","0","0","0","0","0","0","0","0","0","0","0","0","0","0","0","0","0","0","0","0","0","0","0","0","0","0","0","0","0"
"0x778791770340","      IMAD.SHL.U32 R5, R197, 0x80, RZ","0","0","0","912","29184","29184","32","32","0","-","-","-","0","0","0","0","0","0","0","0","-","0","0","0","0","0","0","0","0","0","0","0","0","0","0","0","0","0","0","0","0","0","0","0","0","0","0","0","0","0","0","0","0","0","0","0","0","0","0","0","0","0","0"
"0x778791770350","      SHF.R.U32.HI R0, RZ, 0x2, R197","0","0","0","912","29184","29184","32","32","0","-","-","-","0","0","0","0","0","0","0","0","-","0","0","0","0","0","0","0","0","0","0","0","0","0","0","0","0","0","0","0","0","0","0","0","0","0","0","0","0","0","0","0","0","0","0","0","0","0","0","0","0","0","0"
"0x778791770360","      IMAD.SHL.U32 R10, R197, 0x40, RZ","0","0","0","912","29184","29184","32","32","0","-","-","-","0","0","0","0","0","0","0","0","-","0","0","0","0","0","0","0","0","0","0","0","0","0","0","0","0","0","0","0","0","0","0","0","0","0","0","0","0","0","0","0","0","0","0","0","0","0","0","0","0","0","0"
"0x778791770370","      LOP3.LUT R2, R197, 0x10, RZ, 0xc0, !PT","0","0","0","912","29184","29184","32","32","0","-","-","-","0","0","0","0","0","0","0","0","-","0","0","0","0","0","0","0","0","0","0","0","0","0","0","0","0","0","0","0","0","0","0","0","0","0","0","0","0","0","0","0","0","0","0","0","0","0","0","0","0","0","0"
"0x778791770380","      IMAD.SHL.U32 R68, R197, 0x8, RZ","0","0","0","912","29184","29184","32","32","0","-","-","-","0","0","0","0","0","0","0","0","-","0","0","0","0","0","0","0","0","0","0","0","0","0","0","0","0","0","0","0","0","0","0","0","0","0","0","0","0","0","0","0","0","0","0","0","0","0","0","0","0","0","0"
"0x778791770390","      R2UR UR20, R4","0","0","0","912","29184","29184","32","32","0","-","-","-","0","0","0","0","0","0","0","0","-","0","0","0","0","0","0","0","0","0","0","0","0","0","0","0","0","0","0","0","0","0","0","0","0","0","0","0","0","0","0","0","0","0","0","0","0","0","0","0","0","0","0"
"0x7787917703a0","      USHF.R.S32.HI UR7, URZ, 0x6, UR5","0","0","0","912","29184","29184","32","32","0","-","-","-","0","0","0","0","0","0","0","0","-","0","0","0","0","0","0","0","0","0","0","0","0","0","0","0","0","0","0","0","0","0","0","0","0","0","0","0","0","0","0","0","0","0","0","0","0","0","0","0","0","0","0"
"0x7787917703b0","      SGXT.U32 R0, R0, 0x2","0","0","0","912","29184","29184","32","32","0","-","-","-","0","0","0","0","0","0","0","0","-","0","0","0","0","0","0","0","0","0","0","0","0","0","0","0","0","0","0","0","0","0","0","0","0","0","0","0","0","0","0","0","0","0","0","0","0","0","0","0","0","0","0"
"0x7787917703c0","      SHF.R.U32.HI R3, RZ, 0x2, R2","0","0","0","912","29184","29184","32","32","0","-","-","-","0","0","0","0","0","0","0","0","-","0","0","0","0","0","0","0","0","0","0","0","0","0","0","0","0","0","0","0","0","0","0","0","0","0","0","0","0","0","0","0","0","0","0","0","0","0","0","0","0","0","0"
"0x7787917703d0","      LOP3.LUT R4, R197, 0x18, RZ, 0xc0, !PT","0","0","0","912","29184","29184","32","32","0","-","-","-","0","0","0","0","0","0","0","0","-","0","0","0","0","0","0","0","0","0","0","0","0","0","0","0","0","0","0","0","0","0","0","0","0","0","0","0","0","0","0","0","0","0","0","0","0","0","0","0","0","0","0"
"0x7787917703e0","      LOP3.LUT R3, R0, R3, RZ, 0xfc, !PT","0","0","0","912","29184","29184","32","32","0","-","-","-","0","0","0","0","0","0","0","0","-","0","0","0","0","0","0","0","0","0","0","0","0","0","0","0","0","0","0","0","0","0","0","0","0","0","0","0","0","0","0","0","0","0","0","0","0","0","0","0","0","0","0"
"0x7787917703f0","      IMAD.SHL.U32 R0, R197, 0x10, RZ","0","0","0","912","29184","29184","32","32","0","-","-","-","0","0","0","0","0","0","0","0","-","0","0","0","0","0","0","0","0","0","0","0","0","0","0","0","0","0","0","0","0","0","0","0","0","0","0","0","0","0","0","0","0","0","0","0","0","0","0","0","0","0","0"
"0x778791770400","      LOP3.LUT R9, R5, 0x780, RZ, 0xc0, !PT","0","0","0","912","29184","29184","32","32","0","-","-","-","0","0","0","0","0","0","0","0","-","0","0","0","0","0","0","0","0","0","0","0","0","0","0","0","0","0","0","0","0","0","0","0","0","0","0","0","0","0","0","0","0","0","0","0","0","0","0","0","0","0","0"
"0x778791770410","      IMAD R7, R4, 0x12, RZ","0","0","0","912","29184","29184","32","32","0","-","-","-","0","0","0","0","0","0","0","0","-","0","0","0","0","0","0","0","0","0","0","0","0","0","0","0","0","0","0","0","0","0","0","0","0","0","0","0","0","0","0","0","0","0","0","0","0","0","0","0","0","0","0"
"0x778791770420","      LOP3.LUT R4, R197, 0x20, RZ, 0xc0, !PT","0","0","0","912","29184","29184","32","32","0","-","-","-","0","0","0","0","0","0","0","0","-","0","0","0","0","0","0","0","0","0","0","0","0","0","0","0","0","0","0","0","0","0","0","0","0","0","0","0","0","0","0","0","0","0","0","0","0","0","0","0","0","0","0"
"0x778791770430","      LOP3.LUT R5, R197, 0x40, RZ, 0xc0, !PT","0","0","0","912","29184","29184","32","32","0","-","-","-","0","0","0","0","0","0","0","0","-","0","0","0","0","0","0","0","0","0","0","0","0","0","0","0","0","0","0","0","0","0","0","0","0","0","0","0","0","0","0","0","0","0","0","0","0","0","0","0","0","0","0"
"0x778791770440","      LOP3.LUT R6, R0, 0x70, RZ, 0xc0, !PT","0","0","0","912","29184","29184","32","32","0","-","-","-","0","0","0","0","0","0","0","0","-","0","0","0","0","0","0","0","0","0","0","0","0","0","0","0","0","0","0","0","0","0","0","0","0","0","0","0","0","0","0","0","0","0","0","0","0","0","0","0","0","0","0"
"0x778791770450","      LOP3.LUT R8, R7, 0x70, R0, 0x78, !PT","0","0","0","912","29184","29184","32","32","0","-","-","-","0","0","0","0","0","0","0","0","-","0","0","0","0","0","0","0","0","0","0","0","0","0","0","0","0","0","0","0","0","0","0","0","0","0","0","0","0","0","0","0","0","0","0","0","0","0","0","0","0","0","0"
"0x778791770460","      LEA.HI R9, R2, R9, RZ, 0x1f","0","0","0","912","29184","29184","32","32","0","-","-","-","0","0","0","0","0","0","0","0","-","0","0","0","0","0","0","0","0","0","0","0","0","0","0","0","0","0","0","0","0","0","0","0","0","0","0","0","0","0","0","0","0","0","0","0","0","0","0","0","0","0","0"
"0x778791770470","      SHF.R.U32.HI R0, RZ, 0x1, R4","1","1","1","912","29184","29184","32","32","0","-","-","-","0","0","0","0","0","0","0","0","-","0","0","0","0","0","0","0","0","0","0","0","0","0","0","0","0","0","0","0","0","0","0","0","1","0","0","0","0","0","0","0","0","0","0","0","0","0","0","0","0","0","1"
"0x778791770480","      SHF.R.U32.HI R2, RZ, 0x1, R5","0","0","0","912","29184","29184","32","32","0","-","-","-","0","0","0","0","0","0","0","0","-","0","0","0","0","0","0","0","0","0","0","0","0","0","0","0","0","0","0","0","0","0","0","0","0","0","0","0","0","0","0","0","0","0","0","0","0","0","0","0","0","0","0"
"0x778791770490","      LOP3.LUT R69, R197, 0x80, RZ, 0xc0, !PT","0","0","0","912","29184","29184","32","32","0","-","-","-","0","0","0","0","0","0","0","0","-","0","0","0","0","0","0","0","0","0","0","0","0","0","0","0","0","0","0","0","0","0","0","0","0","0","0","0","0","0","0","0","0","0","0","0","0","0","0","0","0","0","0"
"0x7787917704a0","      LOP3.LUT R3, R2, R3, R0, 0xfe, !PT","1","1","1","912","29184","29184","32","32","0","-","-","-","0","0","0","0","0","0","0","0","-","0","0","0","0","0","0","0","0","0","0","0","0","0","0","0","0","0","0","0","0","0","0","0","1","0","0","0","0","0","0","0","0","0","0","0","0","0","0","0","0","0","1"
"0x7787917704b0","      IMAD.SHL.U32 R0, R197, 0x100, RZ","0","0","0","912","29184","29184","32","32","0","-","-","-","0","0","0","0","0","0","0","0","-","0","0","0","0","0","0","0","0","0","0","0","0","0","0","0","0","0","0","0","0","0","0","0","0","0","0","0","0","0","0","0","0","0","0","0","0","0","0","0","0","0","0"
"0x7787917704c0","      LOP3.LUT R6, R7, 0x1000, R6, 0x1e, !PT","0","0","0","912","29184","29184","32","32","0","-","-","-","0","0","0","0","0","0","0","0","-","0","0","0","0","0","0","0","0","0","0","0","0","0","0","0","0","0","0","0","0","0","0","0","0","0","0","0","0","0","0","0","0","0","0","0","0","0","0","0","0","0","0"
"0x7787917704d0","      IMAD.SHL.U32 R7, R4, 0x10, RZ","0","0","0","912","29184","29184","32","32","0","-","-","-","0","0","0","0","0","0","0","0","-","0","0","0","0","0","0","0","0","0","0","0","0","0","0","0","0","0","0","0","0","0","0","0","0","0","0","0","0","0","0","0","0","0","0","0","0","0","0","0","0","0","0"
"0x7787917704e0","      LOP3.LUT R10, R10, 0x1800, RZ, 0xc0, !PT","0","0","0","912","29184","29184","32","32","0","-","-","-","0","0","0","0","0","0","0","0","-","0","0","0","0","0","0","0","0","0","0","0","0","0","0","0","0","0","0","0","0","0","0","0","0","0","0","0","0","0","0","0","0","0","0","0","0","0","0","0","0","0","0"
"0x7787917704f0","      IMAD.SHL.U32 R4, R5, 0x10, RZ","0","0","0","912","29184","29184","32","32","0","-","-","-","0","0","0","0","0","0","0","0","-","0","0","0","0","0","0","0","0","0","0","0","0","0","0","0","0","0","0","0","0","0","0","0","0","0","0","0","0","0","0","0","0","0","0","0","0","0","0","0","0","0","0"
"0x778791770500","      LOP3.LUT R2, R0, 0x300, RZ, 0xc0, !PT","0","0","0","912","29184","29184","32","32","0","-","-","-","0","0","0","0","0","0","0","0","-","0","0","0","0","0","0","0","0","0","0","0","0","0","0","0","0","0","0","0","0","0","0","0","0","0","0","0","0","0","0","0","0","0","0","0","0","0","0","0","0","0","0"
"0x778791770510","      IMAD.SHL.U32 R70, R69, 0x10, RZ","0","0","0","912","29184","29184","32","32","0","-","-","-","0","0","0","0","0","0","0","0","-","0","0","0","0","0","0","0","0","0","0","0","0","0","0","0","0","0","0","0","0","0","0","0","0","0","0","0","0","0","0","0","0","0","0","0","0","0","0","0","0","0","0"
"0x778791770520","      SHF.R.U32.HI R0, RZ, 0x1, R69","0","0","0","912","29184","29184","32","32","0","-","-","-","0","0","0","0","0","0","0","0","-","0","0","0","0","0","0","0","0","0","0","0","0","0","0","0","0","0","0","0","0","0","0","0","0","0","0","0","0","0","0","0","0","0","0","0","0","0","0","0","0","0","0"
"0x778791770530","      IMAD.IADD R10, R9, 0x1, R10","0","0","0","912","29184","29184","32","32","0","-","-","-","0","0","0","0","0","0","0","0","-","0","0","0","0","0","0","0","0","0","0","0","0","0","0","0","0","0","0","0","0","0","0","0","0","0","0","0","0","0","0","0","0","0","0","0","0","0","0","0","0","0","0"
"0x778791770540","      LOP3.LUT R71, R4, R7, R8, 0xfe, !PT","0","0","0","912","29184","29184","32","32","0","-","-","-","0","0","0","0","0","0","0","0","-","0","0","0","0","0","0","0","0","0","0","0","0","0","0","0","0","0","0","0","0","0","0","0","0","0","0","0","0","0","0","0","0","0","0","0","0","0","0","0","0","0","0"
"0x778791770550","      LOP3.LUT R0, R0, R2, R3, 0x1e, !PT","0","0","0","912","29184","29184","32","32","0","-","-","-","0","0","0","0","0","0","0","0","-","0","0","0","0","0","0","0","0","0","0","0","0","0","0","0","0","0","0","0","0","0","0","0","0","0","0","0","0","0","0","0","0","0","0","0","0","0","0","0","0","0","0"
"0x778791770560","      IMAD R69, R69, 0x40, R10","0","0","0","912","29184","29184","32","32","0","-","-","-","0","0","0","0","0","0","0","0","-","0","0","0","0","0","0","0","0","0","0","0","0","0","0","0","0","0","0","0","0","0","0","0","0","0","0","0","0","0","0","0","0","0","0","0","0","0","0","0","0","0","0"
"0x778791770570","      LOP3.LUT R7, R4, R7, R6, 0xfe, !PT","0","0","0","912","29184","29184","32","32","0","-","-","-","0","0","0","0","0","0","0","0","-","0","0","0","0","0","0","0","0","0","0","0","0","0","0","0","0","0","0","0","0","0","0","0","0","0","0","0","0","0","0","0","0","0","0","0","0","0","0","0","0","0","0"
"0x778791770580","      LOP3.LUT R71, R71, R70, RZ, 0xfc, !PT","0","0","0","912","29184","29184","32","32","0","-","-","-","0","0","0","0","0","0","0","0","-","0","0","0","0","0","0","0","0","0","0","0","0","0","0","0","0","0","0","0","0","0","0","0","0","0","0","0","0","0","0","0","0","0","0","0","0","0","0","0","0","0","0"
"0x778791770590","      LOP3.LUT R196, R0, 0x80, RZ, 0xfc, !PT","0","0","0","912","29184","29184","32","32","0","-","-","-","0","0","0","0","0","0","0","0","-","0","0","0","0","0","0","0","0","0","0","0","0","0","0","0","0","0","0","0","0","0","0","0","0","0","0","0","0","0","0","0","0","0","0","0","0","0","0","0","0","0","0"
"0x7787917705a0","      LOP3.LUT R195, R0, 0x88, RZ, 0x3c, !PT","0","0","0","912","29184","29184","32","32","0","-","-","-","0","0","0","0","0","0","0","0","-","0","0","0","0","0","0","0","0","0","0","0","0","0","0","0","0","0","0","0","0","0","0","0","0","0","0","0","0","0","0","0","0","0","0","0","0","0","0","0","0","0","0"
"0x7787917705b0","      LOP3.LUT R194, R0, 0x400, RZ, 0xfc, !PT","0","0","0","912","29184","29184","32","32","0","-","-","-","0","0","0","0","0","0","0","0","-","0","0","0","0","0","0","0","0","0","0","0","0","0","0","0","0","0","0","0","0","0","0","0","0","0","0","0","0","0","0","0","0","0","0","0","0","0","0","0","0","0","0"
"0x7787917705c0","      LOP3.LUT R193, R0, 0x480, RZ, 0xfc, !PT","0","0","0","912","29184","29184","32","32","0","-","-","-","0","0","0","0","0","0","0","0","-","0","0","0","0","0","0","0","0","0","0","0","0","0","0","0","0","0","0","0","0","0","0","0","0","0","0","0","0","0","0","0","0","0","0","0","0","0","0","0","0","0","0"
"0x7787917705d0","      LOP3.LUT R192, R0, 0x408, RZ, 0x3c, !PT","0","0","0","912","29184","29184","32","32","0","-","-","-","0","0","0","0","0","0","0","0","-","0","0","0","0","0","0","0","0","0","0","0","0","0","0","0","0","0","0","0","0","0","0","0","0","0","0","0","0","0","0","0","0","0","0","0","0","0","0","0","0","0","0"
"0x7787917705e0","      LOP3.LUT R70, R7, R70, RZ, 0xfc, !PT","0","0","0","912","29184","29184","32","32","0","-","-","-","0","0","0","0","0","0","0","0","-","0","0","0","0","0","0","0","0","0","0","0","0","0","0","0","0","0","0","0","0","0","0","0","0","0","0","0","0","0","0","0","0","0","0","0","0","0","0","0","0","0","0"
"0x7787917705f0","      LOP3.LUT R68, R68, 0x7f8, RZ, 0xc0, !PT","1","0","1","912","29184","29184","32","32","0","-","-","-","0","0","0","0","0","0","0","0","-","0","0","0","0","0","0","0","0","0","0","0","0","0","0","0","0","0","0","0","1","0","0","0","0","0","0","0","0","0","0","0","0","0","0","0","0","0","0","0","0","0","0"
"0x778791770600","      LOP3.LUT R0, R0, 0x488, RZ, 0x3c, !PT","0","0","0","912","29184","29184","32","32","0","-","-","-","0","0","0","0","0","0","0","0","-","0","0","0","0","0","0","0","0","0","0","0","0","0","0","0","0","0","0","0","0","0","0","0","0","0","0","0","0","0","0","0","0","0","0","0","0","0","0","0","0","0","0"
"0x778791770610","      LDC R72, c[0x0][0x22c]","7","6","7","4224","135168","135168","32","32","0","-","-","-","0","0","0","0","0","0","0","0","-","0","0","0","0","0","0","0","0","0","0","0","0","0","0","0","0","0","0","0","0","0","0","0","7","0","0","0","0","0","0","0","0","0","0","0","0","0","0","0","0","0","6"
"0x778791770620","      I2FP.F32.U32 R2, UR12","118","110","118","4224","135168","135168","32","32","0","-","-","-","0","0","0","0","0","0","0","0","-","0","0","0","0","0","0","0","0","0","0","0","0","118","0","0","0","0","0","0","0","0","0","0","0","0","0","0","0","0","0","110","0","0","0","0","0","0","0","0","0","0","0"
"0x778791770630","      IMAD.MOV.U32 R3, RZ, RZ, 0x41000000","0","0","0","4224","135168","135168","32","32","0","-","-","-","0","0","0","0","0","0","0","0","-","0","0","0","0","0","0","0","0","0","0","0","0","0","0","0","0","0","0","0","0","0","0","0","0","0","0","0","0","0","0","0","0","0","0","0","0","0","0","0","0","0","0"
"0x778791770640","      SHF.R.U32.HI R11, RZ, 0x2, R197","0","0","0","4224","135168","135168","32","32","0","-","-","-","0","0","0","0","0","0","0","0","-","0","0","0","0","0","0","0","0","0","0","0","0","0","0","0","0","0","0","0","0","0","0","0","0","0","0","0","0","0","0","0","0","0","0","0","0","0","0","0","0","0","0"
"0x778791770650","      IMAD.SHL.U32 R9, R197, 0x2, RZ","1","0","1","4224","135168","135168","32","32","0","-","-","-","0","0","0","0","0","0","0","0","-","0","0","0","0","0","0","0","0","0","0","0","0","0","0","0","0","0","0","0","1","0","0","0","0","0","0","0","0","0","0","0","0","0","0","0","0","0","0","0","0","0","0"
"0x778791770660","      SHF.R.U32.HI R14, RZ, 0x2, R197","1","0","1","4224","135168","135168","32","32","0","-","-","-","0","0","0","0","0","0","0","0","-","0","0","0","0","0","0","0","0","0","0","0","0","0","0","0","0","0","0","0","1","0","0","0","0","0","0","0","0","0","0","0","0","0","0","0","0","0","0","0","0","0","0"
"0x778791770670","      FFMA R2, R2, R3, 1","0","0","0","4224","135168","135168","32","32","0","-","-","-","0","0","0","0","0","0","0","0","-","0","0","0","0","0","0","0","0","0","0","0","0","0","0","0","0","0","0","0","0","0","0","0","0","0","0","0","0","0","0","0","0","0","0","0","0","0","0","0","0","0","0"
"0x778791770680","      ULDC.64 UR4, c[0x0][0x250]","10","9","10","4224","135168","135168","32","32","0","-","-","-","0","0","0","0","0","0","0","0","-","0","0","0","0","0","0","0","0","0","0","8","0","0","0","0","0","0","1","0","1","0","0","0","0","0","0","0","0","8","0","0","0","0","0","0","1","0","0","0","0","0","0"
"0x778791770690","      LDC R81, c[0x0][0x228]","1","0","1","4224","135168","135168","32","32","0","-","-","-","0","0","0","0","0","0","0","0","-","0","0","0","0","0","0","0","0","0","0","0","0","0","0","0","0","0","0","0","1","0","0","0","0","0","0","0","0","0","0","0","0","0","0","0","0","0","0","0","0","0","0"
"0x7787917706a0","      ULDC UR15, c[0x0][0x230]","0","0","0","4224","135168","135168","32","32","0","-","-","-","0","0","0","0","0","0","0","0","-","0","0","0","0","0","0","0","0","0","0","0","0","0","0","0","0","0","0","0","0","0","0","0","0","0","0","0","0","0","0","0","0","0","0","0","0","0","0","0","0","0","0"
"0x7787917706b0","      ULDC.64 UR10, c[0x0][0x218]","1","0","1","4224","135168","135168","32","32","0","-","-","-","0","0","0","0","0","0","0","0","-","0","0","0","0","0","0","0","0","0","0","0","0","0","0","0","0","0","0","0","1","0","0","0","0","0","0","0","0","0","0","0","0","0","0","0","0","0","0","0","0","0","0"
"0x7787917706c0","      MUFU.SQRT R2, R2","2","0","2","4224","135168","135168","32","32","0","-","-","-","0","0","0","0","0","0","0","0","-","0","0","0","0","0","0","0","0","0","0","0","0","0","0","0","0","0","0","0","2","0","0","0","0","0","0","0","0","0","0","0","0","0","0","0","0","0","0","0","0","0","0"
"0x7787917706d0","      LDC.64 R84, c[0x0][0x240]","1","0","1","4224","135168","135168","32","32","0","-","-","-","0","0","0","0","0","0","0","0","-","0","0","0","0","0","0","0","0","0","0","0","0","0","0","0","0","0","0","0","1","0","0","0","0","0","0","0","0","0","0","0","0","0","0","0","0","0","0","0","0","0","0"
"0x7787917706e0","      IABS R4, R72","6","5","6","4224","135168","135168","32","32","0","-","-","-","0","0","0","0","0","0","0","0","-","0","0","0","0","0","0","0","0","0","0","0","0","0","0","0","0","0","0","0","1","5","0","0","0","0","0","0","0","0","0","0","0","0","0","0","0","0","0","5","0","0","0"
"0x7787917706f0","      I2F.RP R8, R4","0","0","0","4224","135168","135168","32","32","0","-","-","-","0","0","0","0","0","0","0","0","-","0","0","0","0","0","0","0","0","0","0","0","0","0","0","0","0","0","0","0","0","0","0","0","0","0","0","0","0","0","0","0","0","0","0","0","0","0","0","0","0","0","0"
"0x778791770700","      FADD R3, R2, -1","0","0","0","4224","135168","135168","32","32","0","-","-","-","0","0","0","0","0","0","0","0","-","0","0","0","0","0","0","0","0","0","0","0","0","0","0","0","0","0","0","0","0","0","0","0","0","0","0","0","0","0","0","0","0","0","0","0","0","0","0","0","0","0","0"
"0x778791770710","      LOP3.LUT R2, R197, 0x10, RZ, 0xc0, !PT","0","0","0","4224","135168","135168","32","32","0","-","-","-","0","0","0","0","0","0","0","0","-","0","0","0","0","0","0","0","0","0","0","0","0","0","0","0","0","0","0","0","0","0","0","0","0","0","0","0","0","0","0","0","0","0","0","0","0","0","0","0","0","0","0"
"0x778791770720","      FMUL R3, R3, 0.5","0","0","0","4224","135168","135168","32","32","0","-","-","-","0","0","0","0","0","0","0","0","-","0","0","0","0","0","0","0","0","0","0","0","0","0","0","0","0","0","0","0","0","0","0","0","0","0","0","0","0","0","0","0","0","0","0","0","0","0","0","0","0","0","0"
"0x778791770730","      SHF.R.U32.HI R2, RZ, 0x2, R2","0","0","0","4224","135168","135168","32","32","0","-","-","-","0","0","0","0","0","0","0","0","-","0","0","0","0","0","0","0","0","0","0","0","0","0","0","0","0","0","0","0","0","0","0","0","0","0","0","0","0","0","0","0","0","0","0","0","0","0","0","0","0","0","0"
"0x778791770740","      F2I.FTZ.FLOOR.NTZ R10, R3","2","0","2","4224","135168","135168","32","32","0","-","-","-","0","0","0","0","0","0","0","0","-","0","0","0","0","0","0","0","0","0","0","0","0","0","0","0","0","0","0","1","1","0","0","0","0","0","0","0","0","0","0","0","0","0","0","0","0","0","0","0","0","0","0"
"0x778791770750","      MUFU.RCP R8, R8","2","2","2","4224","135168","135168","32","32","0","-","-","-","0","0","0","0","0","0","0","0","-","0","0","0","0","0","0","0","0","0","0","0","0","0","0","0","1","0","0","0","0","0","0","0","1","0","0","0","0","0","0","0","0","0","1","0","0","0","0","0","0","0","1"
"0x778791770760","      SGXT.U32 R3, R11, 0x2","3","1","3","4224","135168","135168","32","32","0","-","-","-","0","0","0","0","0","0","0","0","-","0","0","0","0","0","0","0","0","0","0","0","0","0","1","0","0","0","0","0","1","1","0","0","0","0","0","0","0","0","0","0","0","0","0","0","0","0","0","1","0","0","0"
"0x778791770770","      IMAD R5, R10, R10, R10","0","0","0","4224","135168","135168","32","32","0","-","-","-","0","0","0","0","0","0","0","0","-","0","0","0","0","0","0","0","0","0","0","0","0","0","0","0","0","0","0","0","0","0","0","0","0","0","0","0","0","0","0","0","0","0","0","0","0","0","0","0","0","0","0"
"0x778791770780","      IMAD.SHL.U32 R10, R10, 0x80, RZ","0","0","0","4224","135168","135168","32","32","0","-","-","-","0","0","0","0","0","0","0","0","-","0","0","0","0","0","0","0","0","0","0","0","0","0","0","0","0","0","0","0","0","0","0","0","0","0","0","0","0","0","0","0","0","0","0","0","0","0","0","0","0","0","0"
"0x778791770790","      LEA.HI R5, R5, R5, RZ, 0x1","1","1","1","4224","135168","135168","32","32","0","-","-","-","0","0","0","0","0","0","0","0","-","0","0","0","0","0","0","0","0","0","0","0","0","0","0","0","0","0","0","0","0","0","0","0","1","0","0","0","0","0","0","0","0","0","0","0","0","0","0","0","0","0","1"
"0x7787917707a0","      SHF.R.S32.HI R5, RZ, 0x1, R5","0","0","0","4224","135168","135168","32","32","0","-","-","-","0","0","0","0","0","0","0","0","-","0","0","0","0","0","0","0","0","0","0","0","0","0","0","0","0","0","0","0","0","0","0","0","0","0","0","0","0","0","0","0","0","0","0","0","0","0","0","0","0","0","0"
"0x7787917707b0","      VIADD R6, R8, 0xffffffe","2","0","2","4224","135168","135168","32","32","0","-","-","-","0","0","0","0","0","0","0","0","-","0","0","0","0","0","0","0","0","0","0","0","0","0","0","0","0","0","0","0","2","0","0","0","0","0","0","0","0","0","0","0","0","0","0","0","0","0","0","0","0","0","0"
"0x7787917707c0","      IADD3 R5, -R5, UR12, RZ","2","1","2","4224","135168","135168","32","32","0","-","-","-","0","0","0","0","0","0","0","0","-","0","0","0","0","0","0","0","0","0","0","0","0","0","0","0","0","0","0","0","1","0","0","0","1","0","0","0","0","0","0","0","0","0","0","0","0","0","0","0","0","0","1"
"0x7787917707d0","      F2I.FTZ.U32.TRUNC.NTZ R7, R6","1","0","1","4224","135168","135168","32","32","0","-","-","-","0","0","0","0","0","0","0","0","-","0","0","0","0","0","0","0","0","0","0","0","0","0","0","0","0","0","0","0","1","0","0","0","0","0","0","0","0","0","0","0","0","0","0","0","0","0","0","0","0","0","0"
"0x7787917707e0","      IMAD.SHL.U32 R12, R5, 0x80, RZ","0","0","0","4224","135168","135168","32","32","0","-","-","-","0","0","0","0","0","0","0","0","-","0","0","0","0","0","0","0","0","0","0","0","0","0","0","0","0","0","0","0","0","0","0","0","0","0","0","0","0","0","0","0","0","0","0","0","0","0","0","0","0","0","0"
"0x7787917707f0","      LOP3.LUT R5, R3, R2, RZ, 0xfc, !PT","0","0","0","4224","135168","135168","32","32","0","-","-","-","0","0","0","0","0","0","0","0","-","0","0","0","0","0","0","0","0","0","0","0","0","0","0","0","0","0","0","0","0","0","0","0","0","0","0","0","0","0","0","0","0","0","0","0","0","0","0","0","0","0","0"
"0x778791770800","      LOP3.LUT R2, R197, 0x20, RZ, 0xc0, !PT","1","1","1","4224","135168","135168","32","32","0","-","-","-","0","0","0","0","0","0","0","0","-","0","0","0","0","0","0","0","0","0","0","0","0","0","0","0","0","0","0","0","0","0","0","0","1","0","0","0","0","0","0","0","0","0","0","0","0","0","0","0","0","0","1"
"0x778791770810","      LOP3.LUT R16, R12, 0x6, R9, 0xf8, !PT","0","0","0","4224","135168","135168","32","32","0","-","-","-","0","0","0","0","0","0","0","0","-","0","0","0","0","0","0","0","0","0","0","0","0","0","0","0","0","0","0","0","0","0","0","0","0","0","0","0","0","0","0","0","0","0","0","0","0","0","0","0","0","0","0"
"0x778791770820","      IMAD.MOV.U32 R6, RZ, RZ, RZ","1","1","1","4224","135168","135168","32","32","0","-","-","-","0","0","0","0","0","0","0","0","-","0","0","0","0","0","0","0","0","0","0","0","0","0","0","0","0","0","0","0","0","1","0","0","0","0","0","0","0","0","0","0","0","0","0","0","0","0","0","1","0","0","0"
"0x778791770830","      LOP3.LUT R13, R16, 0x8, RZ, 0xfc, !PT","1","0","1","4224","135168","135168","32","32","0","-","-","-","0","0","0","0","0","0","0","0","-","0","0","0","0","0","0","0","0","0","0","0","0","0","0","0","0","0","0","0","0","0","0","0","1","0","0","0","0","0","0","0","0","0","0","0","0","0","0","0","0","0","0"
"0x778791770840","      IMAD.MOV R8, RZ, RZ, -R7","1","0","1","4224","135168","135168","32","32","0","-","-","-","0","0","0","0","0","0","0","0","-","0","0","0","0","0","0","0","0","0","0","0","0","0","0","0","0","0","0","0","1","0","0","0","0","0","0","0","0","0","0","0","0","0","0","0","0","0","0","0","0","0","0"
"0x778791770850","      LOP3.LUT R18, R16, 0x9, RZ, 0xfc, !PT","0","0","0","4224","135168","135168","32","32","0","-","-","-","0","0","0","0","0","0","0","0","-","0","0","0","0","0","0","0","0","0","0","0","0","0","0","0","0","0","0","0","0","0","0","0","0","0","0","0","0","0","0","0","0","0","0","0","0","0","0","0","0","0","0"
"0x778791770860","      IABS R9, R13","0","0","0","4224","135168","135168","32","32","0","-","-","-","0","0","0","0","0","0","0","0","-","0","0","0","0","0","0","0","0","0","0","0","0","0","0","0","0","0","0","0","0","0","0","0","0","0","0","0","0","0","0","0","0","0","0","0","0","0","0","0","0","0","0"
"0x778791770870","      IMAD.MOV.U32 R11, RZ, RZ, R8","0","0","0","4224","135168","135168","32","32","0","-","-","-","0","0","0","0","0","0","0","0","-","0","0","0","0","0","0","0","0","0","0","0","0","0","0","0","0","0","0","0","0","0","0","0","0","0","0","0","0","0","0","0","0","0","0","0","0","0","0","0","0","0","0"
"0x778791770880","      LOP3.LUT R8, R197, 0x40, RZ, 0xc0, !PT","1","0","1","4224","135168","135168","32","32","0","-","-","-","0","0","0","0","0","0","0","0","-","0","0","0","0","0","0","0","0","0","0","0","0","0","0","0","0","0","0","0","1","0","0","0","0","0","0","0","0","0","0","0","0","0","0","0","0","0","0","0","0","0","0"
"0x778791770890","      IABS R15, R18","1","0","1","4224","135168","135168","32","32","0","-","-","-","0","0","0","0","0","0","0","0","-","0","0","0","0","0","0","0","0","0","0","0","0","0","1","0","0","0","0","0","0","0","0","0","0","0","0","0","0","0","0","0","0","0","0","0","0","0","0","0","0","0","0"
"0x7787917708a0","      IMAD R3, R11, R4, RZ","0","0","0","4224","135168","135168","32","32","0","-","-","-","0","0","0","0","0","0","0","0","-","0","0","0","0","0","0","0","0","0","0","0","0","0","0","0","0","0","0","0","0","0","0","0","0","0","0","0","0","0","0","0","0","0","0","0","0","0","0","0","0","0","0"
"0x7787917708b0","      LOP3.LUT R11, R16, 0x1, RZ, 0xfc, !PT","0","0","0","4224","135168","135168","32","32","0","-","-","-","0","0","0","0","0","0","0","0","-","0","0","0","0","0","0","0","0","0","0","0","0","0","0","0","0","0","0","0","0","0","0","0","0","0","0","0","0","0","0","0","0","0","0","0","0","0","0","0","0","0","0"
"0x7787917708c0","      SHF.R.U32.HI R8, RZ, 0x1, R8","0","0","0","4224","135168","135168","32","32","0","-","-","-","0","0","0","0","0","0","0","0","-","0","0","0","0","0","0","0","0","0","0","0","0","0","0","0","0","0","0","0","0","0","0","0","0","0","0","0","0","0","0","0","0","0","0","0","0","0","0","0","0","0","0"
"0x7787917708d0","      IMAD.HI.U32 R6, R7, R3, R6","0","0","0","4224","135168","135168","32","32","0","-","-","-","0","0","0","0","0","0","0","0","-","0","0","0","0","0","0","0","0","0","0","0","0","0","0","0","0","0","0","0","0","0","0","0","0","0","0","0","0","0","0","0","0","0","0","0","0","0","0","0","0","0","0"
"0x7787917708e0","      SHF.R.U32.HI R3, RZ, 0x1, R2","0","0","0","4224","135168","135168","32","32","0","-","-","-","0","0","0","0","0","0","0","0","-","0","0","0","0","0","0","0","0","0","0","0","0","0","0","0","0","0","0","0","0","0","0","0","0","0","0","0","0","0","0","0","0","0","0","0","0","0","0","0","0","0","0"
"0x7787917708f0","      IABS R7, R11","2","1","2","4224","135168","135168","32","32","0","-","-","-","0","0","0","0","0","0","0","0","-","0","0","0","0","0","0","0","0","0","0","0","0","0","0","0","0","0","0","0","1","0","0","0","1","0","0","0","0","0","0","0","0","0","0","0","0","0","0","0","0","0","1"
"0x778791770900","      LOP3.LUT R2, R197, 0x80, RZ, 0xc0, !PT","1","1","1","4224","135168","135168","32","32","0","-","-","-","0","0","0","0","0","0","0","0","-","0","0","0","0","0","0","0","0","0","0","0","0","0","0","0","0","0","0","0","0","0","0","0","1","0","0","0","0","0","0","0","0","0","0","0","0","0","0","0","0","0","1"
"0x778791770910","      IMAD.IADD R3, R3, 0x1, R8","0","0","0","4224","135168","135168","32","32","0","-","-","-","0","0","0","0","0","0","0","0","-","0","0","0","0","0","0","0","0","0","0","0","0","0","0","0","0","0","0","0","0","0","0","0","0","0","0","0","0","0","0","0","0","0","0","0","0","0","0","0","0","0","0"
"0x778791770920","      LOP3.LUT R20, R16, 0x11, RZ, 0xfc, !PT","0","0","0","4224","135168","135168","32","32","0","-","-","-","0","0","0","0","0","0","0","0","-","0","0","0","0","0","0","0","0","0","0","0","0","0","0","0","0","0","0","0","0","0","0","0","0","0","0","0","0","0","0","0","0","0","0","0","0","0","0","0","0","0","0"
"0x778791770930","      SHF.R.U32.HI R8, RZ, 0x1, R2","1","0","1","4224","135168","135168","32","32","0","-","-","-","0","0","0","0","0","0","0","0","-","0","0","0","0","0","0","0","0","0","0","0","0","0","0","0","0","0","0","1","0","0","0","0","0","0","0","0","0","0","0","0","0","0","0","0","0","0","0","0","0","0","0"
"0x778791770940","      IMAD.HI.U32 R2, R6, R7, RZ","0","0","0","4224","135168","135168","32","32","0","-","-","-","0","0","0","0","0","0","0","0","-","0","0","0","0","0","0","0","0","0","0","0","0","0","0","0","0","0","0","0","0","0","0","0","0","0","0","0","0","0","0","0","0","0","0","0","0","0","0","0","0","0","0"
"0x778791770950","      LOP3.LUT R22, R16, 0x18, RZ, 0xfc, !PT","0","0","0","4224","135168","135168","32","32","0","-","-","-","0","0","0","0","0","0","0","0","-","0","0","0","0","0","0","0","0","0","0","0","0","0","0","0","0","0","0","0","0","0","0","0","0","0","0","0","0","0","0","0","0","0","0","0","0","0","0","0","0","0","0"
"0x778791770960","      LOP3.LUT R3, R8, R3, R5, 0xfe, !PT","2","0","2","4224","135168","135168","32","32","0","-","-","-","0","0","0","0","0","0","0","0","-","0","0","0","0","0","0","0","0","0","0","0","0","0","1","0","0","0","0","1","0","0","0","0","0","0","0","0","0","0","0","0","0","0","0","0","0","0","0","0","0","0","0"
"0x778791770970","      IMAD.MOV R8, RZ, RZ, -R2","0","0","0","4224","135168","135168","32","32","0","-","-","-","0","0","0","0","0","0","0","0","-","0","0","0","0","0","0","0","0","0","0","0","0","0","0","0","0","0","0","0","0","0","0","0","0","0","0","0","0","0","0","0","0","0","0","0","0","0","0","0","0","0","0"
"0x778791770980","      LOP3.LUT R5, R5, 0x38, R14, 0xf8, !PT","0","0","0","4224","135168","135168","32","32","0","-","-","-","0","0","0","0","0","0","0","0","-","0","0","0","0","0","0","0","0","0","0","0","0","0","0","0","0","0","0","0","0","0","0","0","0","0","0","0","0","0","0","0","0","0","0","0","0","0","0","0","0","0","0"
"0x778791770990","      IMAD.HI.U32 R2, R6, R9, RZ","2","0","2","4224","135168","135168","32","32","0","-","-","-","0","0","0","0","0","0","0","0","-","0","0","0","0","0","0","0","0","0","0","0","0","0","0","0","0","0","0","0","2","0","0","0","0","0","0","0","0","0","0","0","0","0","0","0","0","0","0","0","0","0","0"
"0x7787917709a0","      LOP3.LUT R14, R16, 0x10, RZ, 0xfc, !PT","0","0","0","4224","135168","135168","32","32","0","-","-","-","0","0","0","0","0","0","0","0","-","0","0","0","0","0","0","0","0","0","0","0","0","0","0","0","0","0","0","0","0","0","0","0","0","0","0","0","0","0","0","0","0","0","0","0","0","0","0","0","0","0","0"
"0x7787917709b0","      IABS R19, R20","1","1","1","4224","135168","135168","32","32","0","-","-","-","0","0","0","0","0","0","0","0","-","0","0","0","0","0","0","0","0","0","0","0","0","0","0","0","0","0","0","0","0","0","0","0","1","0","0","0","0","0","0","0","0","0","0","0","0","0","0","0","0","0","1"
"0x7787917709c0","      IMAD R7, R4, R8, R7","1","0","1","4224","135168","135168","32","32","0","-","-","-","0","0","0","0","0","0","0","0","-","0","0","0","0","0","0","0","0","0","0","0","0","0","0","0","0","0","0","0","1","0","0","0","0","0","0","0","0","0","0","0","0","0","0","0","0","0","0","0","0","0","0"
"0x7787917709d0","      IABS R17, R14","1","0","1","4224","135168","135168","32","32","0","-","-","-","0","0","0","0","0","0","0","0","-","0","0","0","0","0","0","0","0","0","0","0","0","0","0","0","0","0","0","0","1","0","0","0","0","0","0","0","0","0","0","0","0","0","0","0","0","0","0","0","0","0","0"
"0x7787917709e0","      IMAD.HI.U32 R8, R6, R15, RZ","0","0","0","4224","135168","135168","32","32","0","-","-","-","0","0","0","0","0","0","0","0","-","0","0","0","0","0","0","0","0","0","0","0","0","0","0","0","0","0","0","0","0","0","0","0","0","0","0","0","0","0","0","0","0","0","0","0","0","0","0","0","0","0","0"
"0x7787917709f0","      ISETP.GE.AND P0, PT, R13, RZ, PT","0","0","0","4224","135168","135168","32","32","0","-","-","-","0","0","0","0","0","0","0","0","-","0","0","0","0","0","0","0","0","0","0","0","0","0","0","0","0","0","0","0","0","0","0","0","0","0","0","0","0","0","0","0","0","0","0","0","0","0","0","0","0","0","0"
"0x778791770a00","      ISETP.GT.U32.AND P1, PT, R4, R7, PT","5","0","5","4224","135168","135168","32","32","0","-","-","-","0","0","0","0","0","0","0","0","-","0","0","0","0","0","0","0","0","0","0","0","0","0","2","0","0","0","0","1","2","0","0","0","0","0","0","0","0","0","0","0","0","0","0","0","0","0","0","0","0","0","0"
"0x778791770a10","      IMAD.MOV R2, RZ, RZ, -R2","0","0","0","4224","135168","135168","32","32","0","-","-","-","0","0","0","0","0","0","0","0","-","0","0","0","0","0","0","0","0","0","0","0","0","0","0","0","0","0","0","0","0","0","0","0","0","0","0","0","0","0","0","0","0","0","0","0","0","0","0","0","0","0","0"
"0x778791770a20","      IABS R13, R22","0","0","0","4224","135168","135168","32","32","0","-","-","-","0","0","0","0","0","0","0","0","-","0","0","0","0","0","0","0","0","0","0","0","0","0","0","0","0","0","0","0","0","0","0","0","0","0","0","0","0","0","0","0","0","0","0","0","0","0","0","0","0","0","0"
"0x778791770a30","      IMAD.MOV R8, RZ, RZ, -R8","0","0","0","4224","135168","135168","32","32","0","-","-","-","0","0","0","0","0","0","0","0","-","0","0","0","0","0","0","0","0","0","0","0","0","0","0","0","0","0","0","0","0","0","0","0","0","0","0","0","0","0","0","0","0","0","0","0","0","0","0","0","0","0","0"
"0x778791770a40","      ISETP.GE.AND P2, PT, R11, RZ, PT","0","0","0","4224","135168","135168","32","32","0","-","-","-","0","0","0","0","0","0","0","0","-","0","0","0","0","0","0","0","0","0","0","0","0","0","0","0","0","0","0","0","0","0","0","0","0","0","0","0","0","0","0","0","0","0","0","0","0","0","0","0","0","0","0"
"0x778791770a50","      IMAD R9, R4, R2, R9","0","0","0","4224","135168","135168","32","32","0","-","-","-","0","0","0","0","0","0","0","0","-","0","0","0","0","0","0","0","0","0","0","0","0","0","0","0","0","0","0","0","0","0","0","0","0","0","0","0","0","0","0","0","0","0","0","0","0","0","0","0","0","0","0"
"0x778791770a60","      LOP3.LUT R24, R16, 0x19, RZ, 0xfc, !PT","0","0","0","4224","135168","135168","32","32","0","-","-","-","0","0","0","0","0","0","0","0","-","0","0","0","0","0","0","0","0","0","0","0","0","0","0","0","0","0","0","0","0","0","0","0","0","0","0","0","0","0","0","0","0","0","0","0","0","0","0","0","0","0","0"
"0x778791770a70","      IMAD R15, R4, R8, R15","0","0","0","4224","135168","135168","32","32","0","-","-","-","0","0","0","0","0","0","0","0","-","0","0","0","0","0","0","0","0","0","0","0","0","0","0","0","0","0","0","0","0","0","0","0","0","0","0","0","0","0","0","0","0","0","0","0","0","0","0","0","0","0","0"
"0x778791770a80","      ISETP.GE.AND P3, PT, R18, RZ, PT","0","0","0","4224","135168","135168","32","32","0","-","-","-","0","0","0","0","0","0","0","0","-","0","0","0","0","0","0","0","0","0","0","0","0","0","0","0","0","0","0","0","0","0","0","0","0","0","0","0","0","0","0","0","0","0","0","0","0","0","0","0","0","0","0"
"0x778791770a90","      IMAD.HI.U32 R2, R6, R17, RZ","0","0","0","4224","135168","135168","32","32","0","-","-","-","0","0","0","0","0","0","0","0","-","0","0","0","0","0","0","0","0","0","0","0","0","0","0","0","0","0","0","0","0","0","0","0","0","0","0","0","0","0","0","0","0","0","0","0","0","0","0","0","0","0","0"
"0x778791770aa0","      ISETP.GT.U32.AND P4, PT, R4, R9, PT","1","0","1","4224","135168","135168","32","32","0","-","-","-","0","0","0","0","0","0","0","0","-","0","0","0","0","0","0","0","0","0","0","0","0","0","0","0","0","0","0","0","1","0","0","0","0","0","0","0","0","0","0","0","0","0","0","0","0","0","0","0","0","0","0"
"0x778791770ab0","      ISETP.GT.U32.AND P5, PT, R4, R15, PT","1","0","1","4224","135168","135168","32","32","0","-","-","-","0","0","0","0","0","0","0","0","-","0","0","0","0","0","0","0","0","0","0","0","0","0","0","0","0","0","0","1","0","0","0","0","0","0","0","0","0","0","0","0","0","0","0","0","0","0","0","0","0","0","0"
"0x778791770ac0","@!P1  IMAD.IADD R7, R7, 0x1, -R4","0","0","0","4224","135168","0","32","0","0","-","-","-","0","0","0","0","0","0","0","0","-","0","0","0","0","0","0","0","0","0","0","0","0","0","0","0","0","0","0","0","0","0","0","0","0","0","0","0","0","0","0","0","0","0","0","0","0","0","0","0","0","0","0"
"0x778791770ad0","      IABS R23, R24","2","0","2","4224","135168","135168","32","32","0","-","-","-","0","0","0","0","0","0","0","0","-","0","0","0","0","0","0","0","0","2","0","0","0","0","0","0","0","0","0","0","0","0","0","0","0","0","0","0","0","0","0","0","0","0","0","0","0","0","0","0","0","0","0"
"0x778791770ae0","      IMAD.MOV R8, RZ, RZ, -R2","0","0","0","4224","135168","135168","32","32","0","-","-","-","0","0","0","0","0","0","0","0","-","0","0","0","0","0","0","0","0","0","0","0","0","0","0","0","0","0","0","0","0","0","0","0","0","0","0","0","0","0","0","0","0","0","0","0","0","0","0","0","0","0","0"
"0x778791770af0","      LOP3.LUT R18, R16, 0x21, RZ, 0xfc, !PT","0","0","0","4224","135168","135168","32","32","0","-","-","-","0","0","0","0","0","0","0","0","-","0","0","0","0","0","0","0","0","0","0","0","0","0","0","0","0","0","0","0","0","0","0","0","0","0","0","0","0","0","0","0","0","0","0","0","0","0","0","0","0","0","0"
"0x778791770b00","      IMAD.HI.U32 R2, R6, R19, RZ","0","0","0","4224","135168","135168","32","32","0","-","-","-","0","0","0","0","0","0","0","0","-","0","0","0","0","0","0","0","0","0","0","0","0","0","0","0","0","0","0","0","0","0","0","0","0","0","0","0","0","0","0","0","0","0","0","0","0","0","0","0","0","0","0"
"0x778791770b10","      ISETP.GT.U32.AND P1, PT, R4, R7, PT","0","0","0","4224","135168","135168","32","32","0","-","-","-","0","0","0","0","0","0","0","0","-","0","0","0","0","0","0","0","0","0","0","0","0","0","0","0","0","0","0","0","0","0","0","0","0","0","0","0","0","0","0","0","0","0","0","0","0","0","0","0","0","0","0"
"0x778791770b20","      IABS R27, R18","0","0","0","4224","135168","135168","32","32","0","-","-","-","0","0","0","0","0","0","0","0","-","0","0","0","0","0","0","0","0","0","0","0","0","0","0","0","0","0","0","0","0","0","0","0","0","0","0","0","0","0","0","0","0","0","0","0","0","0","0","0","0","0","0"
"0x778791770b30","      IMAD R17, R4, R8, R17","0","0","0","4224","135168","135168","32","32","0","-","-","-","0","0","0","0","0","0","0","0","-","0","0","0","0","0","0","0","0","0","0","0","0","0","0","0","0","0","0","0","0","0","0","0","0","0","0","0","0","0","0","0","0","0","0","0","0","0","0","0","0","0","0"
"0x778791770b40","      LOP3.LUT R26, R16, 0x58, RZ, 0xfc, !PT","0","0","0","4224","135168","135168","32","32","0","-","-","-","0","0","0","0","0","0","0","0","-","0","0","0","0","0","0","0","0","0","0","0","0","0","0","0","0","0","0","0","0","0","0","0","0","0","0","0","0","0","0","0","0","0","0","0","0","0","0","0","0","0","0"
"0x778791770b50","@!P4  IMAD.IADD R9, R9, 0x1, -R4","1","0","1","4224","135168","0","32","0","0","-","-","-","0","0","0","0","0","0","0","0","-","0","0","0","0","0","0","0","0","0","0","0","0","0","0","0","0","0","0","0","1","0","0","0","0","0","0","0","0","0","0","0","0","0","0","0","0","0","0","0","0","0","0"
"0x778791770b60","@!P5  IMAD.IADD R15, R15, 0x1, -R4","1","1","1","4224","135168","0","32","0","0","-","-","-","0","0","0","0","0","0","0","0","-","0","0","0","0","0","0","0","0","0","0","0","0","0","1","0","0","0","0","0","0","0","0","0","0","0","0","0","0","0","0","0","1","0","0","0","0","0","0","0","0","0","0"
"0x778791770b70","      ISETP.GT.U32.AND P4, PT, R4, R17, PT","0","0","0","4224","135168","135168","32","32","0","-","-","-","0","0","0","0","0","0","0","0","-","0","0","0","0","0","0","0","0","0","0","0","0","0","0","0","0","0","0","0","0","0","0","0","0","0","0","0","0","0","0","0","0","0","0","0","0","0","0","0","0","0","0"
"0x778791770b80","      IMAD.HI.U32 R8, R6, R13, RZ","0","0","0","4224","135168","135168","32","32","0","-","-","-","0","0","0","0","0","0","0","0","-","0","0","0","0","0","0","0","0","0","0","0","0","0","0","0","0","0","0","0","0","0","0","0","0","0","0","0","0","0","0","0","0","0","0","0","0","0","0","0","0","0","0"
"0x778791770b90","      ISETP.GT.U32.AND P5, PT, R4, R9, PT","1","0","1","4224","135168","135168","32","32","0","-","-","-","0","0","0","0","0","0","0","0","-","0","0","0","0","0","0","0","0","1","0","0","0","0","0","0","0","0","0","0","0","0","0","0","0","0","0","0","0","0","0","0","0","0","0","0","0","0","0","0","0","0","0"
"0x778791770ba0","      ISETP.GT.U32.AND P6, PT, R4, R15, PT","2","1","2","4224","135168","135168","32","32","0","-","-","-","0","0","0","0","0","0","0","0","-","0","0","0","0","0","0","0","0","0","0","0","0","0","0","0","0","0","0","1","0","0","0","0","1","0","0","0","0","0","0","0","0","0","0","0","0","0","0","0","0","0","1"
"0x778791770bb0","      IMAD.MOV R2, RZ, RZ, -R2","0","0","0","4224","135168","135168","32","32","0","-","-","-","0","0","0","0","0","0","0","0","-","0","0","0","0","0","0","0","0","0","0","0","0","0","0","0","0","0","0","0","0","0","0","0","0","0","0","0","0","0","0","0","0","0","0","0","0","0","0","0","0","0","0"
"0x778791770bc0","      IABS R53, R26","0","0","0","4224","135168","135168","32","32","0","-","-","-","0","0","0","0","0","0","0","0","-","0","0","0","0","0","0","0","0","0","0","0","0","0","0","0","0","0","0","0","0","0","0","0","0","0","0","0","0","0","0","0","0","0","0","0","0","0","0","0","0","0","0"
"0x778791770bd0","@!P1  IMAD.IADD R7, R7, 0x1, -R4","0","0","0","4224","135168","0","32","0","0","-","-","-","0","0","0","0","0","0","0","0","-","0","0","0","0","0","0","0","0","0","0","0","0","0","0","0","0","0","0","0","0","0","0","0","0","0","0","0","0","0","0","0","0","0","0","0","0","0","0","0","0","0","0"
"0x778791770be0","      IMAD.MOV R8, RZ, RZ, -R8","1","0","1","4224","135168","135168","32","32","0","-","-","-","0","0","0","0","0","0","0","0","-","0","0","0","0","0","0","0","0","0","0","0","0","0","0","0","0","0","0","0","0","0","0","0","1","0","0","0","0","0","0","0","0","0","0","0","0","0","0","0","0","0","0"
"0x778791770bf0","      IMAD R19, R4, R2, R19","1","0","1","4224","135168","135168","32","32","0","-","-","-","0","0","0","0","0","0","0","0","-","0","0","0","0","0","0","0","0","0","0","0","0","0","0","0","0","0","0","1","0","0","0","0","0","0","0","0","0","0","0","0","0","0","0","0","0","0","0","0","0","0","0"
"0x778791770c00","      IMAD.MOV.U32 R11, RZ, RZ, R7","0","0","0","4224","135168","135168","32","32","0","-","-","-","0","0","0","0","0","0","0","0","-","0","0","0","0","0","0","0","0","0","0","0","0","0","0","0","0","0","0","0","0","0","0","0","0","0","0","0","0","0","0","0","0","0","0","0","0","0","0","0","0","0","0"
"0x778791770c10","      IMAD R7, R4, R8, R13","0","0","0","4224","135168","135168","32","32","0","-","-","-","0","0","0","0","0","0","0","0","-","0","0","0","0","0","0","0","0","0","0","0","0","0","0","0","0","0","0","0","0","0","0","0","0","0","0","0","0","0","0","0","0","0","0","0","0","0","0","0","0","0","0"
"0x778791770c20","      ISETP.GT.U32.AND P1, PT, R4, R19, PT","0","0","0","4224","135168","135168","32","32","0","-","-","-","0","0","0","0","0","0","0","0","-","0","0","0","0","0","0","0","0","0","0","0","0","0","0","0","0","0","0","0","0","0","0","0","0","0","0","0","0","0","0","0","0","0","0","0","0","0","0","0","0","0","0"
"0x778791770c30","@!P5  IMAD.IADD R9, R9, 0x1, -R4","1","0","1","4224","135168","0","32","0","0","-","-","-","0","0","0","0","0","0","0","0","-","0","0","0","0","0","0","0","0","0","0","0","0","0","0","0","0","0","0","0","1","0","0","0","0","0","0","0","0","0","0","0","0","0","0","0","0","0","0","0","0","0","0"
"0x778791770c40","@!P2  IMAD.MOV R11, RZ, RZ, -R11","0","0","0","4224","135168","0","32","0","0","-","-","-","0","0","0","0","0","0","0","0","-","0","0","0","0","0","0","0","0","0","0","0","0","0","0","0","0","0","0","0","0","0","0","0","0","0","0","0","0","0","0","0","0","0","0","0","0","0","0","0","0","0","0"
"0x778791770c50","      ISETP.GT.U32.AND P5, PT, R4, R7, PT","0","0","0","4224","135168","135168","32","32","0","-","-","-","0","0","0","0","0","0","0","0","-","0","0","0","0","0","0","0","0","0","0","0","0","0","0","0","0","0","0","0","0","0","0","0","0","0","0","0","0","0","0","0","0","0","0","0","0","0","0","0","0","0","0"
"0x778791770c60","@!P4  IMAD.IADD R17, R17, 0x1, -R4","0","0","0","4224","135168","0","32","0","0","-","-","-","0","0","0","0","0","0","0","0","-","0","0","0","0","0","0","0","0","0","0","0","0","0","0","0","0","0","0","0","0","0","0","0","0","0","0","0","0","0","0","0","0","0","0","0","0","0","0","0","0","0","0"
"0x778791770c70","      ISETP.GE.AND P2, PT, R14, RZ, PT","0","0","0","4224","135168","135168","32","32","0","-","-","-","0","0","0","0","0","0","0","0","-","0","0","0","0","0","0","0","0","0","0","0","0","0","0","0","0","0","0","0","0","0","0","0","0","0","0","0","0","0","0","0","0","0","0","0","0","0","0","0","0","0","0"
"0x778791770c80","      IMAD.HI.U32 R2, R6, R23, RZ","0","0","0","4224","135168","135168","32","32","0","-","-","-","0","0","0","0","0","0","0","0","-","0","0","0","0","0","0","0","0","0","0","0","0","0","0","0","0","0","0","0","0","0","0","0","0","0","0","0","0","0","0","0","0","0","0","0","0","0","0","0","0","0","0"
"0x778791770c90","      LOP3.LUT R14, R16, 0x20, RZ, 0xfc, !PT","0","0","0","4224","135168","135168","32","32","0","-","-","-","0","0","0","0","0","0","0","0","-","0","0","0","0","0","0","0","0","0","0","0","0","0","0","0","0","0","0","0","0","0","0","0","0","0","0","0","0","0","0","0","0","0","0","0","0","0","0","0","0","0","0"
"0x778791770ca0","      ISETP.GE.AND P4, PT, R22, RZ, PT","2","0","2","4224","135168","135168","32","32","0","-","-","-","0","0","0","0","0","0","0","0","-","0","0","0","0","0","0","0","0","1","0","0","0","0","0","0","0","0","0","0","1","0","0","0","0","0","0","0","0","0","0","0","0","0","0","0","0","0","0","0","0","0","0"
"0x778791770cb0","      IMAD.MOV R2, RZ, RZ, -R2","0","0","0","4224","135168","135168","32","32","0","-","-","-","0","0","0","0","0","0","0","0","-","0","0","0","0","0","0","0","0","0","0","0","0","0","0","0","0","0","0","0","0","0","0","0","0","0","0","0","0","0","0","0","0","0","0","0","0","0","0","0","0","0","0"
"0x778791770cc0","      IABS R21, R14","1","0","1","4224","135168","135168","32","32","0","-","-","-","0","0","0","0","0","0","0","0","-","0","0","0","0","0","0","0","0","0","0","0","0","0","0","0","0","0","0","0","1","0","0","0","0","0","0","0","0","0","0","0","0","0","0","0","0","0","0","0","0","0","0"
"0x778791770cd0","@!P1  IMAD.IADD R19, R19, 0x1, -R4","0","0","0","4224","135168","0","32","0","0","-","-","-","0","0","0","0","0","0","0","0","-","0","0","0","0","0","0","0","0","0","0","0","0","0","0","0","0","0","0","0","0","0","0","0","0","0","0","0","0","0","0","0","0","0","0","0","0","0","0","0","0","0","0"
"0x778791770ce0","      ISETP.GT.U32.AND P1, PT, R4, R17, PT","0","0","0","4224","135168","135168","32","32","0","-","-","-","0","0","0","0","0","0","0","0","-","0","0","0","0","0","0","0","0","0","0","0","0","0","0","0","0","0","0","0","0","0","0","0","0","0","0","0","0","0","0","0","0","0","0","0","0","0","0","0","0","0","0"
"0x778791770cf0","      IMAD R23, R4, R2, R23","0","0","0","4224","135168","135168","32","32","0","-","-","-","0","0","0","0","0","0","0","0","-","0","0","0","0","0","0","0","0","0","0","0","0","0","0","0","0","0","0","0","0","0","0","0","0","0","0","0","0","0","0","0","0","0","0","0","0","0","0","0","0","0","0"
"0x778791770d00","      LOP3.LUT R22, R16, 0x29, RZ, 0xfc, !PT","0","0","0","4224","135168","135168","32","32","0","-","-","-","0","0","0","0","0","0","0","0","-","0","0","0","0","0","0","0","0","0","0","0","0","0","0","0","0","0","0","0","0","0","0","0","0","0","0","0","0","0","0","0","0","0","0","0","0","0","0","0","0","0","0"
"0x778791770d10","@!P5  IMAD.IADD R7, R7, 0x1, -R4","1","0","1","4224","135168","0","32","0","0","-","-","-","0","0","0","0","0","0","0","0","-","0","0","0","0","0","0","0","0","0","0","0","0","0","0","0","0","0","0","0","1","0","0","0","0","0","0","0","0","0","0","0","0","0","0","0","0","0","0","0","0","0","0"
"0x778791770d20","      ISETP.GT.U32.AND P5, PT, R4, R19, PT","0","0","0","4224","135168","135168","32","32","0","-","-","-","0","0","0","0","0","0","0","0","-","0","0","0","0","0","0","0","0","0","0","0","0","0","0","0","0","0","0","0","0","0","0","0","0","0","0","0","0","0","0","0","0","0","0","0","0","0","0","0","0","0","0"
"0x778791770d30","      IMAD.HI.U32 R2, R6, R21, RZ","0","0","0","4224","135168","135168","32","32","0","-","-","-","0","0","0","0","0","0","0","0","-","0","0","0","0","0","0","0","0","0","0","0","0","0","0","0","0","0","0","0","0","0","0","0","0","0","0","0","0","0","0","0","0","0","0","0","0","0","0","0","0","0","0"
"0x778791770d40","      IABS R31, R22","0","0","0","4224","135168","135168","32","32","0","-","-","-","0","0","0","0","0","0","0","0","-","0","0","0","0","0","0","0","0","0","0","0","0","0","0","0","0","0","0","0","0","0","0","0","0","0","0","0","0","0","0","0","0","0","0","0","0","0","0","0","0","0","0"
"0x778791770d50","      IMAD.MOV R2, RZ, RZ, -R2","4","1","4","4224","135168","135168","32","32","0","-","-","-","0","0","0","0","0","0","0","0","-","0","0","0","0","0","0","0","0","0","0","0","0","0","2","0","0","0","0","1","0","0","0","0","1","0","0","0","0","0","0","0","0","0","0","0","0","0","0","0","0","0","1"
"0x778791770d60","      IMAD.MOV.U32 R13, RZ, RZ, R9","2","0","2","4224","135168","135168","32","32","0","-","-","-","0","0","0","0","0","0","0","0","-","0","0","0","0","0","0","0","0","0","0","0","0","0","1","0","0","0","0","0","1","0","0","0","0","0","0","0","0","0","0","0","0","0","0","0","0","0","0","0","0","0","0"
"0x778791770d70","@!P1  IMAD.IADD R17, R17, 0x1, -R4","0","0","0","4224","135168","0","32","0","0","-","-","-","0","0","0","0","0","0","0","0","-","0","0","0","0","0","0","0","0","0","0","0","0","0","0","0","0","0","0","0","0","0","0","0","0","0","0","0","0","0","0","0","0","0","0","0","0","0","0","0","0","0","0"
"0x778791770d80","      ISETP.GT.U32.AND P1, PT, R4, R23, PT","0","0","0","4224","135168","135168","32","32","0","-","-","-","0","0","0","0","0","0","0","0","-","0","0","0","0","0","0","0","0","0","0","0","0","0","0","0","0","0","0","0","0","0","0","0","0","0","0","0","0","0","0","0","0","0","0","0","0","0","0","0","0","0","0"
"0x778791770d90","      IMAD R9, R4, R2, R21","0","0","0","4224","135168","135168","32","32","0","-","-","-","0","0","0","0","0","0","0","0","-","0","0","0","0","0","0","0","0","0","0","0","0","0","0","0","0","0","0","0","0","0","0","0","0","0","0","0","0","0","0","0","0","0","0","0","0","0","0","0","0","0","0"
"0x778791770da0","@!P5  IMAD.IADD R19, R19, 0x1, -R4","0","0","0","4224","135168","0","32","0","0","-","-","-","0","0","0","0","0","0","0","0","-","0","0","0","0","0","0","0","0","0","0","0","0","0","0","0","0","0","0","0","0","0","0","0","0","0","0","0","0","0","0","0","0","0","0","0","0","0","0","0","0","0","0"
"0x778791770db0","@!P0  IMAD.MOV R13, RZ, RZ, -R13","0","0","0","4224","135168","0","32","0","0","-","-","-","0","0","0","0","0","0","0","0","-","0","0","0","0","0","0","0","0","0","0","0","0","0","0","0","0","0","0","0","0","0","0","0","0","0","0","0","0","0","0","0","0","0","0","0","0","0","0","0","0","0","0"
"0x778791770dc0","      ISETP.GT.U32.AND P5, PT, R4, R9, PT","1","0","1","4224","135168","135168","32","32","0","-","-","-","0","0","0","0","0","0","0","0","-","0","0","0","0","0","0","0","0","0","0","0","0","0","0","0","0","0","0","0","1","0","0","0","0","0","0","0","0","0","0","0","0","0","0","0","0","0","0","0","0","0","0"
"0x778791770dd0","      IMAD.HI.U32 R2, R6, R27, RZ","1","0","1","4224","135168","135168","32","32","0","-","-","-","0","0","0","0","0","0","0","0","-","0","0","0","0","0","0","0","0","0","0","0","0","0","0","0","0","0","0","0","1","0","0","0","0","0","0","0","0","0","0","0","0","0","0","0","0","0","0","0","0","0","0"
"0x778791770de0","      ISETP.GT.U32.AND P0, PT, R4, R7, PT","0","0","0","4224","135168","135168","32","32","0","-","-","-","0","0","0","0","0","0","0","0","-","0","0","0","0","0","0","0","0","0","0","0","0","0","0","0","0","0","0","0","0","0","0","0","0","0","0","0","0","0","0","0","0","0","0","0","0","0","0","0","0","0","0"
"0x778791770df0","@!P6  IMAD.IADD R15, R15, 0x1, -R4","1","1","1","4224","135168","0","32","0","0","-","-","-","0","0","0","0","0","0","0","0","-","0","0","0","0","0","0","0","0","0","0","0","0","0","1","0","0","0","0","0","0","0","0","0","0","0","0","0","0","0","0","0","1","0","0","0","0","0","0","0","0","0","0"
"0x778791770e00","      ISETP.GE.AND P6, PT, R20, RZ, PT","0","0","0","4224","135168","135168","32","32","0","-","-","-","0","0","0","0","0","0","0","0","-","0","0","0","0","0","0","0","0","0","0","0","0","0","0","0","0","0","0","0","0","0","0","0","0","0","0","0","0","0","0","0","0","0","0","0","0","0","0","0","0","0","0"
"0x778791770e10","@!P1  IMAD.IADD R23, R23, 0x1, -R4","0","0","0","4224","135168","0","32","0","0","-","-","-","0","0","0","0","0","0","0","0","-","0","0","0","0","0","0","0","0","0","0","0","0","0","0","0","0","0","0","0","0","0","0","0","0","0","0","0","0","0","0","0","0","0","0","0","0","0","0","0","0","0","0"
"0x778791770e20","      LOP3.LUT R20, R16, 0x28, RZ, 0xfc, !PT","1","0","1","4224","135168","135168","32","32","0","-","-","-","0","0","0","0","0","0","0","0","-","0","0","0","0","0","0","0","0","1","0","0","0","0","0","0","0","0","0","0","0","0","0","0","0","0","0","0","0","0","0","0","0","0","0","0","0","0","0","0","0","0","0"
"0x778791770e30","      IMAD.MOV R8, RZ, RZ, -R2","0","0","0","4224","135168","135168","32","32","0","-","-","-","0","0","0","0","0","0","0","0","-","0","0","0","0","0","0","0","0","0","0","0","0","0","0","0","0","0","0","0","0","0","0","0","0","0","0","0","0","0","0","0","0","0","0","0","0","0","0","0","0","0","0"
"0x778791770e40","      ISETP.GE.AND P1, PT, R14, RZ, PT","0","0","0","4224","135168","135168","32","32","0","-","-","-","0","0","0","0","0","0","0","0","-","0","0","0","0","0","0","0","0","0","0","0","0","0","0","0","0","0","0","0","0","0","0","0","0","0","0","0","0","0","0","0","0","0","0","0","0","0","0","0","0","0","0"
"0x778791770e50","@!P3  IMAD.MOV R15, RZ, RZ, -R15","1","0","1","4224","135168","0","32","0","0","-","-","-","0","0","0","0","0","0","0","0","-","0","0","0","0","0","0","0","0","0","0","0","0","0","0","0","0","0","0","0","1","0","0","0","0","0","0","0","0","0","0","0","0","0","0","0","0","0","0","0","0","0","0"
"0x778791770e60","      IABS R25, R20","0","0","0","4224","135168","135168","32","32","0","-","-","-","0","0","0","0","0","0","0","0","-","0","0","0","0","0","0","0","0","0","0","0","0","0","0","0","0","0","0","0","0","0","0","0","0","0","0","0","0","0","0","0","0","0","0","0","0","0","0","0","0","0","0"
"0x778791770e70","@!P5  IMAD.IADD R9, R9, 0x1, -R4","1","0","1","4224","135168","0","32","0","0","-","-","-","0","0","0","0","0","0","0","0","-","0","0","0","0","0","0","0","0","0","0","0","0","0","0","0","0","0","0","0","1","0","0","0","0","0","0","0","0","0","0","0","0","0","0","0","0","0","0","0","0","0","0"
"0x778791770e80","      ISETP.GT.U32.AND P5, PT, R4, R23, PT","0","0","0","4224","135168","135168","32","32","0","-","-","-","0","0","0","0","0","0","0","0","-","0","0","0","0","0","0","0","0","0","0","0","0","0","0","0","0","0","0","0","0","0","0","0","0","0","0","0","0","0","0","0","0","0","0","0","0","0","0","0","0","0","0"
"0x778791770e90","@!P0  IMAD.IADD R7, R7, 0x1, -R4","0","0","0","4224","135168","0","32","0","0","-","-","-","0","0","0","0","0","0","0","0","-","0","0","0","0","0","0","0","0","0","0","0","0","0","0","0","0","0","0","0","0","0","0","0","0","0","0","0","0","0","0","0","0","0","0","0","0","0","0","0","0","0","0"
"0x778791770ea0","      ISETP.GE.AND P0, PT, R24, RZ, PT","0","0","0","4224","135168","135168","32","32","0","-","-","-","0","0","0","0","0","0","0","0","-","0","0","0","0","0","0","0","0","0","0","0","0","0","0","0","0","0","0","0","0","0","0","0","0","0","0","0","0","0","0","0","0","0","0","0","0","0","0","0","0","0","0"
"0x778791770eb0","      IMAD R27, R4, R8, R27","0","0","0","4224","135168","135168","32","32","0","-","-","-","0","0","0","0","0","0","0","0","-","0","0","0","0","0","0","0","0","0","0","0","0","0","0","0","0","0","0","0","0","0","0","0","0","0","0","0","0","0","0","0","0","0","0","0","0","0","0","0","0","0","0"
"0x778791770ec0","      ISETP.GT.U32.AND P3, PT, R4, R9, PT","1","0","1","4224","135168","135168","32","32","0","-","-","-","0","0","0","0","0","0","0","0","-","0","0","0","0","0","0","0","0","0","0","0","0","0","0","0","0","0","0","0","1","0","0","0","0","0","0","0","0","0","0","0","0","0","0","0","0","0","0","0","0","0","0"
"0x778791770ed0","      IMAD.HI.U32 R8, R6, R31, RZ","1","0","1","4224","135168","135168","32","32","0","-","-","-","0","0","0","0","0","0","0","0","-","0","0","0","0","0","0","0","0","0","0","0","0","0","0","0","0","0","0","0","1","0","0","0","0","0","0","0","0","0","0","0","0","0","0","0","0","0","0","0","0","0","0"
"0x778791770ee0","      LOP3.LUT R14, R16, 0x30, RZ, 0xfc, !PT","0","0","0","4224","135168","135168","32","32","0","-","-","-","0","0","0","0","0","0","0","0","-","0","0","0","0","0","0","0","0","0","0","0","0","0","0","0","0","0","0","0","0","0","0","0","0","0","0","0","0","0","0","0","0","0","0","0","0","0","0","0","0","0","0"
"0x778791770ef0","      LOP3.LUT R24, R16, 0x51, RZ, 0xfc, !PT","2","1","2","4224","135168","135168","32","32","0","-","-","-","0","0","0","0","0","0","0","0","-","0","0","0","0","0","0","0","0","0","0","0","0","0","2","0","0","0","0","0","0","0","0","0","0","0","0","0","0","0","0","0","1","0","0","0","0","0","0","0","0","0","0"
"0x778791770f00","      IMAD.HI.U32 R2, R6, R25, RZ","0","0","0","4224","135168","135168","32","32","0","-","-","-","0","0","0","0","0","0","0","0","-","0","0","0","0","0","0","0","0","0","0","0","0","0","0","0","0","0","0","0","0","0","0","0","0","0","0","0","0","0","0","0","0","0","0","0","0","0","0","0","0","0","0"
"0x778791770f10","      IABS R29, R14","1","0","1","4224","135168","135168","32","32","0","-","-","-","0","0","0","0","0","0","0","0","-","0","0","0","0","0","0","0","0","0","0","0","0","0","0","0","0","0","0","0","1","0","0","0","0","0","0","0","0","0","0","0","0","0","0","0","0","0","0","0","0","0","0"
"0x778791770f20","      IABS R51, R24","0","0","0","4224","135168","135168","32","32","0","-","-","-","0","0","0","0","0","0","0","0","-","0","0","0","0","0","0","0","0","0","0","0","0","0","0","0","0","0","0","0","0","0","0","0","0","0","0","0","0","0","0","0","0","0","0","0","0","0","0","0","0","0","0"
"0x778791770f30","      IMAD.MOV R8, RZ, RZ, -R8","0","0","0","4224","135168","135168","32","32","0","-","-","-","0","0","0","0","0","0","0","0","-","0","0","0","0","0","0","0","0","0","0","0","0","0","0","0","0","0","0","0","0","0","0","0","0","0","0","0","0","0","0","0","0","0","0","0","0","0","0","0","0","0","0"
"0x778791770f40","      IMAD.MOV R2, RZ, RZ, -R2","2","0","2","4224","135168","135168","32","32","0","-","-","-","0","0","0","0","0","0","0","0","-","0","0","0","0","0","0","0","0","0","0","0","0","0","0","0","0","0","0","0","1","0","0","0","1","0","0","0","0","0","0","0","0","0","0","0","0","0","0","0","0","0","0"
"0x778791770f50","@!P5  IMAD.IADD R23, R23, 0x1, -R4","5","1","5","4224","135168","0","32","0","0","-","-","-","0","0","0","0","0","0","0","0","-","0","0","0","0","0","0","0","0","0","0","0","0","0","2","0","0","0","0","0","0","0","0","0","3","0","0","0","0","0","0","0","0","0","0","0","0","0","0","0","0","0","1"
"0x778791770f60","      ISETP.GE.AND P5, PT, R22, RZ, PT","0","0","0","4224","135168","135168","32","32","0","-","-","-","0","0","0","0","0","0","0","0","-","0","0","0","0","0","0","0","0","0","0","0","0","0","0","0","0","0","0","0","0","0","0","0","0","0","0","0","0","0","0","0","0","0","0","0","0","0","0","0","0","0","0"
"0x778791770f70","      IMAD R31, R4, R8, R31","0","0","0","4224","135168","135168","32","32","0","-","-","-","0","0","0","0","0","0","0","0","-","0","0","0","0","0","0","0","0","0","0","0","0","0","0","0","0","0","0","0","0","0","0","0","0","0","0","0","0","0","0","0","0","0","0","0","0","0","0","0","0","0","0"
"0x778791770f80","      LOP3.LUT R8, R16, 0x31, RZ, 0xfc, !PT","1","0","1","4224","135168","135168","32","32","0","-","-","-","0","0","0","0","0","0","0","0","-","0","0","0","0","0","0","0","0","0","0","0","0","0","0","0","0","0","0","0","1","0","0","0","0","0","0","0","0","0","0","0","0","0","0","0","0","0","0","0","0","0","0"
"0x778791770f90","      IMAD.MOV.U32 R21, RZ, RZ, R7","0","0","0","4224","135168","135168","32","32","0","-","-","-","0","0","0","0","0","0","0","0","-","0","0","0","0","0","0","0","0","0","0","0","0","0","0","0","0","0","0","0","0","0","0","0","0","0","0","0","0","0","0","0","0","0","0","0","0","0","0","0","0","0","0"
"0x778791770fa0","      LOP3.LUT R22, R16, 0x50, RZ, 0xfc, !PT","0","0","0","4224","135168","135168","32","32","0","-","-","-","0","0","0","0","0","0","0","0","-","0","0","0","0","0","0","0","0","0","0","0","0","0","0","0","0","0","0","0","0","0","0","0","0","0","0","0","0","0","0","0","0","0","0","0","0","0","0","0","0","0","0"
"0x778791770fb0","@!P2  IMAD.MOV R17, RZ, RZ, -R17","1","0","1","4224","135168","0","32","0","0","-","-","-","0","0","0","0","0","0","0","0","-","0","0","0","0","0","0","0","0","0","0","0","0","0","0","0","0","0","0","0","1","0","0","0","0","0","0","0","0","0","0","0","0","0","0","0","0","0","0","0","0","0","0"
"0x778791770fc0","      ISETP.GT.U32.AND P2, PT, R4, R27, PT","1","0","1","4224","135168","135168","32","32","0","-","-","-","0","0","0","0","0","0","0","0","-","0","0","0","0","0","0","0","0","0","0","0","0","0","0","0","0","0","0","0","1","0","0","0","0","0","0","0","0","0","0","0","0","0","0","0","0","0","0","0","0","0","0"
"0x778791770fd0","      IMAD R7, R4, R2, R25","0","0","0","4224","135168","135168","32","32","0","-","-","-","0","0","0","0","0","0","0","0","-","0","0","0","0","0","0","0","0","0","0","0","0","0","0","0","0","0","0","0","0","0","0","0","0","0","0","0","0","0","0","0","0","0","0","0","0","0","0","0","0","0","0"
"0x778791770fe0","      IABS R35, R8","1","0","1","4224","135168","135168","32","32","0","-","-","-","0","0","0","0","0","0","0","0","-","0","0","0","0","0","0","0","0","0","0","0","0","0","0","0","0","0","0","0","1","0","0","0","0","0","0","0","0","0","0","0","0","0","0","0","0","0","0","0","0","0","0"
"0x778791770ff0","@!P0  IMAD.MOV R23, RZ, RZ, -R23","0","0","0","4224","135168","0","32","0","0","-","-","-","0","0","0","0","0","0","0","0","-","0","0","0","0","0","0","0","0","0","0","0","0","0","0","0","0","0","0","0","0","0","0","0","0","0","0","0","0","0","0","0","0","0","0","0","0","0","0","0","0","0","0"
"0x778791771000","      ISETP.GT.U32.AND P0, PT, R4, R31, PT","0","0","0","4224","135168","135168","32","32","0","-","-","-","0","0","0","0","0","0","0","0","-","0","0","0","0","0","0","0","0","0","0","0","0","0","0","0","0","0","0","0","0","0","0","0","0","0","0","0","0","0","0","0","0","0","0","0","0","0","0","0","0","0","0"
"0x778791771010","@!P3  IMAD.IADD R9, R9, 0x1, -R4","0","0","0","4224","135168","0","32","0","0","-","-","-","0","0","0","0","0","0","0","0","-","0","0","0","0","0","0","0","0","0","0","0","0","0","0","0","0","0","0","0","0","0","0","0","0","0","0","0","0","0","0","0","0","0","0","0","0","0","0","0","0","0","0"
"0x778791771020","      ISETP.GT.U32.AND P3, PT, R4, R7, PT","0","0","0","4224","135168","135168","32","32","0","-","-","-","0","0","0","0","0","0","0","0","-","0","0","0","0","0","0","0","0","0","0","0","0","0","0","0","0","0","0","0","0","0","0","0","0","0","0","0","0","0","0","0","0","0","0","0","0","0","0","0","0","0","0"
"0x778791771030","      IMAD.HI.U32 R2, R6, R29, RZ","0","0","0","4224","135168","135168","32","32","0","-","-","-","0","0","0","0","0","0","0","0","-","0","0","0","0","0","0","0","0","0","0","0","0","0","0","0","0","0","0","0","0","0","0","0","0","0","0","0","0","0","0","0","0","0","0","0","0","0","0","0","0","0","0"
"0x778791771040","      IABS R49, R22","0","0","0","4224","135168","135168","32","32","0","-","-","-","0","0","0","0","0","0","0","0","-","0","0","0","0","0","0","0","0","0","0","0","0","0","0","0","0","0","0","0","0","0","0","0","0","0","0","0","0","0","0","0","0","0","0","0","0","0","0","0","0","0","0"
"0x778791771050","      IMAD.MOV.U32 R25, RZ, RZ, R9","5","1","5","4224","135168","135168","32","32","0","-","-","-","0","0","0","0","0","0","0","0","-","0","0","0","0","0","0","0","0","0","0","0","0","0","1","0","0","0","0","3","1","0","0","0","0","0","0","0","0","0","0","0","1","0","0","0","0","0","0","0","0","0","0"
"0x778791771060","@!P2  IMAD.IADD R27, R27, 0x1, -R4","2","0","2","4224","135168","0","32","0","0","-","-","-","0","0","0","0","0","0","0","0","-","0","0","0","0","0","0","0","0","0","0","0","0","0","1","0","0","0","0","1","0","0","0","0","0","0","0","0","0","0","0","0","0","0","0","0","0","0","0","0","0","0","0"
"0x778791771070","      IMAD.MOV R9, RZ, RZ, -R2","1","0","1","4224","135168","135168","32","32","0","-","-","-","0","0","0","0","0","0","0","0","-","0","0","0","0","0","0","0","0","0","0","0","0","0","0","0","0","0","0","0","1","0","0","0","0","0","0","0","0","0","0","0","0","0","0","0","0","0","0","0","0","0","0"
"0x778791771080","@!P0  IMAD.IADD R31, R31, 0x1, -R4","0","0","0","4224","135168","0","32","0","0","-","-","-","0","0","0","0","0","0","0","0","-","0","0","0","0","0","0","0","0","0","0","0","0","0","0","0","0","0","0","0","0","0","0","0","0","0","0","0","0","0","0","0","0","0","0","0","0","0","0","0","0","0","0"
"0x778791771090","      ISETP.GT.U32.AND P2, PT, R4, R27, PT","0","0","0","4224","135168","135168","32","32","0","-","-","-","0","0","0","0","0","0","0","0","-","0","0","0","0","0","0","0","0","0","0","0","0","0","0","0","0","0","0","0","0","0","0","0","0","0","0","0","0","0","0","0","0","0","0","0","0","0","0","0","0","0","0"
"0x7787917710a0","@!P3  IMAD.IADD R7, R7, 0x1, -R4","0","0","0","4224","135168","0","32","0","0","-","-","-","0","0","0","0","0","0","0","0","-","0","0","0","0","0","0","0","0","0","0","0","0","0","0","0","0","0","0","0","0","0","0","0","0","0","0","0","0","0","0","0","0","0","0","0","0","0","0","0","0","0","0"
"0x7787917710b0","      IMAD.HI.U32 R2, R6, R35, RZ","0","0","0","4224","135168","135168","32","32","0","-","-","-","0","0","0","0","0","0","0","0","-","0","0","0","0","0","0","0","0","0","0","0","0","0","0","0","0","0","0","0","0","0","0","0","0","0","0","0","0","0","0","0","0","0","0","0","0","0","0","0","0","0","0"
"0x7787917710c0","      ISETP.GT.U32.AND P0, PT, R4, R31, PT","0","0","0","4224","135168","135168","32","32","0","-","-","-","0","0","0","0","0","0","0","0","-","0","0","0","0","0","0","0","0","0","0","0","0","0","0","0","0","0","0","0","0","0","0","0","0","0","0","0","0","0","0","0","0","0","0","0","0","0","0","0","0","0","0"
"0x7787917710d0","      ISETP.GT.U32.AND P3, PT, R4, R7, PT","1","1","1","4224","135168","135168","32","32","0","-","-","-","0","0","0","0","0","0","0","0","-","0","0","0","0","0","0","0","0","0","0","0","0","0","1","0","0","0","0","0","0","0","0","0","0","0","0","0","0","0","0","0","1","0","0","0","0","0","0","0","0","0","0"
"0x7787917710e0","@!P6  IMAD.MOV R19, RZ, RZ, -R19","0","0","0","4224","135168","0","32","0","0","-","-","-","0","0","0","0","0","0","0","0","-","0","0","0","0","0","0","0","0","0","0","0","0","0","0","0","0","0","0","0","0","0","0","0","0","0","0","0","0","0","0","0","0","0","0","0","0","0","0","0","0","0","0"
"0x7787917710f0","      ISETP.GE.AND P6, PT, R18, RZ, PT","0","0","0","4224","135168","135168","32","32","0","-","-","-","0","0","0","0","0","0","0","0","-","0","0","0","0","0","0","0","0","0","0","0","0","0","0","0","0","0","0","0","0","0","0","0","0","0","0","0","0","0","0","0","0","0","0","0","0","0","0","0","0","0","0"
"0x778791771100","      IMAD.MOV R2, RZ, RZ, -R2","1","0","1","4224","135168","135168","32","32","0","-","-","-","0","0","0","0","0","0","0","0","-","0","0","0","0","0","0","0","0","0","0","0","0","0","0","0","0","0","0","0","1","0","0","0","0","0","0","0","0","0","0","0","0","0","0","0","0","0","0","0","0","0","0"
"0x778791771110","      LOP3.LUT R18, R16, 0x38, RZ, 0xfc, !PT","0","0","0","4224","135168","135168","32","32","0","-","-","-","0","0","0","0","0","0","0","0","-","0","0","0","0","0","0","0","0","0","0","0","0","0","0","0","0","0","0","0","0","0","0","0","0","0","0","0","0","0","0","0","0","0","0","0","0","0","0","0","0","0","0"
"0x778791771120","      IMAD R9, R4, R9, R29","1","0","1","4224","135168","135168","32","32","0","-","-","-","0","0","0","0","0","0","0","0","-","0","0","0","0","0","0","0","0","0","0","0","0","0","0","0","0","0","0","0","1","0","0","0","0","0","0","0","0","0","0","0","0","0","0","0","0","0","0","0","0","0","0"
"0x778791771130","      IMAD R35, R4, R2, R35","0","0","0","4224","135168","135168","32","32","0","-","-","-","0","0","0","0","0","0","0","0","-","0","0","0","0","0","0","0","0","0","0","0","0","0","0","0","0","0","0","0","0","0","0","0","0","0","0","0","0","0","0","0","0","0","0","0","0","0","0","0","0","0","0"
"0x778791771140","      IABS R33, R18","0","0","0","4224","135168","135168","32","32","0","-","-","-","0","0","0","0","0","0","0","0","-","0","0","0","0","0","0","0","0","0","0","0","0","0","0","0","0","0","0","0","0","0","0","0","0","0","0","0","0","0","0","0","0","0","0","0","0","0","0","0","0","0","0"
"0x778791771150","@!P2  IMAD.IADD R27, R27, 0x1, -R4","0","0","0","4224","135168","0","32","0","0","-","-","-","0","0","0","0","0","0","0","0","-","0","0","0","0","0","0","0","0","0","0","0","0","0","0","0","0","0","0","0","0","0","0","0","0","0","0","0","0","0","0","0","0","0","0","0","0","0","0","0","0","0","0"
"0x778791771160","      ISETP.GE.AND P2, PT, R8, RZ, PT","0","0","0","4224","135168","135168","32","32","0","-","-","-","0","0","0","0","0","0","0","0","-","0","0","0","0","0","0","0","0","0","0","0","0","0","0","0","0","0","0","0","0","0","0","0","0","0","0","0","0","0","0","0","0","0","0","0","0","0","0","0","0","0","0"
"0x778791771170","@!P0  IMAD.IADD R31, R31, 0x1, -R4","0","0","0","4224","135168","0","32","0","0","-","-","-","0","0","0","0","0","0","0","0","-","0","0","0","0","0","0","0","0","0","0","0","0","0","0","0","0","0","0","0","0","0","0","0","0","0","0","0","0","0","0","0","0","0","0","0","0","0","0","0","0","0","0"
"0x778791771180","      ISETP.GT.U32.AND P0, PT, R4, R35, PT","0","0","0","4224","135168","135168","32","32","0","-","-","-","0","0","0","0","0","0","0","0","-","0","0","0","0","0","0","0","0","0","0","0","0","0","0","0","0","0","0","0","0","0","0","0","0","0","0","0","0","0","0","0","0","0","0","0","0","0","0","0","0","0","0"
"0x778791771190","      IMAD.HI.U32 R8, R6, R33, RZ","0","0","0","4224","135168","135168","32","32","0","-","-","-","0","0","0","0","0","0","0","0","-","0","0","0","0","0","0","0","0","0","0","0","0","0","0","0","0","0","0","0","0","0","0","0","0","0","0","0","0","0","0","0","0","0","0","0","0","0","0","0","0","0","0"
"0x7787917711a0","      LOP3.LUT R2, R16, 0x39, RZ, 0xfc, !PT","0","0","0","4224","135168","135168","32","32","0","-","-","-","0","0","0","0","0","0","0","0","-","0","0","0","0","0","0","0","0","0","0","0","0","0","0","0","0","0","0","0","0","0","0","0","0","0","0","0","0","0","0","0","0","0","0","0","0","0","0","0","0","0","0"
"0x7787917711b0","@!P6  IMAD.MOV R27, RZ, RZ, -R27","1","0","1","4224","135168","0","32","0","0","-","-","-","0","0","0","0","0","0","0","0","-","0","0","0","0","0","0","0","0","0","0","0","0","0","1","0","0","0","0","0","0","0","0","0","0","0","0","0","0","0","0","0","0","0","0","0","0","0","0","0","0","0","0"
"0x7787917711c0","      ISETP.GT.U32.AND P6, PT, R4, R9, PT","0","0","0","4224","135168","135168","32","32","0","-","-","-","0","0","0","0","0","0","0","0","-","0","0","0","0","0","0","0","0","0","0","0","0","0","0","0","0","0","0","0","0","0","0","0","0","0","0","0","0","0","0","0","0","0","0","0","0","0","0","0","0","0","0"
"0x7787917711d0","@!P3  IMAD.IADD R7, R7, 0x1, -R4","0","0","0","4224","135168","0","32","0","0","-","-","-","0","0","0","0","0","0","0","0","-","0","0","0","0","0","0","0","0","0","0","0","0","0","0","0","0","0","0","0","0","0","0","0","0","0","0","0","0","0","0","0","0","0","0","0","0","0","0","0","0","0","0"
"0x7787917711e0","      IABS R39, R2","0","0","0","4224","135168","135168","32","32","0","-","-","-","0","0","0","0","0","0","0","0","-","0","0","0","0","0","0","0","0","0","0","0","0","0","0","0","0","0","0","0","0","0","0","0","0","0","0","0","0","0","0","0","0","0","0","0","0","0","0","0","0","0","0"
"0x7787917711f0","@!P4  IMAD.MOV R21, RZ, RZ, -R21","0","0","0","4224","135168","0","32","0","0","-","-","-","0","0","0","0","0","0","0","0","-","0","0","0","0","0","0","0","0","0","0","0","0","0","0","0","0","0","0","0","0","0","0","0","0","0","0","0","0","0","0","0","0","0","0","0","0","0","0","0","0","0","0"
"0x778791771200","      ISETP.GE.AND P4, PT, R20, RZ, PT","0","0","0","4224","135168","135168","32","32","0","-","-","-","0","0","0","0","0","0","0","0","-","0","0","0","0","0","0","0","0","0","0","0","0","0","0","0","0","0","0","0","0","0","0","0","0","0","0","0","0","0","0","0","0","0","0","0","0","0","0","0","0","0","0"
"0x778791771210","      IMAD.MOV R8, RZ, RZ, -R8","1","0","1","4224","135168","135168","32","32","0","-","-","-","0","0","0","0","0","0","0","0","-","0","0","0","0","0","0","0","0","0","0","0","0","0","0","0","0","0","0","0","1","0","0","0","0","0","0","0","0","0","0","0","0","0","0","0","0","0","0","0","0","0","0"
"0x778791771220","      ISETP.GE.AND P3, PT, R18, RZ, PT","1","0","1","4224","135168","135168","32","32","0","-","-","-","0","0","0","0","0","0","0","0","-","0","0","0","0","0","0","0","0","0","0","0","0","0","0","0","0","0","0","0","1","0","0","0","0","0","0","0","0","0","0","0","0","0","0","0","0","0","0","0","0","0","0"
"0x778791771230","      IMAD.MOV.U32 R29, RZ, RZ, R7","1","0","1","4224","135168","135168","32","32","0","-","-","-","0","0","0","0","0","0","0","0","-","0","0","0","0","0","0","0","0","0","0","0","0","0","0","0","0","0","0","0","1","0","0","0","0","0","0","0","0","0","0","0","0","0","0","0","0","0","0","0","0","0","0"
"0x778791771240","      LOP3.LUT R18, R16, 0x41, RZ, 0xfc, !PT","0","0","0","4224","135168","135168","32","32","0","-","-","-","0","0","0","0","0","0","0","0","-","0","0","0","0","0","0","0","0","0","0","0","0","0","0","0","0","0","0","0","0","0","0","0","0","0","0","0","0","0","0","0","0","0","0","0","0","0","0","0","0","0","0"
"0x778791771250","      IMAD R7, R4, R8, R33","0","0","0","4224","135168","135168","32","32","0","-","-","-","0","0","0","0","0","0","0","0","-","0","0","0","0","0","0","0","0","0","0","0","0","0","0","0","0","0","0","0","0","0","0","0","0","0","0","0","0","0","0","0","0","0","0","0","0","0","0","0","0","0","0"
"0x778791771260","      LOP3.LUT R20, R16, 0x48, RZ, 0xfc, !PT","1","0","1","4224","135168","135168","32","32","0","-","-","-","0","0","0","0","0","0","0","0","-","0","0","0","0","0","0","0","0","0","0","0","0","0","0","0","0","0","0","0","1","0","0","0","0","0","0","0","0","0","0","0","0","0","0","0","0","0","0","0","0","0","0"
"0x778791771270","@!P5  IMAD.MOV R31, RZ, RZ, -R31","1","0","1","4224","135168","0","32","0","0","-","-","-","0","0","0","0","0","0","0","0","-","0","0","0","0","0","0","0","0","0","0","0","0","0","0","0","0","0","0","0","1","0","0","0","0","0","0","0","0","0","0","0","0","0","0","0","0","0","0","0","0","0","0"
"0x778791771280","      IABS R37, R18","0","0","0","4224","135168","135168","32","32","0","-","-","-","0","0","0","0","0","0","0","0","-","0","0","0","0","0","0","0","0","0","0","0","0","0","0","0","0","0","0","0","0","0","0","0","0","0","0","0","0","0","0","0","0","0","0","0","0","0","0","0","0","0","0"
"0x778791771290","@!P0  IMAD.IADD R35, R35, 0x1, -R4","0","0","0","4224","135168","0","32","0","0","-","-","-","0","0","0","0","0","0","0","0","-","0","0","0","0","0","0","0","0","0","0","0","0","0","0","0","0","0","0","0","0","0","0","0","0","0","0","0","0","0","0","0","0","0","0","0","0","0","0","0","0","0","0"
"0x7787917712a0","      ISETP.GT.U32.AND P5, PT, R4, R7, PT","0","0","0","4224","135168","135168","32","32","0","-","-","-","0","0","0","0","0","0","0","0","-","0","0","0","0","0","0","0","0","0","0","0","0","0","0","0","0","0","0","0","0","0","0","0","0","0","0","0","0","0","0","0","0","0","0","0","0","0","0","0","0","0","0"
"0x7787917712b0","@!P6  IMAD.IADD R9, R9, 0x1, -R4","1","0","1","4224","135168","0","32","0","0","-","-","-","0","0","0","0","0","0","0","0","-","0","0","0","0","0","0","0","0","0","0","0","0","0","0","0","0","0","0","0","1","0","0","0","0","0","0","0","0","0","0","0","0","0","0","0","0","0","0","0","0","0","0"
"0x7787917712c0","      IABS R45, R20","0","0","0","4224","135168","135168","32","32","0","-","-","-","0","0","0","0","0","0","0","0","-","0","0","0","0","0","0","0","0","0","0","0","0","0","0","0","0","0","0","0","0","0","0","0","0","0","0","0","0","0","0","0","0","0","0","0","0","0","0","0","0","0","0"
"0x7787917712d0","@!P4  IMAD.MOV R29, RZ, RZ, -R29","0","0","0","4224","135168","0","32","0","0","-","-","-","0","0","0","0","0","0","0","0","-","0","0","0","0","0","0","0","0","0","0","0","0","0","0","0","0","0","0","0","0","0","0","0","0","0","0","0","0","0","0","0","0","0","0","0","0","0","0","0","0","0","0"
"0x7787917712e0","      ISETP.GE.AND P4, PT, R2, RZ, PT","0","0","0","4224","135168","135168","32","32","0","-","-","-","0","0","0","0","0","0","0","0","-","0","0","0","0","0","0","0","0","0","0","0","0","0","0","0","0","0","0","0","0","0","0","0","0","0","0","0","0","0","0","0","0","0","0","0","0","0","0","0","0","0","0"
"0x7787917712f0","      IMAD.HI.U32 R2, R6, R39, RZ","0","0","0","4224","135168","135168","32","32","0","-","-","-","0","0","0","0","0","0","0","0","-","0","0","0","0","0","0","0","0","0","0","0","0","0","0","0","0","0","0","0","0","0","0","0","0","0","0","0","0","0","0","0","0","0","0","0","0","0","0","0","0","0","0"
"0x778791771300","      ISETP.GT.U32.AND P0, PT, R4, R35, PT","0","0","0","4224","135168","135168","32","32","0","-","-","-","0","0","0","0","0","0","0","0","-","0","0","0","0","0","0","0","0","0","0","0","0","0","0","0","0","0","0","0","0","0","0","0","0","0","0","0","0","0","0","0","0","0","0","0","0","0","0","0","0","0","0"
"0x778791771310","      ISETP.GT.U32.AND P6, PT, R4, R9, PT","2","0","2","4224","135168","135168","32","32","0","-","-","-","0","0","0","0","0","0","0","0","-","0","0","0","0","0","0","0","0","1","0","0","0","0","0","0","0","0","0","0","1","0","0","0","0","0","0","0","0","0","0","0","0","0","0","0","0","0","0","0","0","0","0"
"0x778791771320","      IMAD.MOV R2, RZ, RZ, -R2","1","0","1","4224","135168","135168","32","32","0","-","-","-","0","0","0","0","0","0","0","0","-","0","0","0","0","0","0","0","0","0","0","0","0","0","0","0","0","0","0","0","1","0","0","0","0","0","0","0","0","0","0","0","0","0","0","0","0","0","0","0","0","0","0"
"0x778791771330","@!P1  IMAD.MOV R25, RZ, RZ, -R25","3","0","3","4224","135168","0","32","0","0","-","-","-","0","0","0","0","0","0","0","0","-","0","0","0","0","0","0","0","0","0","0","0","0","0","0","0","0","0","0","0","3","0","0","0","0","0","0","0","0","0","0","0","0","0","0","0","0","0","0","0","0","0","0"
"0x778791771340","      ISETP.GE.AND P1, PT, R14, RZ, PT","0","0","0","4224","135168","135168","32","32","0","-","-","-","0","0","0","0","0","0","0","0","-","0","0","0","0","0","0","0","0","0","0","0","0","0","0","0","0","0","0","0","0","0","0","0","0","0","0","0","0","0","0","0","0","0","0","0","0","0","0","0","0","0","0"
"0x778791771350","@!P5  IMAD.IADD R7, R7, 0x1, -R4","0","0","0","4224","135168","0","32","0","0","-","-","-","0","0","0","0","0","0","0","0","-","0","0","0","0","0","0","0","0","0","0","0","0","0","0","0","0","0","0","0","0","0","0","0","0","0","0","0","0","0","0","0","0","0","0","0","0","0","0","0","0","0","0"
"0x778791771360","      LOP3.LUT R14, R16, 0x40, RZ, 0xfc, !PT","0","0","0","4224","135168","135168","32","32","0","-","-","-","0","0","0","0","0","0","0","0","-","0","0","0","0","0","0","0","0","0","0","0","0","0","0","0","0","0","0","0","0","0","0","0","0","0","0","0","0","0","0","0","0","0","0","0","0","0","0","0","0","0","0"
"0x778791771370","      IMAD R39, R4, R2, R39","0","0","0","4224","135168","135168","32","32","0","-","-","-","0","0","0","0","0","0","0","0","-","0","0","0","0","0","0","0","0","0","0","0","0","0","0","0","0","0","0","0","0","0","0","0","0","0","0","0","0","0","0","0","0","0","0","0","0","0","0","0","0","0","0"
"0x778791771380","      IMAD.HI.U32 R2, R6, R37, RZ","0","0","0","4224","135168","135168","32","32","0","-","-","-","0","0","0","0","0","0","0","0","-","0","0","0","0","0","0","0","0","0","0","0","0","0","0","0","0","0","0","0","0","0","0","0","0","0","0","0","0","0","0","0","0","0","0","0","0","0","0","0","0","0","0"
"0x778791771390","      IABS R41, R14","0","0","0","4224","135168","135168","32","32","0","-","-","-","0","0","0","0","0","0","0","0","-","0","0","0","0","0","0","0","0","0","0","0","0","0","0","0","0","0","0","0","0","0","0","0","0","0","0","0","0","0","0","0","0","0","0","0","0","0","0","0","0","0","0"
"0x7787917713a0","      ISETP.GT.U32.AND P5, PT, R4, R7, PT","3","1","3","4224","135168","135168","32","32","0","-","-","-","0","0","0","0","0","0","0","0","-","0","0","0","0","0","0","0","0","1","0","0","0","0","1","0","0","0","0","0","1","0","0","0","0","0","0","0","0","0","0","0","1","0","0","0","0","0","0","0","0","0","0"
"0x7787917713b0","@!P0  IMAD.IADD R35, R35, 0x1, -R4","0","0","0","4224","135168","0","32","0","0","-","-","-","0","0","0","0","0","0","0","0","-","0","0","0","0","0","0","0","0","0","0","0","0","0","0","0","0","0","0","0","0","0","0","0","0","0","0","0","0","0","0","0","0","0","0","0","0","0","0","0","0","0","0"
"0x7787917713c0","      ISETP.GT.U32.AND P0, PT, R4, R39, PT","2","0","2","4224","135168","135168","32","32","0","-","-","-","0","0","0","0","0","0","0","0","-","0","0","0","0","0","0","0","0","0","0","0","0","0","0","0","0","0","0","0","2","0","0","0","0","0","0","0","0","0","0","0","0","0","0","0","0","0","0","0","0","0","0"
"0x7787917713d0","@!P6  IMAD.IADD R9, R9, 0x1, -R4","0","0","0","4224","135168","0","32","0","0","-","-","-","0","0","0","0","0","0","0","0","-","0","0","0","0","0","0","0","0","0","0","0","0","0","0","0","0","0","0","0","0","0","0","0","0","0","0","0","0","0","0","0","0","0","0","0","0","0","0","0","0","0","0"
"0x7787917713e0","      ISETP.GE.AND P6, PT, R14, RZ, PT","0","0","0","4224","135168","135168","32","32","0","-","-","-","0","0","0","0","0","0","0","0","-","0","0","0","0","0","0","0","0","0","0","0","0","0","0","0","0","0","0","0","0","0","0","0","0","0","0","0","0","0","0","0","0","0","0","0","0","0","0","0","0","0","0"
"0x7787917713f0","      IMAD.HI.U32 R8, R6, R41, RZ","0","0","0","4224","135168","135168","32","32","0","-","-","-","0","0","0","0","0","0","0","0","-","0","0","0","0","0","0","0","0","0","0","0","0","0","0","0","0","0","0","0","0","0","0","0","0","0","0","0","0","0","0","0","0","0","0","0","0","0","0","0","0","0","0"
"0x778791771400","      IMAD.MOV R2, RZ, RZ, -R2","2","1","2","4224","135168","135168","32","32","0","-","-","-","0","0","0","0","0","0","0","0","-","0","0","0","0","0","0","0","0","0","0","0","0","0","1","0","0","0","0","0","0","0","0","0","1","0","0","0","0","0","0","0","0","0","0","0","0","0","0","0","0","0","1"
"0x778791771410","      IMAD.MOV.U32 R33, RZ, RZ, R9","3","0","3","4224","135168","135168","32","32","0","-","-","-","0","0","0","0","0","0","0","0","-","0","0","0","0","0","0","0","0","0","0","0","0","0","1","0","0","0","0","1","1","0","0","0","0","0","0","0","0","0","0","0","0","0","0","0","0","0","0","0","0","0","0"
"0x778791771420","      IMAD.MOV R8, RZ, RZ, -R8","2","1","2","4224","135168","135168","32","32","0","-","-","-","0","0","0","0","0","0","0","0","-","0","0","0","0","0","0","0","0","0","0","0","0","0","0","0","0","0","0","0","0","0","0","0","2","0","0","0","0","0","0","0","0","0","0","0","0","0","0","0","0","0","1"
"0x778791771430","      IMAD R9, R4, R2, R37","3","2","3","4224","135168","135168","32","32","0","-","-","-","0","0","0","0","0","0","0","0","-","0","0","0","0","0","0","0","0","0","0","0","0","0","0","0","0","0","0","0","1","0","0","0","2","0","0","0","0","0","0","0","0","0","0","0","0","0","0","0","0","0","2"
"0x778791771440","      IMAD R41, R4, R8, R41","0","0","0","4224","135168","135168","32","32","0","-","-","-","0","0","0","0","0","0","0","0","-","0","0","0","0","0","0","0","0","0","0","0","0","0","0","0","0","0","0","0","0","0","0","0","0","0","0","0","0","0","0","0","0","0","0","0","0","0","0","0","0","0","0"
"0x778791771450","@!P5  IMAD.IADD R7, R7, 0x1, -R4","1","1","1","4224","135168","0","32","0","0","-","-","-","0","0","0","0","0","0","0","0","-","0","0","0","0","0","0","0","0","0","0","0","0","0","0","0","0","0","0","0","0","0","0","0","1","0","0","0","0","0","0","0","0","0","0","0","0","0","0","0","0","0","1"
"0x778791771460","      ISETP.GT.U32.AND P5, PT, R4, R9, PT","1","0","1","4224","135168","135168","32","32","0","-","-","-","0","0","0","0","0","0","0","0","-","0","0","0","0","0","0","0","0","0","0","0","0","0","0","0","0","0","0","0","1","0","0","0","0","0","0","0","0","0","0","0","0","0","0","0","0","0","0","0","0","0","0"
"0x778791771470","@!P0  IMAD.IADD R39, R39, 0x1, -R4","0","0","0","4224","135168","0","32","0","0","-","-","-","0","0","0","0","0","0","0","0","-","0","0","0","0","0","0","0","0","0","0","0","0","0","0","0","0","0","0","0","0","0","0","0","0","0","0","0","0","0","0","0","0","0","0","0","0","0","0","0","0","0","0"
"0x778791771480","@!P1  IMAD.MOV R33, RZ, RZ, -R33","4","0","4","4224","135168","0","32","0","0","-","-","-","0","0","0","0","0","0","0","0","-","0","0","0","0","0","0","0","0","0","0","0","0","0","1","0","0","0","0","3","0","0","0","0","0","0","0","0","0","0","0","0","0","0","0","0","0","0","0","0","0","0","0"
"0x778791771490","      ISETP.GT.U32.AND P1, PT, R4, R41, PT","1","0","1","4224","135168","135168","32","32","0","-","-","-","0","0","0","0","0","0","0","0","-","0","0","0","0","0","0","0","0","0","0","0","0","0","0","0","0","0","0","0","1","0","0","0","0","0","0","0","0","0","0","0","0","0","0","0","0","0","0","0","0","0","0"
"0x7787917714a0","      IMAD.HI.U32 R8, R6, R45, RZ","0","0","0","4224","135168","135168","32","32","0","-","-","-","0","0","0","0","0","0","0","0","-","0","0","0","0","0","0","0","0","0","0","0","0","0","0","0","0","0","0","0","0","0","0","0","0","0","0","0","0","0","0","0","0","0","0","0","0","0","0","0","0","0","0"
"0x7787917714b0","      ISETP.GT.U32.AND P0, PT, R4, R39, PT","0","0","0","4224","135168","135168","32","32","0","-","-","-","0","0","0","0","0","0","0","0","-","0","0","0","0","0","0","0","0","0","0","0","0","0","0","0","0","0","0","0","0","0","0","0","0","0","0","0","0","0","0","0","0","0","0","0","0","0","0","0","0","0","0"
"0x7787917714c0","@!P2  IMAD.MOV R35, RZ, RZ, -R35","2","0","2","4224","135168","0","32","0","0","-","-","-","0","0","0","0","0","0","0","0","-","0","0","0","0","0","0","0","0","0","0","0","0","0","1","0","0","0","0","0","0","0","0","0","1","0","0","0","0","0","0","0","0","0","0","0","0","0","0","0","0","0","0"
"0x7787917714d0","      ISETP.GE.AND P2, PT, R18, RZ, PT","1","0","1","4224","135168","135168","32","32","0","-","-","-","0","0","0","0","0","0","0","0","-","0","0","0","0","0","0","0","0","0","0","0","0","0","0","0","0","0","0","0","1","0","0","0","0","0","0","0","0","0","0","0","0","0","0","0","0","0","0","0","0","0","0"
"0x7787917714e0","      IMAD.MOV R8, RZ, RZ, -R8","0","0","0","4224","135168","135168","32","32","0","-","-","-","0","0","0","0","0","0","0","0","-","0","0","0","0","0","0","0","0","0","0","0","0","0","0","0","0","0","0","0","0","0","0","0","0","0","0","0","0","0","0","0","0","0","0","0","0","0","0","0","0","0","0"
"0x7787917714f0","      LOP3.LUT R18, R16, 0x49, RZ, 0xfc, !PT","1","0","1","4224","135168","135168","32","32","0","-","-","-","0","0","0","0","0","0","0","0","-","0","0","0","0","0","0","0","0","0","0","0","0","0","0","0","0","0","0","0","1","0","0","0","0","0","0","0","0","0","0","0","0","0","0","0","0","0","0","0","0","0","0"
"0x778791771500","@!P5  IMAD.IADD R9, R9, 0x1, -R4","0","0","0","4224","135168","0","32","0","0","-","-","-","0","0","0","0","0","0","0","0","-","0","0","0","0","0","0","0","0","0","0","0","0","0","0","0","0","0","0","0","0","0","0","0","0","0","0","0","0","0","0","0","0","0","0","0","0","0","0","0","0","0","0"
"0x778791771510","      IMAD R45, R4, R8, R45","2","0","2","4224","135168","135168","32","32","0","-","-","-","0","0","0","0","0","0","0","0","-","0","0","0","0","0","0","0","0","0","0","0","0","0","0","0","0","0","0","2","0","0","0","0","0","0","0","0","0","0","0","0","0","0","0","0","0","0","0","0","0","0","0"
"0x778791771520","      IABS R47, R18","0","0","0","4224","135168","135168","32","32","0","-","-","-","0","0","0","0","0","0","0","0","-","0","0","0","0","0","0","0","0","0","0","0","0","0","0","0","0","0","0","0","0","0","0","0","0","0","0","0","0","0","0","0","0","0","0","0","0","0","0","0","0","0","0"
"0x778791771530","@!P1  IMAD.IADD R41, R41, 0x1, -R4","0","0","0","4224","135168","0","32","0","0","-","-","-","0","0","0","0","0","0","0","0","-","0","0","0","0","0","0","0","0","0","0","0","0","0","0","0","0","0","0","0","0","0","0","0","0","0","0","0","0","0","0","0","0","0","0","0","0","0","0","0","0","0","0"
"0x778791771540","      ISETP.GT.U32.AND P5, PT, R4, R9, PT","1","0","1","4224","135168","135168","32","32","0","-","-","-","0","0","0","0","0","0","0","0","-","0","0","0","0","0","0","0","0","1","0","0","0","0","0","0","0","0","0","0","0","0","0","0","0","0","0","0","0","0","0","0","0","0","0","0","0","0","0","0","0","0","0"
"0x778791771550","@!P0  IMAD.IADD R39, R39, 0x1, -R4","0","0","0","4224","135168","0","32","0","0","-","-","-","0","0","0","0","0","0","0","0","-","0","0","0","0","0","0","0","0","0","0","0","0","0","0","0","0","0","0","0","0","0","0","0","0","0","0","0","0","0","0","0","0","0","0","0","0","0","0","0","0","0","0"
"0x778791771560","      ISETP.GT.U32.AND P0, PT, R4, R45, PT","0","0","0","4224","135168","135168","32","32","0","-","-","-","0","0","0","0","0","0","0","0","-","0","0","0","0","0","0","0","0","0","0","0","0","0","0","0","0","0","0","0","0","0","0","0","0","0","0","0","0","0","0","0","0","0","0","0","0","0","0","0","0","0","0"
"0x778791771570","      IMAD.HI.U32 R2, R6, R47, RZ","0","0","0","4224","135168","135168","32","32","0","-","-","-","0","0","0","0","0","0","0","0","-","0","0","0","0","0","0","0","0","0","0","0","0","0","0","0","0","0","0","0","0","0","0","0","0","0","0","0","0","0","0","0","0","0","0","0","0","0","0","0","0","0","0"
"0x778791771580","      ISETP.GT.U32.AND P1, PT, R4, R41, PT","0","0","0","4224","135168","135168","32","32","0","-","-","-","0","0","0","0","0","0","0","0","-","0","0","0","0","0","0","0","0","0","0","0","0","0","0","0","0","0","0","0","0","0","0","0","0","0","0","0","0","0","0","0","0","0","0","0","0","0","0","0","0","0","0"
"0x778791771590","      IMAD.MOV R8, RZ, RZ, -R2","8","1","8","4224","135168","135168","32","32","0","-","-","-","0","0","0","0","0","0","0","0","-","0","0","0","0","0","0","0","0","0","0","0","0","0","5","0","0","0","0","2","0","0","0","0","1","0","0","0","0","0","0","0","1","0","0","0","0","0","0","0","0","0","0"
"0x7787917715a0","      IMAD.HI.U32 R2, R6, R49, RZ","1","0","1","4224","135168","135168","32","32","0","-","-","-","0","0","0","0","0","0","0","0","-","0","0","0","0","0","0","0","0","0","0","0","0","0","1","0","0","0","0","0","0","0","0","0","0","0","0","0","0","0","0","0","0","0","0","0","0","0","0","0","0","0","0"
"0x7787917715b0","      IMAD R47, R4, R8, R47","7","1","7","4224","135168","135168","32","32","0","-","-","-","0","0","0","0","0","0","0","0","-","0","0","0","0","0","0","0","0","0","0","0","0","0","3","0","0","0","0","3","0","0","0","0","1","0","0","0","0","0","0","0","1","0","0","0","0","0","0","0","0","0","0"
"0x7787917715c0","      IMAD.HI.U32 R8, R6, R51, RZ","1","0","1","4224","135168","135168","32","32","0","-","-","-","0","0","0","0","0","0","0","0","-","0","0","0","0","0","0","0","0","0","0","0","0","0","1","0","0","0","0","0","0","0","0","0","0","0","0","0","0","0","0","0","0","0","0","0","0","0","0","0","0","0","0"
"0x7787917715d0","@!P5  IMAD.IADD R9, R9, 0x1, -R4","3","0","3","4224","135168","0","32","0","0","-","-","-","0","0","0","0","0","0","0","0","-","0","0","0","0","0","0","0","0","0","0","0","0","0","1","0","0","0","0","2","0","0","0","0","0","0","0","0","0","0","0","0","0","0","0","0","0","0","0","0","0","0","0"
"0x7787917715e0","      ISETP.GT.U32.AND P5, PT, R4, R47, PT","0","0","0","4224","135168","135168","32","32","0","-","-","-","0","0","0","0","0","0","0","0","-","0","0","0","0","0","0","0","0","0","0","0","0","0","0","0","0","0","0","0","0","0","0","0","0","0","0","0","0","0","0","0","0","0","0","0","0","0","0","0","0","0","0"
"0x7787917715f0","      IMAD.MOV R8, RZ, RZ, -R8","1","0","1","4224","135168","135168","32","32","0","-","-","-","0","0","0","0","0","0","0","0","-","0","0","0","0","0","0","0","0","0","0","0","0","0","0","0","0","0","0","0","1","0","0","0","0","0","0","0","0","0","0","0","0","0","0","0","0","0","0","0","0","0","0"
"0x778791771600","@!P0  IMAD.IADD R45, R45, 0x1, -R4","2","1","2","4224","135168","0","32","0","0","-","-","-","0","0","0","0","0","0","0","0","-","0","0","0","0","0","0","0","0","0","0","0","0","0","0","0","0","0","0","1","0","0","0","0","1","0","0","0","0","0","0","0","0","0","0","0","0","0","0","0","0","0","1"
"0x778791771610","      ISETP.GE.AND P0, PT, R18, RZ, PT","0","0","0","4224","135168","135168","32","32","0","-","-","-","0","0","0","0","0","0","0","0","-","0","0","0","0","0","0","0","0","0","0","0","0","0","0","0","0","0","0","0","0","0","0","0","0","0","0","0","0","0","0","0","0","0","0","0","0","0","0","0","0","0","0"
"0x778791771620","      IMAD.MOV.U32 R37, RZ, RZ, R7","0","0","0","4224","135168","135168","32","32","0","-","-","-","0","0","0","0","0","0","0","0","-","0","0","0","0","0","0","0","0","0","0","0","0","0","0","0","0","0","0","0","0","0","0","0","0","0","0","0","0","0","0","0","0","0","0","0","0","0","0","0","0","0","0"
"0x778791771630","      LOP3.LUT R18, R16, 0x59, RZ, 0xfc, !PT","4","0","4","4224","135168","135168","32","32","0","-","-","-","0","0","0","0","0","0","0","0","-","0","0","0","0","0","0","0","0","2","0","0","0","0","0","0","0","0","0","0","2","0","0","0","0","0","0","0","0","0","0","0","0","0","0","0","0","0","0","0","0","0","0"
"0x778791771640","@!P1  IMAD.IADD R41, R41, 0x1, -R4","0","0","0","4224","135168","0","32","0","0","-","-","-","0","0","0","0","0","0","0","0","-","0","0","0","0","0","0","0","0","0","0","0","0","0","0","0","0","0","0","0","0","0","0","0","0","0","0","0","0","0","0","0","0","0","0","0","0","0","0","0","0","0","0"
"0x778791771650","      ISETP.GE.AND P1, PT, R20, RZ, PT","1","0","1","4224","135168","135168","32","32","0","-","-","-","0","0","0","0","0","0","0","0","-","0","0","0","0","0","0","0","0","0","0","0","0","0","0","0","0","0","0","0","1","0","0","0","0","0","0","0","0","0","0","0","0","0","0","0","0","0","0","0","0","0","0"
"0x778791771660","      IMAD R51, R4, R8, R51","0","0","0","4224","135168","135168","32","32","0","-","-","-","0","0","0","0","0","0","0","0","-","0","0","0","0","0","0","0","0","0","0","0","0","0","0","0","0","0","0","0","0","0","0","0","0","0","0","0","0","0","0","0","0","0","0","0","0","0","0","0","0","0","0"
"0x778791771670","      LOP3.LUT R8, R16, 0x60, RZ, 0xfc, !PT","1","0","1","4224","135168","135168","32","32","0","-","-","-","0","0","0","0","0","0","0","0","-","0","0","0","0","0","0","0","0","0","0","0","0","0","0","0","0","0","0","0","1","0","0","0","0","0","0","0","0","0","0","0","0","0","0","0","0","0","0","0","0","0","0"
"0x778791771680","      IMAD.MOV R2, RZ, RZ, -R2","0","0","0","4224","135168","135168","32","32","0","-","-","-","0","0","0","0","0","0","0","0","-","0","0","0","0","0","0","0","0","0","0","0","0","0","0","0","0","0","0","0","0","0","0","0","0","0","0","0","0","0","0","0","0","0","0","0","0","0","0","0","0","0","0"
"0x778791771690","      LOP3.LUT R20, R16, 0x68, RZ, 0xfc, !PT","2","0","2","4224","135168","135168","32","32","0","-","-","-","0","0","0","0","0","0","0","0","-","0","0","0","0","0","0","0","0","0","0","0","0","0","0","0","0","0","0","0","2","0","0","0","0","0","0","0","0","0","0","0","0","0","0","0","0","0","0","0","0","0","0"
"0x7787917716a0","@!P3  IMAD.MOV R37, RZ, RZ, -R37","0","0","0","4224","135168","0","32","0","0","-","-","-","0","0","0","0","0","0","0","0","-","0","0","0","0","0","0","0","0","0","0","0","0","0","0","0","0","0","0","0","0","0","0","0","0","0","0","0","0","0","0","0","0","0","0","0","0","0","0","0","0","0","0"
"0x7787917716b0","      ISETP.GT.U32.AND P3, PT, R4, R45, PT","0","0","0","4224","135168","135168","32","32","0","-","-","-","0","0","0","0","0","0","0","0","-","0","0","0","0","0","0","0","0","0","0","0","0","0","0","0","0","0","0","0","0","0","0","0","0","0","0","0","0","0","0","0","0","0","0","0","0","0","0","0","0","0","0"
"0x7787917716c0","      IMAD.HI.U32 R14, R6, R53, RZ","0","0","0","4224","135168","135168","32","32","0","-","-","-","0","0","0","0","0","0","0","0","-","0","0","0","0","0","0","0","0","0","0","0","0","0","0","0","0","0","0","0","0","0","0","0","0","0","0","0","0","0","0","0","0","0","0","0","0","0","0","0","0","0","0"
"0x7787917716d0","      IABS R57, R8","0","0","0","4224","135168","135168","32","32","0","-","-","-","0","0","0","0","0","0","0","0","-","0","0","0","0","0","0","0","0","0","0","0","0","0","0","0","0","0","0","0","0","0","0","0","0","0","0","0","0","0","0","0","0","0","0","0","0","0","0","0","0","0","0"
"0x7787917716e0","      IABS R61, R20","4","0","4","4224","135168","135168","32","32","0","-","-","-","0","0","0","0","0","0","0","0","-","0","0","0","0","0","0","0","0","1","0","0","0","0","2","0","0","0","0","0","0","0","0","0","1","0","0","0","0","0","0","0","0","0","0","0","0","0","0","0","0","0","0"
"0x7787917716f0","@!P6  IMAD.MOV R41, RZ, RZ, -R41","1","0","1","4224","135168","0","32","0","0","-","-","-","0","0","0","0","0","0","0","0","-","0","0","0","0","0","0","0","0","0","0","0","0","0","0","0","0","0","0","0","1","0","0","0","0","0","0","0","0","0","0","0","0","0","0","0","0","0","0","0","0","0","0"
"0x778791771700","      ISETP.GT.U32.AND P6, PT, R4, R51, PT","2","0","2","4224","135168","135168","32","32","0","-","-","-","0","0","0","0","0","0","0","0","-","0","0","0","0","0","0","0","0","2","0","0","0","0","0","0","0","0","0","0","0","0","0","0","0","0","0","0","0","0","0","0","0","0","0","0","0","0","0","0","0","0","0"
"0x778791771710","      IMAD R49, R4, R2, R49","0","0","0","4224","135168","135168","32","32","0","-","-","-","0","0","0","0","0","0","0","0","-","0","0","0","0","0","0","0","0","0","0","0","0","0","0","0","0","0","0","0","0","0","0","0","0","0","0","0","0","0","0","0","0","0","0","0","0","0","0","0","0","0","0"
"0x778791771720","      IABS R2, R18","0","0","0","4224","135168","135168","32","32","0","-","-","-","0","0","0","0","0","0","0","0","-","0","0","0","0","0","0","0","0","0","0","0","0","0","0","0","0","0","0","0","0","0","0","0","0","0","0","0","0","0","0","0","0","0","0","0","0","0","0","0","0","0","0"
"0x778791771730","      IMAD.MOV R14, RZ, RZ, -R14","1","0","1","4224","135168","135168","32","32","0","-","-","-","0","0","0","0","0","0","0","0","-","0","0","0","0","0","0","0","0","0","0","0","0","0","0","0","0","0","0","0","1","0","0","0","0","0","0","0","0","0","0","0","0","0","0","0","0","0","0","0","0","0","0"
"0x778791771740","@!P5  IMAD.IADD R47, R47, 0x1, -R4","2","2","2","4224","135168","0","32","0","0","-","-","-","0","0","0","0","0","0","0","0","-","0","0","0","0","0","0","0","0","0","0","0","0","0","1","0","0","0","0","0","0","0","0","0","1","0","0","0","0","0","0","0","1","0","0","0","0","0","0","0","0","0","1"
"0x778791771750","      ISETP.GT.U32.AND P5, PT, R4, R49, PT","1","0","1","4224","135168","135168","32","32","0","-","-","-","0","0","0","0","0","0","0","0","-","0","0","0","0","0","0","0","0","0","0","0","0","0","0","0","0","0","0","0","1","0","0","0","0","0","0","0","0","0","0","0","0","0","0","0","0","0","0","0","0","0","0"
"0x778791771760","      IMAD.MOV.U32 R7, RZ, RZ, R2","1","0","1","4224","135168","135168","32","32","0","-","-","-","0","0","0","0","0","0","0","0","-","0","0","0","0","0","0","0","0","0","0","0","0","0","0","0","0","0","0","0","1","0","0","0","0","0","0","0","0","0","0","0","0","0","0","0","0","0","0","0","0","0","0"
"0x778791771770","      IMAD R53, R4, R14, R53","4","0","4","4224","135168","135168","32","32","0","-","-","-","0","0","0","0","0","0","0","0","-","0","0","0","0","0","0","0","0","0","0","0","0","0","2","0","0","0","0","0","2","0","0","0","0","0","0","0","0","0","0","0","0","0","0","0","0","0","0","0","0","0","0"
"0x778791771780","      LOP3.LUT R14, R16, 0x61, RZ, 0xfc, !PT","1","0","1","4224","135168","135168","32","32","0","-","-","-","0","0","0","0","0","0","0","0","-","0","0","0","0","0","0","0","0","0","0","0","0","0","0","0","0","0","0","0","1","0","0","0","0","0","0","0","0","0","0","0","0","0","0","0","0","0","0","0","0","0","0"
"0x778791771790","@!P4  IMAD.MOV R39, RZ, RZ, -R39","0","0","0","4224","135168","0","32","0","0","-","-","-","0","0","0","0","0","0","0","0","-","0","0","0","0","0","0","0","0","0","0","0","0","0","0","0","0","0","0","0","0","0","0","0","0","0","0","0","0","0","0","0","0","0","0","0","0","0","0","0","0","0","0"
"0x7787917717a0","      ISETP.GT.U32.AND P4, PT, R4, R47, PT","0","0","0","4224","135168","135168","32","32","0","-","-","-","0","0","0","0","0","0","0","0","-","0","0","0","0","0","0","0","0","0","0","0","0","0","0","0","0","0","0","0","0","0","0","0","0","0","0","0","0","0","0","0","0","0","0","0","0","0","0","0","0","0","0"
"0x7787917717b0","      IMAD.HI.U32 R2, R6, R7, RZ","0","0","0","4224","135168","135168","32","32","0","-","-","-","0","0","0","0","0","0","0","0","-","0","0","0","0","0","0","0","0","0","0","0","0","0","0","0","0","0","0","0","0","0","0","0","0","0","0","0","0","0","0","0","0","0","0","0","0","0","0","0","0","0","0"
"0x7787917717c0","      IABS R59, R14","1","0","1","4224","135168","135168","32","32","0","-","-","-","0","0","0","0","0","0","0","0","-","0","0","0","0","0","0","0","0","0","0","0","0","0","0","0","0","0","0","0","1","0","0","0","0","0","0","0","0","0","0","0","0","0","0","0","0","0","0","0","0","0","0"
"0x7787917717d0","@!P3  IMAD.IADD R45, R45, 0x1, -R4","2","0","2","4224","135168","0","32","0","0","-","-","-","0","0","0","0","0","0","0","0","-","0","0","0","0","0","0","0","0","0","0","0","0","0","1","0","0","0","0","1","0","0","0","0","0","0","0","0","0","0","0","0","0","0","0","0","0","0","0","0","0","0","0"
"0x7787917717e0","      ISETP.GT.U32.AND P3, PT, R4, R53, PT","0","0","0","4224","135168","135168","32","32","0","-","-","-","0","0","0","0","0","0","0","0","-","0","0","0","0","0","0","0","0","0","0","0","0","0","0","0","0","0","0","0","0","0","0","0","0","0","0","0","0","0","0","0","0","0","0","0","0","0","0","0","0","0","0"
"0x7787917717f0","@!P6  IMAD.IADD R51, R51, 0x1, -R4","1","0","1","4224","135168","0","32","0","0","-","-","-","0","0","0","0","0","0","0","0","-","0","0","0","0","0","0","0","0","0","0","0","0","0","0","0","0","0","0","0","1","0","0","0","0","0","0","0","0","0","0","0","0","0","0","0","0","0","0","0","0","0","0"
"0x778791771800","      IMAD.MOV R2, RZ, RZ, -R2","1","0","1","4224","135168","135168","32","32","0","-","-","-","0","0","0","0","0","0","0","0","-","0","0","0","0","0","0","0","0","0","0","0","0","0","0","0","0","0","0","1","0","0","0","0","0","0","0","0","0","0","0","0","0","0","0","0","0","0","0","0","0","0","0"
"0x778791771810","      IMAD.MOV.U32 R43, RZ, RZ, R9","3","0","3","4224","135168","135168","32","32","0","-","-","-","0","0","0","0","0","0","0","0","-","0","0","0","0","0","0","0","0","0","0","0","0","0","1","0","0","0","0","1","1","0","0","0","0","0","0","0","0","0","0","0","0","0","0","0","0","0","0","0","0","0","0"
"0x778791771820","@!P1  IMAD.MOV R45, RZ, RZ, -R45","1","0","1","4224","135168","0","32","0","0","-","-","-","0","0","0","0","0","0","0","0","-","0","0","0","0","0","0","0","0","0","0","0","0","0","1","0","0","0","0","0","0","0","0","0","0","0","0","0","0","0","0","0","0","0","0","0","0","0","0","0","0","0","0"
"0x778791771830","      ISETP.GT.U32.AND P1, PT, R4, R51, PT","0","0","0","4224","135168","135168","32","32","0","-","-","-","0","0","0","0","0","0","0","0","-","0","0","0","0","0","0","0","0","0","0","0","0","0","0","0","0","0","0","0","0","0","0","0","0","0","0","0","0","0","0","0","0","0","0","0","0","0","0","0","0","0","0"
"0x778791771840","      IMAD R9, R4, R2, R7","0","0","0","4224","135168","135168","32","32","0","-","-","-","0","0","0","0","0","0","0","0","-","0","0","0","0","0","0","0","0","0","0","0","0","0","0","0","0","0","0","0","0","0","0","0","0","0","0","0","0","0","0","0","0","0","0","0","0","0","0","0","0","0","0"
"0x778791771850","      IMAD.HI.U32 R2, R6, R57, RZ","1","0","1","4224","135168","135168","32","32","0","-","-","-","0","0","0","0","0","0","0","0","-","0","0","0","0","0","0","0","0","0","0","0","0","0","0","0","0","0","0","1","0","0","0","0","0","0","0","0","0","0","0","0","0","0","0","0","0","0","0","0","0","0","0"
"0x778791771860","@!P4  IMAD.IADD R47, R47, 0x1, -R4","2","0","2","4224","135168","0","32","0","0","-","-","-","0","0","0","0","0","0","0","0","-","0","0","0","0","0","0","0","0","0","0","0","0","0","0","0","0","0","0","1","0","0","0","0","1","0","0","0","0","0","0","0","0","0","0","0","0","0","0","0","0","0","0"
"0x778791771870","      ISETP.GE.AND P4, PT, R24, RZ, PT","0","0","0","4224","135168","135168","32","32","0","-","-","-","0","0","0","0","0","0","0","0","-","0","0","0","0","0","0","0","0","0","0","0","0","0","0","0","0","0","0","0","0","0","0","0","0","0","0","0","0","0","0","0","0","0","0","0","0","0","0","0","0","0","0"
"0x778791771880","      IMAD.MOV R2, RZ, RZ, -R2","0","0","0","4224","135168","135168","32","32","0","-","-","-","0","0","0","0","0","0","0","0","-","0","0","0","0","0","0","0","0","0","0","0","0","0","0","0","0","0","0","0","0","0","0","0","0","0","0","0","0","0","0","0","0","0","0","0","0","0","0","0","0","0","0"
"0x778791771890","@!P3  IMAD.IADD R53, R53, 0x1, -R4","0","0","0","4224","135168","0","32","0","0","-","-","-","0","0","0","0","0","0","0","0","-","0","0","0","0","0","0","0","0","0","0","0","0","0","0","0","0","0","0","0","0","0","0","0","0","0","0","0","0","0","0","0","0","0","0","0","0","0","0","0","0","0","0"
"0x7787917718a0","      IMAD R57, R4, R2, R57","1","0","1","4224","135168","135168","32","32","0","-","-","-","0","0","0","0","0","0","0","0","-","0","0","0","0","0","0","0","0","0","0","0","0","0","0","0","0","0","0","0","1","0","0","0","0","0","0","0","0","0","0","0","0","0","0","0","0","0","0","0","0","0","0"
"0x7787917718b0","@!P0  IMAD.MOV R47, RZ, RZ, -R47","0","0","0","4224","135168","0","32","0","0","-","-","-","0","0","0","0","0","0","0","0","-","0","0","0","0","0","0","0","0","0","0","0","0","0","0","0","0","0","0","0","0","0","0","0","0","0","0","0","0","0","0","0","0","0","0","0","0","0","0","0","0","0","0"
"0x7787917718c0","      ISETP.GT.U32.AND P0, PT, R4, R9, PT","0","0","0","4224","135168","135168","32","32","0","-","-","-","0","0","0","0","0","0","0","0","-","0","0","0","0","0","0","0","0","0","0","0","0","0","0","0","0","0","0","0","0","0","0","0","0","0","0","0","0","0","0","0","0","0","0","0","0","0","0","0","0","0","0"
"0x7787917718d0","@!P1  IMAD.IADD R51, R51, 0x1, -R4","0","0","0","4224","135168","0","32","0","0","-","-","-","0","0","0","0","0","0","0","0","-","0","0","0","0","0","0","0","0","0","0","0","0","0","0","0","0","0","0","0","0","0","0","0","0","0","0","0","0","0","0","0","0","0","0","0","0","0","0","0","0","0","0"
"0x7787917718e0","      ISETP.GT.U32.AND P3, PT, R4, R53, PT","0","0","0","4224","135168","135168","32","32","0","-","-","-","0","0","0","0","0","0","0","0","-","0","0","0","0","0","0","0","0","0","0","0","0","0","0","0","0","0","0","0","0","0","0","0","0","0","0","0","0","0","0","0","0","0","0","0","0","0","0","0","0","0","0"
"0x7787917718f0","@!P5  IMAD.IADD R49, R49, 0x1, -R4","0","0","0","4224","135168","0","32","0","0","-","-","-","0","0","0","0","0","0","0","0","-","0","0","0","0","0","0","0","0","0","0","0","0","0","0","0","0","0","0","0","0","0","0","0","0","0","0","0","0","0","0","0","0","0","0","0","0","0","0","0","0","0","0"
"0x778791771900","      ISETP.GT.U32.AND P1, PT, R4, R57, PT","0","0","0","4224","135168","135168","32","32","0","-","-","-","0","0","0","0","0","0","0","0","-","0","0","0","0","0","0","0","0","0","0","0","0","0","0","0","0","0","0","0","0","0","0","0","0","0","0","0","0","0","0","0","0","0","0","0","0","0","0","0","0","0","0"
"0x778791771910","      IMAD.HI.U32 R2, R6, R59, RZ","0","0","0","4224","135168","135168","32","32","0","-","-","-","0","0","0","0","0","0","0","0","-","0","0","0","0","0","0","0","0","0","0","0","0","0","0","0","0","0","0","0","0","0","0","0","0","0","0","0","0","0","0","0","0","0","0","0","0","0","0","0","0","0","0"
"0x778791771920","      ISETP.GE.AND P5, PT, R26, RZ, PT","0","0","0","4224","135168","135168","32","32","0","-","-","-","0","0","0","0","0","0","0","0","-","0","0","0","0","0","0","0","0","0","0","0","0","0","0","0","0","0","0","0","0","0","0","0","0","0","0","0","0","0","0","0","0","0","0","0","0","0","0","0","0","0","0"
"0x778791771930","      ISETP.GT.U32.AND P6, PT, R4, R49, PT","2","0","2","4224","135168","135168","32","32","0","-","-","-","0","0","0","0","0","0","0","0","-","0","0","0","0","0","0","0","0","0","0","0","0","0","1","0","0","0","0","1","0","0","0","0","0","0","0","0","0","0","0","0","0","0","0","0","0","0","0","0","0","0","0"
"0x778791771940","      IMAD.MOV R7, RZ, RZ, -R2","0","0","0","4224","135168","135168","32","32","0","-","-","-","0","0","0","0","0","0","0","0","-","0","0","0","0","0","0","0","0","0","0","0","0","0","0","0","0","0","0","0","0","0","0","0","0","0","0","0","0","0","0","0","0","0","0","0","0","0","0","0","0","0","0"
"0x778791771950","      IMAD.HI.U32 R2, R6, R61, RZ","0","0","0","4224","135168","135168","32","32","0","-","-","-","0","0","0","0","0","0","0","0","-","0","0","0","0","0","0","0","0","0","0","0","0","0","0","0","0","0","0","0","0","0","0","0","0","0","0","0","0","0","0","0","0","0","0","0","0","0","0","0","0","0","0"
"0x778791771960","@!P0  IMAD.IADD R9, R9, 0x1, -R4","5","0","5","4224","135168","0","32","0","0","-","-","-","0","0","0","0","0","0","0","0","-","0","0","0","0","0","0","0","0","0","0","0","0","0","2","0","0","0","0","2","1","0","0","0","0","0","0","0","0","0","0","0","0","0","0","0","0","0","0","0","0","0","0"
"0x778791771970","      ISETP.GE.AND P0, PT, R14, RZ, PT","0","0","0","4224","135168","135168","32","32","0","-","-","-","0","0","0","0","0","0","0","0","-","0","0","0","0","0","0","0","0","0","0","0","0","0","0","0","0","0","0","0","0","0","0","0","0","0","0","0","0","0","0","0","0","0","0","0","0","0","0","0","0","0","0"
"0x778791771980","@!P3  IMAD.IADD R53, R53, 0x1, -R4","0","0","0","4224","135168","0","32","0","0","-","-","-","0","0","0","0","0","0","0","0","-","0","0","0","0","0","0","0","0","0","0","0","0","0","0","0","0","0","0","0","0","0","0","0","0","0","0","0","0","0","0","0","0","0","0","0","0","0","0","0","0","0","0"
"0x778791771990","      ISETP.GE.AND P3, PT, R8, RZ, PT","0","0","0","4224","135168","135168","32","32","0","-","-","-","0","0","0","0","0","0","0","0","-","0","0","0","0","0","0","0","0","0","0","0","0","0","0","0","0","0","0","0","0","0","0","0","0","0","0","0","0","0","0","0","0","0","0","0","0","0","0","0","0","0","0"
"0x7787917719a0","@!P1  IMAD.IADD R57, R57, 0x1, -R4","0","0","0","4224","135168","0","32","0","0","-","-","-","0","0","0","0","0","0","0","0","-","0","0","0","0","0","0","0","0","0","0","0","0","0","0","0","0","0","0","0","0","0","0","0","0","0","0","0","0","0","0","0","0","0","0","0","0","0","0","0","0","0","0"
"0x7787917719b0","      IABS R8, R16","0","0","0","4224","135168","135168","32","32","0","-","-","-","0","0","0","0","0","0","0","0","-","0","0","0","0","0","0","0","0","0","0","0","0","0","0","0","0","0","0","0","0","0","0","0","0","0","0","0","0","0","0","0","0","0","0","0","0","0","0","0","0","0","0"
"0x7787917719c0","@!P2  IMAD.MOV R43, RZ, RZ, -R43","0","0","0","4224","135168","0","32","0","0","-","-","-","0","0","0","0","0","0","0","0","-","0","0","0","0","0","0","0","0","0","0","0","0","0","0","0","0","0","0","0","0","0","0","0","0","0","0","0","0","0","0","0","0","0","0","0","0","0","0","0","0","0","0"
"0x7787917719d0","      ISETP.GT.U32.AND P1, PT, R4, R9, PT","1","0","1","4224","135168","135168","32","32","0","-","-","-","0","0","0","0","0","0","0","0","-","0","0","0","0","0","0","0","0","0","0","0","0","0","0","0","0","0","0","0","1","0","0","0","0","0","0","0","0","0","0","0","0","0","0","0","0","0","0","0","0","0","0"
"0x7787917719e0","      IMAD R59, R4, R7, R59","0","0","0","4224","135168","135168","32","32","0","-","-","-","0","0","0","0","0","0","0","0","-","0","0","0","0","0","0","0","0","0","0","0","0","0","0","0","0","0","0","0","0","0","0","0","0","0","0","0","0","0","0","0","0","0","0","0","0","0","0","0","0","0","0"
"0x7787917719f0","      ISETP.GE.AND P2, PT, R22, RZ, PT","0","0","0","4224","135168","135168","32","32","0","-","-","-","0","0","0","0","0","0","0","0","-","0","0","0","0","0","0","0","0","0","0","0","0","0","0","0","0","0","0","0","0","0","0","0","0","0","0","0","0","0","0","0","0","0","0","0","0","0","0","0","0","0","0"
"0x778791771a00","      IMAD.MOV.U32 R7, RZ, RZ, R8","0","0","0","4224","135168","135168","32","32","0","-","-","-","0","0","0","0","0","0","0","0","-","0","0","0","0","0","0","0","0","0","0","0","0","0","0","0","0","0","0","0","0","0","0","0","0","0","0","0","0","0","0","0","0","0","0","0","0","0","0","0","0","0","0"
"0x778791771a10","      LOP3.LUT R14, R16, 0x71, RZ, 0xfc, !PT","0","0","0","4224","135168","135168","32","32","0","-","-","-","0","0","0","0","0","0","0","0","-","0","0","0","0","0","0","0","0","0","0","0","0","0","0","0","0","0","0","0","0","0","0","0","0","0","0","0","0","0","0","0","0","0","0","0","0","0","0","0","0","0","0"
"0x778791771a20","      IMAD.MOV R8, RZ, RZ, -R2","0","0","0","4224","135168","135168","32","32","0","-","-","-","0","0","0","0","0","0","0","0","-","0","0","0","0","0","0","0","0","0","0","0","0","0","0","0","0","0","0","0","0","0","0","0","0","0","0","0","0","0","0","0","0","0","0","0","0","0","0","0","0","0","0"
"0x778791771a30","@!P6  IMAD.IADD R49, R49, 0x1, -R4","1","0","1","4224","135168","0","32","0","0","-","-","-","0","0","0","0","0","0","0","0","-","0","0","0","0","0","0","0","0","0","0","0","0","0","0","0","0","0","0","0","1","0","0","0","0","0","0","0","0","0","0","0","0","0","0","0","0","0","0","0","0","0","0"
"0x778791771a40","      ISETP.GE.AND P6, PT, R18, RZ, PT","0","0","0","4224","135168","135168","32","32","0","-","-","-","0","0","0","0","0","0","0","0","-","0","0","0","0","0","0","0","0","0","0","0","0","0","0","0","0","0","0","0","0","0","0","0","0","0","0","0","0","0","0","0","0","0","0","0","0","0","0","0","0","0","0"
"0x778791771a50","      IMAD R61, R4, R8, R61","0","0","0","4224","135168","135168","32","32","0","-","-","-","0","0","0","0","0","0","0","0","-","0","0","0","0","0","0","0","0","0","0","0","0","0","0","0","0","0","0","0","0","0","0","0","0","0","0","0","0","0","0","0","0","0","0","0","0","0","0","0","0","0","0"
"0x778791771a60","      LOP3.LUT R8, R16, 0x70, RZ, 0xfc, !PT","0","0","0","4224","135168","135168","32","32","0","-","-","-","0","0","0","0","0","0","0","0","-","0","0","0","0","0","0","0","0","0","0","0","0","0","0","0","0","0","0","0","0","0","0","0","0","0","0","0","0","0","0","0","0","0","0","0","0","0","0","0","0","0","0"
"0x778791771a70","      IMAD.HI.U32 R2, R6, R7, RZ","0","0","0","4224","135168","135168","32","32","0","-","-","-","0","0","0","0","0","0","0","0","-","0","0","0","0","0","0","0","0","0","0","0","0","0","0","0","0","0","0","0","0","0","0","0","0","0","0","0","0","0","0","0","0","0","0","0","0","0","0","0","0","0","0"
"0x778791771a80","      IABS R67, R14","0","0","0","4224","135168","135168","32","32","0","-","-","-","0","0","0","0","0","0","0","0","-","0","0","0","0","0","0","0","0","0","0","0","0","0","0","0","0","0","0","0","0","0","0","0","0","0","0","0","0","0","0","0","0","0","0","0","0","0","0","0","0","0","0"
"0x778791771a90","      IABS R65, R8","1","0","1","4224","135168","135168","32","32","0","-","-","-","0","0","0","0","0","0","0","0","-","0","0","0","0","0","0","0","0","0","0","0","0","0","0","0","0","0","0","0","1","0","0","0","0","0","0","0","0","0","0","0","0","0","0","0","0","0","0","0","0","0","0"
"0x778791771aa0","@!P4  IMAD.MOV R51, RZ, RZ, -R51","1","0","1","4224","135168","0","32","0","0","-","-","-","0","0","0","0","0","0","0","0","-","0","0","0","0","0","0","0","0","0","0","0","0","0","0","0","0","0","0","0","1","0","0","0","0","0","0","0","0","0","0","0","0","0","0","0","0","0","0","0","0","0","0"
"0x778791771ab0","      ISETP.GT.U32.AND P4, PT, R4, R59, PT","0","0","0","4224","135168","135168","32","32","0","-","-","-","0","0","0","0","0","0","0","0","-","0","0","0","0","0","0","0","0","0","0","0","0","0","0","0","0","0","0","0","0","0","0","0","0","0","0","0","0","0","0","0","0","0","0","0","0","0","0","0","0","0","0"
"0x778791771ac0","@!P1  IMAD.IADD R9, R9, 0x1, -R4","1","0","1","4224","135168","0","32","0","0","-","-","-","0","0","0","0","0","0","0","0","-","0","0","0","0","0","0","0","0","0","0","0","0","0","0","0","0","0","0","0","1","0","0","0","0","0","0","0","0","0","0","0","0","0","0","0","0","0","0","0","0","0","0"
"0x778791771ad0","      ISETP.GT.U32.AND P1, PT, R4, R61, PT","1","0","1","4224","135168","135168","32","32","0","-","-","-","0","0","0","0","0","0","0","0","-","0","0","0","0","0","0","0","0","0","0","0","0","0","0","0","0","0","0","0","1","0","0","0","0","0","0","0","0","0","0","0","0","0","0","0","0","0","0","0","0","0","0"
"0x778791771ae0","      IMAD.MOV R2, RZ, RZ, -R2","0","0","0","4224","135168","135168","32","32","0","-","-","-","0","0","0","0","0","0","0","0","-","0","0","0","0","0","0","0","0","0","0","0","0","0","0","0","0","0","0","0","0","0","0","0","0","0","0","0","0","0","0","0","0","0","0","0","0","0","0","0","0","0","0"
"0x778791771af0","@!P2  IMAD.MOV R49, RZ, RZ, -R49","1","0","1","4224","135168","0","32","0","0","-","-","-","0","0","0","0","0","0","0","0","-","0","0","0","0","0","0","0","0","0","0","0","0","0","0","0","0","0","0","0","1","0","0","0","0","0","0","0","0","0","0","0","0","0","0","0","0","0","0","0","0","0","0"
"0x778791771b00","      ISETP.GT.U32.AND P2, PT, R4, R57, PT","0","0","0","4224","135168","135168","32","32","0","-","-","-","0","0","0","0","0","0","0","0","-","0","0","0","0","0","0","0","0","0","0","0","0","0","0","0","0","0","0","0","0","0","0","0","0","0","0","0","0","0","0","0","0","0","0","0","0","0","0","0","0","0","0"
"0x778791771b10","      IMAD R7, R4, R2, R7","0","0","0","4224","135168","135168","32","32","0","-","-","-","0","0","0","0","0","0","0","0","-","0","0","0","0","0","0","0","0","0","0","0","0","0","0","0","0","0","0","0","0","0","0","0","0","0","0","0","0","0","0","0","0","0","0","0","0","0","0","0","0","0","0"
"0x778791771b20","      LOP3.LUT R2, R16, 0x69, RZ, 0xfc, !PT","1","0","1","4224","135168","135168","32","32","0","-","-","-","0","0","0","0","0","0","0","0","-","0","0","0","0","0","0","0","0","0","0","0","0","0","0","0","0","0","0","0","1","0","0","0","0","0","0","0","0","0","0","0","0","0","0","0","0","0","0","0","0","0","0"
"0x778791771b30","      IMAD.MOV.U32 R55, RZ, RZ, R9","0","0","0","4224","135168","135168","32","32","0","-","-","-","0","0","0","0","0","0","0","0","-","0","0","0","0","0","0","0","0","0","0","0","0","0","0","0","0","0","0","0","0","0","0","0","0","0","0","0","0","0","0","0","0","0","0","0","0","0","0","0","0","0","0"
"0x778791771b40","@!P5  IMAD.MOV R53, RZ, RZ, -R53","0","0","0","4224","135168","0","32","0","0","-","-","-","0","0","0","0","0","0","0","0","-","0","0","0","0","0","0","0","0","0","0","0","0","0","0","0","0","0","0","0","0","0","0","0","0","0","0","0","0","0","0","0","0","0","0","0","0","0","0","0","0","0","0"
"0x778791771b50","      IABS R63, R2","0","0","0","4224","135168","135168","32","32","0","-","-","-","0","0","0","0","0","0","0","0","-","0","0","0","0","0","0","0","0","0","0","0","0","0","0","0","0","0","0","0","0","0","0","0","0","0","0","0","0","0","0","0","0","0","0","0","0","0","0","0","0","0","0"
"0x778791771b60","@!P6  IMAD.MOV R55, RZ, RZ, -R55","0","0","0","4224","135168","0","32","0","0","-","-","-","0","0","0","0","0","0","0","0","-","0","0","0","0","0","0","0","0","0","0","0","0","0","0","0","0","0","0","0","0","0","0","0","0","0","0","0","0","0","0","0","0","0","0","0","0","0","0","0","0","0","0"
"0x778791771b70","      ISETP.GT.U32.AND P6, PT, R4, R7, PT","0","0","0","4224","135168","135168","32","32","0","-","-","-","0","0","0","0","0","0","0","0","-","0","0","0","0","0","0","0","0","0","0","0","0","0","0","0","0","0","0","0","0","0","0","0","0","0","0","0","0","0","0","0","0","0","0","0","0","0","0","0","0","0","0"
"0x778791771b80","@!P4  IMAD.IADD R59, R59, 0x1, -R4","0","0","0","4224","135168","0","32","0","0","-","-","-","0","0","0","0","0","0","0","0","-","0","0","0","0","0","0","0","0","0","0","0","0","0","0","0","0","0","0","0","0","0","0","0","0","0","0","0","0","0","0","0","0","0","0","0","0","0","0","0","0","0","0"
"0x778791771b90","      ISETP.GE.AND P5, PT, R20, RZ, PT","0","0","0","4224","135168","135168","32","32","0","-","-","-","0","0","0","0","0","0","0","0","-","0","0","0","0","0","0","0","0","0","0","0","0","0","0","0","0","0","0","0","0","0","0","0","0","0","0","0","0","0","0","0","0","0","0","0","0","0","0","0","0","0","0"
"0x778791771ba0","@!P1  IMAD.IADD R61, R61, 0x1, -R4","0","0","0","4224","135168","0","32","0","0","-","-","-","0","0","0","0","0","0","0","0","-","0","0","0","0","0","0","0","0","0","0","0","0","0","0","0","0","0","0","0","0","0","0","0","0","0","0","0","0","0","0","0","0","0","0","0","0","0","0","0","0","0","0"
"0x778791771bb0","@!P2  IMAD.IADD R57, R57, 0x1, -R4","3","0","3","4224","135168","0","32","0","0","-","-","-","0","0","0","0","0","0","0","0","-","0","0","0","0","0","0","0","0","0","0","0","0","0","1","0","0","0","0","2","0","0","0","0","0","0","0","0","0","0","0","0","0","0","0","0","0","0","0","0","0","0","0"
"0x778791771bc0","      ISETP.GE.AND P2, PT, R2, RZ, PT","0","0","0","4224","135168","135168","32","32","0","-","-","-","0","0","0","0","0","0","0","0","-","0","0","0","0","0","0","0","0","0","0","0","0","0","0","0","0","0","0","0","0","0","0","0","0","0","0","0","0","0","0","0","0","0","0","0","0","0","0","0","0","0","0"
"0x778791771bd0","      IMAD.HI.U32 R2, R6, R63, RZ","0","0","0","4224","135168","135168","32","32","0","-","-","-","0","0","0","0","0","0","0","0","-","0","0","0","0","0","0","0","0","0","0","0","0","0","0","0","0","0","0","0","0","0","0","0","0","0","0","0","0","0","0","0","0","0","0","0","0","0","0","0","0","0","0"
"0x778791771be0","      ISETP.GT.U32.AND P4, PT, R4, R59, PT","0","0","0","4224","135168","135168","32","32","0","-","-","-","0","0","0","0","0","0","0","0","-","0","0","0","0","0","0","0","0","0","0","0","0","0","0","0","0","0","0","0","0","0","0","0","0","0","0","0","0","0","0","0","0","0","0","0","0","0","0","0","0","0","0"
"0x778791771bf0","      ISETP.GT.U32.AND P1, PT, R4, R61, PT","1","0","1","4224","135168","135168","32","32","0","-","-","-","0","0","0","0","0","0","0","0","-","0","0","0","0","0","0","0","0","1","0","0","0","0","0","0","0","0","0","0","0","0","0","0","0","0","0","0","0","0","0","0","0","0","0","0","0","0","0","0","0","0","0"
"0x778791771c00","      IMAD.MOV R9, RZ, RZ, -R2","0","0","0","4224","135168","135168","32","32","0","-","-","-","0","0","0","0","0","0","0","0","-","0","0","0","0","0","0","0","0","0","0","0","0","0","0","0","0","0","0","0","0","0","0","0","0","0","0","0","0","0","0","0","0","0","0","0","0","0","0","0","0","0","0"
"0x778791771c10","@!P6  IMAD.IADD R7, R7, 0x1, -R4","3","0","3","4224","135168","0","32","0","0","-","-","-","0","0","0","0","0","0","0","0","-","0","0","0","0","0","0","0","0","0","0","0","0","0","0","0","0","0","0","1","1","0","0","0","1","0","0","0","0","0","0","0","0","0","0","0","0","0","0","0","0","0","0"
"0x778791771c20","      IMAD.HI.U32 R2, R6, R65, RZ","0","0","0","4224","135168","135168","32","32","0","-","-","-","0","0","0","0","0","0","0","0","-","0","0","0","0","0","0","0","0","0","0","0","0","0","0","0","0","0","0","0","0","0","0","0","0","0","0","0","0","0","0","0","0","0","0","0","0","0","0","0","0","0","0"
"0x778791771c30","      ISETP.GT.U32.AND P6, PT, R4, R7, PT","4","0","4","4224","135168","135168","32","32","0","-","-","-","0","0","0","0","0","0","0","0","-","0","0","0","0","0","0","0","0","0","0","0","0","0","0","0","0","0","0","3","0","0","0","0","1","0","0","0","0","0","0","0","0","0","0","0","0","0","0","0","0","0","0"
"0x778791771c40","      IMAD R63, R4, R9, R63","0","0","0","4224","135168","135168","32","32","0","-","-","-","0","0","0","0","0","0","0","0","-","0","0","0","0","0","0","0","0","0","0","0","0","0","0","0","0","0","0","0","0","0","0","0","0","0","0","0","0","0","0","0","0","0","0","0","0","0","0","0","0","0","0"
"0x778791771c50","@!P4  IMAD.IADD R59, R59, 0x1, -R4","1","0","1","4224","135168","0","32","0","0","-","-","-","0","0","0","0","0","0","0","0","-","0","0","0","0","0","0","0","0","0","0","0","0","0","0","0","0","0","0","0","1","0","0","0","0","0","0","0","0","0","0","0","0","0","0","0","0","0","0","0","0","0","0"
"0x778791771c60","      ISETP.GE.AND P4, PT, R14, RZ, PT","0","0","0","4224","135168","135168","32","32","0","-","-","-","0","0","0","0","0","0","0","0","-","0","0","0","0","0","0","0","0","0","0","0","0","0","0","0","0","0","0","0","0","0","0","0","0","0","0","0","0","0","0","0","0","0","0","0","0","0","0","0","0","0","0"
"0x778791771c70","      IMAD.MOV R2, RZ, RZ, -R2","1","0","1","4224","135168","135168","32","32","0","-","-","-","0","0","0","0","0","0","0","0","-","0","0","0","0","0","0","0","0","0","0","0","0","0","0","0","0","0","0","0","1","0","0","0","0","0","0","0","0","0","0","0","0","0","0","0","0","0","0","0","0","0","0"
"0x778791771c80","      IABS R14, R81","0","0","0","4224","135168","135168","32","32","0","-","-","-","0","0","0","0","0","0","0","0","-","0","0","0","0","0","0","0","0","0","0","0","0","0","0","0","0","0","0","0","0","0","0","0","0","0","0","0","0","0","0","0","0","0","0","0","0","0","0","0","0","0","0"
"0x778791771c90","@!P1  IMAD.IADD R61, R61, 0x1, -R4","1","0","1","4224","135168","0","32","0","0","-","-","-","0","0","0","0","0","0","0","0","-","0","0","0","0","0","0","0","0","0","0","0","0","0","0","0","0","0","0","0","1","0","0","0","0","0","0","0","0","0","0","0","0","0","0","0","0","0","0","0","0","0","0"
"0x778791771ca0","      ISETP.GT.U32.AND P1, PT, R4, R63, PT","0","0","0","4224","135168","135168","32","32","0","-","-","-","0","0","0","0","0","0","0","0","-","0","0","0","0","0","0","0","0","0","0","0","0","0","0","0","0","0","0","0","0","0","0","0","0","0","0","0","0","0","0","0","0","0","0","0","0","0","0","0","0","0","0"
"0x778791771cb0","      IMAD R65, R4, R2, R65","0","0","0","4224","135168","135168","32","32","0","-","-","-","0","0","0","0","0","0","0","0","-","0","0","0","0","0","0","0","0","0","0","0","0","0","0","0","0","0","0","0","0","0","0","0","0","0","0","0","0","0","0","0","0","0","0","0","0","0","0","0","0","0","0"
"0x778791771cc0","      LOP3.LUT R2, R16, 0x78, RZ, 0xfc, !PT","2","0","2","4224","135168","135168","32","32","0","-","-","-","0","0","0","0","0","0","0","0","-","0","0","0","0","0","0","0","0","0","0","0","0","0","0","0","0","0","0","0","2","0","0","0","0","0","0","0","0","0","0","0","0","0","0","0","0","0","0","0","0","0","0"
"0x778791771cd0","@!P0  IMAD.MOV R59, RZ, RZ, -R59","1","0","1","4224","135168","0","32","0","0","-","-","-","0","0","0","0","0","0","0","0","-","0","0","0","0","0","0","0","0","0","0","0","0","0","0","0","0","0","0","0","1","0","0","0","0","0","0","0","0","0","0","0","0","0","0","0","0","0","0","0","0","0","0"
"0x778791771ce0","      ISETP.GE.AND P0, PT, R16, RZ, PT","0","0","0","4224","135168","135168","32","32","0","-","-","-","0","0","0","0","0","0","0","0","-","0","0","0","0","0","0","0","0","0","0","0","0","0","0","0","0","0","0","0","0","0","0","0","0","0","0","0","0","0","0","0","0","0","0","0","0","0","0","0","0","0","0"
"0x778791771cf0","@!P6  IMAD.IADD R7, R7, 0x1, -R4","0","0","0","4224","135168","0","32","0","0","-","-","-","0","0","0","0","0","0","0","0","-","0","0","0","0","0","0","0","0","0","0","0","0","0","0","0","0","0","0","0","0","0","0","0","0","0","0","0","0","0","0","0","0","0","0","0","0","0","0","0","0","0","0"
"0x778791771d00","      IABS R73, R2","0","0","0","4224","135168","135168","32","32","0","-","-","-","0","0","0","0","0","0","0","0","-","0","0","0","0","0","0","0","0","0","0","0","0","0","0","0","0","0","0","0","0","0","0","0","0","0","0","0","0","0","0","0","0","0","0","0","0","0","0","0","0","0","0"
"0x778791771d10","@!P5  IMAD.MOV R61, RZ, RZ, -R61","1","0","1","4224","135168","0","32","0","0","-","-","-","0","0","0","0","0","0","0","0","-","0","0","0","0","0","0","0","0","0","0","0","0","0","0","0","0","0","0","0","1","0","0","0","0","0","0","0","0","0","0","0","0","0","0","0","0","0","0","0","0","0","0"
"0x778791771d20","      ISETP.GE.AND P5, PT, R2, RZ, PT","1","0","1","4224","135168","135168","32","32","0","-","-","-","0","0","0","0","0","0","0","0","-","0","0","0","0","0","0","0","0","0","0","0","0","0","0","0","0","0","0","0","1","0","0","0","0","0","0","0","0","0","0","0","0","0","0","0","0","0","0","0","0","0","0"
"0x778791771d30","      IMAD.MOV.U32 R9, RZ, RZ, R7","0","0","0","4224","135168","135168","32","32","0","-","-","-","0","0","0","0","0","0","0","0","-","0","0","0","0","0","0","0","0","0","0","0","0","0","0","0","0","0","0","0","0","0","0","0","0","0","0","0","0","0","0","0","0","0","0","0","0","0","0","0","0","0","0"
"0x778791771d40","      ISETP.NE.AND P6, PT, R72, RZ, PT","0","0","0","4224","135168","135168","32","32","0","-","-","-","0","0","0","0","0","0","0","0","-","0","0","0","0","0","0","0","0","0","0","0","0","0","0","0","0","0","0","0","0","0","0","0","0","0","0","0","0","0","0","0","0","0","0","0","0","0","0","0","0","0","0"
"0x778791771d50","      IMAD.HI.U32 R2, R6, R73, RZ","0","0","0","4224","135168","135168","32","32","0","-","-","-","0","0","0","0","0","0","0","0","-","0","0","0","0","0","0","0","0","0","0","0","0","0","0","0","0","0","0","0","0","0","0","0","0","0","0","0","0","0","0","0","0","0","0","0","0","0","0","0","0","0","0"
"0x778791771d60","      LOP3.LUT R72, RZ, R72, RZ, 0x33, !PT","0","0","0","4224","135168","135168","32","32","0","-","-","-","0","0","0","0","0","0","0","0","-","0","0","0","0","0","0","0","0","0","0","0","0","0","0","0","0","0","0","0","0","0","0","0","0","0","0","0","0","0","0","0","0","0","0","0","0","0","0","0","0","0","0"
"0x778791771d70","      LOP3.LUT R16, R16, 0x79, RZ, 0xfc, !PT","3","0","3","4224","135168","135168","32","32","0","-","-","-","0","0","0","0","0","0","0","0","-","0","0","0","0","0","0","0","0","0","0","0","0","0","0","0","0","0","0","2","1","0","0","0","0","0","0","0","0","0","0","0","0","0","0","0","0","0","0","0","0","0","0"
"0x778791771d80","@!P1  IMAD.IADD R63, R63, 0x1, -R4","0","0","0","4224","135168","0","32","0","0","-","-","-","0","0","0","0","0","0","0","0","-","0","0","0","0","0","0","0","0","0","0","0","0","0","0","0","0","0","0","0","0","0","0","0","0","0","0","0","0","0","0","0","0","0","0","0","0","0","0","0","0","0","0"
"0x778791771d90","      SEL R18, R72, R11, !P6","2","0","2","4224","135168","135168","32","32","0","-","-","-","0","0","0","0","0","0","0","0","-","0","0","0","0","0","0","0","0","1","0","0","0","0","0","0","0","0","0","0","1","0","0","0","0","0","0","0","0","0","0","0","0","0","0","0","0","0","0","0","0","0","0"
"0x778791771da0","@!P0  IMAD.MOV R9, RZ, RZ, -R9","0","0","0","4224","135168","0","32","0","0","-","-","-","0","0","0","0","0","0","0","0","-","0","0","0","0","0","0","0","0","0","0","0","0","0","0","0","0","0","0","0","0","0","0","0","0","0","0","0","0","0","0","0","0","0","0","0","0","0","0","0","0","0","0"
"0x778791771db0","      IABS R75, R16","0","0","0","4224","135168","135168","32","32","0","-","-","-","0","0","0","0","0","0","0","0","-","0","0","0","0","0","0","0","0","0","0","0","0","0","0","0","0","0","0","0","0","0","0","0","0","0","0","0","0","0","0","0","0","0","0","0","0","0","0","0","0","0","0"
"0x778791771dc0","      IMAD.MOV R2, RZ, RZ, -R2","0","0","0","4224","135168","135168","32","32","0","-","-","-","0","0","0","0","0","0","0","0","-","0","0","0","0","0","0","0","0","0","0","0","0","0","0","0","0","0","0","0","0","0","0","0","0","0","0","0","0","0","0","0","0","0","0","0","0","0","0","0","0","0","0"
"0x778791771dd0","      ISETP.GT.U32.AND P0, PT, R4, R63, PT","0","0","0","4224","135168","135168","32","32","0","-","-","-","0","0","0","0","0","0","0","0","-","0","0","0","0","0","0","0","0","0","0","0","0","0","0","0","0","0","0","0","0","0","0","0","0","0","0","0","0","0","0","0","0","0","0","0","0","0","0","0","0","0","0"
"0x778791771de0","@!P3  IMAD.MOV R57, RZ, RZ, -R57","0","0","0","4224","135168","0","32","0","0","-","-","-","0","0","0","0","0","0","0","0","-","0","0","0","0","0","0","0","0","0","0","0","0","0","0","0","0","0","0","0","0","0","0","0","0","0","0","0","0","0","0","0","0","0","0","0","0","0","0","0","0","0","0"
"0x778791771df0","      ISETP.GE.AND P3, PT, R8, RZ, PT","1","0","1","4224","135168","135168","32","32","0","-","-","-","0","0","0","0","0","0","0","0","-","0","0","0","0","0","0","0","0","0","0","0","0","0","0","0","0","0","0","0","1","0","0","0","0","0","0","0","0","0","0","0","0","0","0","0","0","0","0","0","0","0","0"
"0x778791771e00","      IMAD.MOV.U32 R7, RZ, RZ, R14","1","0","1","4224","135168","135168","32","32","0","-","-","-","0","0","0","0","0","0","0","0","-","0","0","0","0","0","0","0","0","0","0","0","0","0","0","0","0","0","0","0","1","0","0","0","0","0","0","0","0","0","0","0","0","0","0","0","0","0","0","0","0","0","0"
"0x778791771e10","      SEL R77, R72, R9, !P6","0","0","0","4224","135168","135168","32","32","0","-","-","-","0","0","0","0","0","0","0","0","-","0","0","0","0","0","0","0","0","0","0","0","0","0","0","0","0","0","0","0","0","0","0","0","0","0","0","0","0","0","0","0","0","0","0","0","0","0","0","0","0","0","0"
"0x778791771e20","      IMAD.HI.U32 R8, R6, R67, RZ","0","0","0","4224","135168","135168","32","32","0","-","-","-","0","0","0","0","0","0","0","0","-","0","0","0","0","0","0","0","0","0","0","0","0","0","0","0","0","0","0","0","0","0","0","0","0","0","0","0","0","0","0","0","0","0","0","0","0","0","0","0","0","0","0"
"0x778791771e30","      ISETP.GE.AND P1, PT, R16, RZ, PT","0","0","0","4224","135168","135168","32","32","0","-","-","-","0","0","0","0","0","0","0","0","-","0","0","0","0","0","0","0","0","0","0","0","0","0","0","0","0","0","0","0","0","0","0","0","0","0","0","0","0","0","0","0","0","0","0","0","0","0","0","0","0","0","0"
"0x778791771e40","      SHF.R.S32.HI R9, RZ, 0x1f, R18","3","0","3","4224","135168","135168","32","32","0","-","-","-","0","0","0","0","0","0","0","0","-","0","0","0","0","0","0","0","0","0","0","0","0","0","2","0","0","0","0","1","0","0","0","0","0","0","0","0","0","0","0","0","0","0","0","0","0","0","0","0","0","0","0"
"0x778791771e50","      IMAD R11, R4, R2, R73","0","0","0","4224","135168","135168","32","32","0","-","-","-","0","0","0","0","0","0","0","0","-","0","0","0","0","0","0","0","0","0","0","0","0","0","0","0","0","0","0","0","0","0","0","0","0","0","0","0","0","0","0","0","0","0","0","0","0","0","0","0","0","0","0"
"0x778791771e60","      SEL R19, R72, R19, !P6","0","0","0","4224","135168","135168","32","32","0","-","-","-","0","0","0","0","0","0","0","0","-","0","0","0","0","0","0","0","0","0","0","0","0","0","0","0","0","0","0","0","0","0","0","0","0","0","0","0","0","0","0","0","0","0","0","0","0","0","0","0","0","0","0"
"0x778791771e70","      I2F.RP R2, R7","2","0","2","4224","135168","135168","32","32","0","-","-","-","0","0","0","0","0","0","0","0","-","0","0","0","0","0","0","0","0","0","0","0","0","0","0","0","0","0","0","0","2","0","0","0","0","0","0","0","0","0","0","0","0","0","0","0","0","0","0","0","0","0","0"
"0x778791771e80","      IMAD.MOV R8, RZ, RZ, -R8","0","0","0","4224","135168","135168","32","32","0","-","-","-","0","0","0","0","0","0","0","0","-","0","0","0","0","0","0","0","0","0","0","0","0","0","0","0","0","0","0","0","0","0","0","0","0","0","0","0","0","0","0","0","0","0","0","0","0","0","0","0","0","0","0"
"0x778791771e90","      SEL R20, R72, R21, !P6","0","0","0","4224","135168","135168","32","32","0","-","-","-","0","0","0","0","0","0","0","0","-","0","0","0","0","0","0","0","0","0","0","0","0","0","0","0","0","0","0","0","0","0","0","0","0","0","0","0","0","0","0","0","0","0","0","0","0","0","0","0","0","0","0"
"0x778791771ea0","@!P0  IMAD.IADD R63, R63, 0x1, -R4","1","0","1","4224","135168","0","32","0","0","-","-","-","0","0","0","0","0","0","0","0","-","0","0","0","0","0","0","0","0","0","0","0","0","0","0","0","0","0","0","0","1","0","0","0","0","0","0","0","0","0","0","0","0","0","0","0","0","0","0","0","0","0","0"
"0x778791771eb0","      ISETP.GT.U32.AND P0, PT, R4, R65, PT","0","0","0","4224","135168","135168","32","32","0","-","-","-","0","0","0","0","0","0","0","0","-","0","0","0","0","0","0","0","0","0","0","0","0","0","0","0","0","0","0","0","0","0","0","0","0","0","0","0","0","0","0","0","0","0","0","0","0","0","0","0","0","0","0"
"0x778791771ec0","      IMAD R67, R4, R8, R67","1","0","1","4224","135168","135168","32","32","0","-","-","-","0","0","0","0","0","0","0","0","-","0","0","0","0","0","0","0","0","0","0","0","0","0","0","0","0","0","0","0","1","0","0","0","0","0","0","0","0","0","0","0","0","0","0","0","0","0","0","0","0","0","0"
"0x778791771ed0","      SEL R21, R72, R23, !P6","1","0","1","4224","135168","135168","32","32","0","-","-","-","0","0","0","0","0","0","0","0","-","0","0","0","0","0","0","0","0","0","0","0","0","0","0","0","0","0","0","0","1","0","0","0","0","0","0","0","0","0","0","0","0","0","0","0","0","0","0","0","0","0","0"
"0x778791771ee0","      IMAD.HI.U32 R8, R6, R75, RZ","1","0","1","4224","135168","135168","32","32","0","-","-","-","0","0","0","0","0","0","0","0","-","0","0","0","0","0","0","0","0","0","0","0","0","0","0","0","0","0","0","0","1","0","0","0","0","0","0","0","0","0","0","0","0","0","0","0","0","0","0","0","0","0","0"
"0x778791771ef0","      SEL R25, R72, R25, !P6","1","0","1","4224","135168","135168","32","32","0","-","-","-","0","0","0","0","0","0","0","0","-","0","0","0","0","0","0","0","0","0","0","0","0","0","0","0","0","0","0","0","1","0","0","0","0","0","0","0","0","0","0","0","0","0","0","0","0","0","0","0","0","0","0"
"0x778791771f00","      SEL R29, R72, R29, !P6","3","0","3","4224","135168","135168","32","32","0","-","-","-","0","0","0","0","0","0","0","0","-","0","0","0","0","0","0","0","0","1","0","0","0","0","1","0","0","0","0","1","0","0","0","0","0","0","0","0","0","0","0","0","0","0","0","0","0","0","0","0","0","0","0"
"0x778791771f10","      IMAD.MOV R14, RZ, RZ, -R8","1","0","1","4224","135168","135168","32","32","0","-","-","-","0","0","0","0","0","0","0","0","-","0","0","0","0","0","0","0","0","0","0","0","0","0","0","0","0","0","0","0","1","0","0","0","0","0","0","0","0","0","0","0","0","0","0","0","0","0","0","0","0","0","0"
"0x778791771f20","      SHF.R.S32.HI R8, RZ, 0x1f, R77","2","0","2","4224","135168","135168","32","32","0","-","-","-","0","0","0","0","0","0","0","0","-","0","0","0","0","0","0","0","0","1","0","0","0","0","0","0","0","0","0","0","1","0","0","0","0","0","0","0","0","0","0","0","0","0","0","0","0","0","0","0","0","0","0"
"0x778791771f30","@!P2  IMAD.MOV R63, RZ, RZ, -R63","0","0","0","4224","135168","0","32","0","0","-","-","-","0","0","0","0","0","0","0","0","-","0","0","0","0","0","0","0","0","0","0","0","0","0","0","0","0","0","0","0","0","0","0","0","0","0","0","0","0","0","0","0","0","0","0","0","0","0","0","0","0","0","0"
"0x778791771f40","      ISETP.GT.U32.AND P2, PT, R4, R67, PT","0","0","0","4224","135168","135168","32","32","0","-","-","-","0","0","0","0","0","0","0","0","-","0","0","0","0","0","0","0","0","0","0","0","0","0","0","0","0","0","0","0","0","0","0","0","0","0","0","0","0","0","0","0","0","0","0","0","0","0","0","0","0","0","0"
"0x778791771f50","      IMAD R73, R4, R14, R75","0","0","0","4224","135168","135168","32","32","0","-","-","-","0","0","0","0","0","0","0","0","-","0","0","0","0","0","0","0","0","0","0","0","0","0","0","0","0","0","0","0","0","0","0","0","0","0","0","0","0","0","0","0","0","0","0","0","0","0","0","0","0","0","0"
"0x778791771f60","      MUFU.RCP R2, R2","0","0","0","4224","135168","135168","32","32","0","-","-","-","0","0","0","0","0","0","0","0","-","0","0","0","0","0","0","0","0","0","0","0","0","0","0","0","0","0","0","0","0","0","0","0","0","0","0","0","0","0","0","0","0","0","0","0","0","0","0","0","0","0","0"
"0x778791771f70","      SEL R75, R72, R13, !P6","0","0","0","4224","135168","135168","32","32","0","-","-","-","0","0","0","0","0","0","0","0","-","0","0","0","0","0","0","0","0","0","0","0","0","0","0","0","0","0","0","0","0","0","0","0","0","0","0","0","0","0","0","0","0","0","0","0","0","0","0","0","0","0","0"
"0x778791771f80","@!P0  IMAD.IADD R65, R65, 0x1, -R4","0","0","0","4224","135168","0","32","0","0","-","-","-","0","0","0","0","0","0","0","0","-","0","0","0","0","0","0","0","0","0","0","0","0","0","0","0","0","0","0","0","0","0","0","0","0","0","0","0","0","0","0","0","0","0","0","0","0","0","0","0","0","0","0"
"0x778791771f90","      LEA.HI R16, R8, R77, RZ, 0x7","0","0","0","4224","135168","135168","32","32","0","-","-","-","0","0","0","0","0","0","0","0","-","0","0","0","0","0","0","0","0","0","0","0","0","0","0","0","0","0","0","0","0","0","0","0","0","0","0","0","0","0","0","0","0","0","0","0","0","0","0","0","0","0","0"
"0x778791771fa0","      SHF.R.S32.HI R8, RZ, 0x1f, R75","0","0","0","4224","135168","135168","32","32","0","-","-","-","0","0","0","0","0","0","0","0","-","0","0","0","0","0","0","0","0","0","0","0","0","0","0","0","0","0","0","0","0","0","0","0","0","0","0","0","0","0","0","0","0","0","0","0","0","0","0","0","0","0","0"
"0x778791771fb0","      SEL R14, R72, R15, !P6","3","2","3","4224","135168","135168","32","32","0","-","-","-","0","0","0","0","0","0","0","0","-","0","0","0","0","0","0","0","0","1","0","0","0","0","1","0","0","0","0","0","1","0","0","0","0","0","0","1","0","0","0","0","1","0","0","0","0","0","0","0","0","0","0"
"0x778791771fc0","      SEL R77, R72, R17, !P6","0","0","0","4224","135168","135168","32","32","0","-","-","-","0","0","0","0","0","0","0","0","-","0","0","0","0","0","0","0","0","0","0","0","0","0","0","0","0","0","0","0","0","0","0","0","0","0","0","0","0","0","0","0","0","0","0","0","0","0","0","0","0","0","0"
"0x778791771fd0","      LEA.HI R13, R9, R18, RZ, 0x7","0","0","0","4224","135168","135168","32","32","0","-","-","-","0","0","0","0","0","0","0","0","-","0","0","0","0","0","0","0","0","0","0","0","0","0","0","0","0","0","0","0","0","0","0","0","0","0","0","0","0","0","0","0","0","0","0","0","0","0","0","0","0","0","0"
"0x778791771fe0","@!P2  IMAD.IADD R67, R67, 0x1, -R4","1","0","1","4224","135168","0","32","0","0","-","-","-","0","0","0","0","0","0","0","0","-","0","0","0","0","0","0","0","0","0","0","0","0","0","0","0","0","0","0","0","1","0","0","0","0","0","0","0","0","0","0","0","0","0","0","0","0","0","0","0","0","0","0"
"0x778791771ff0","      LEA.HI R15, R8, R75, RZ, 0x7","0","0","0","4224","135168","135168","32","32","0","-","-","-","0","0","0","0","0","0","0","0","-","0","0","0","0","0","0","0","0","0","0","0","0","0","0","0","0","0","0","0","0","0","0","0","0","0","0","0","0","0","0","0","0","0","0","0","0","0","0","0","0","0","0"
"0x778791772000","      SHF.R.S32.HI R9, RZ, 0x1f, R14","0","0","0","4224","135168","135168","32","32","0","-","-","-","0","0","0","0","0","0","0","0","-","0","0","0","0","0","0","0","0","0","0","0","0","0","0","0","0","0","0","0","0","0","0","0","0","0","0","0","0","0","0","0","0","0","0","0","0","0","0","0","0","0","0"
"0x778791772010","      SHF.R.S32.HI R8, RZ, 0x1f, R77","2","0","2","4224","135168","135168","32","32","0","-","-","-","0","0","0","0","0","0","0","0","-","0","0","0","0","0","0","0","0","0","0","0","0","0","0","0","0","0","0","1","0","0","0","0","1","0","0","0","0","0","0","0","0","0","0","0","0","0","0","0","0","0","0"
"0x778791772020","      VIADD R2, R2, 0xffffffe","0","0","0","4224","135168","135168","32","32","0","-","-","-","0","0","0","0","0","0","0","0","-","0","0","0","0","0","0","0","0","0","0","0","0","0","0","0","0","0","0","0","0","0","0","0","0","0","0","0","0","0","0","0","0","0","0","0","0","0","0","0","0","0","0"
"0x778791772030","      ISETP.GT.U32.AND P0, PT, R4, R65, PT","0","0","0","4224","135168","135168","32","32","0","-","-","-","0","0","0","0","0","0","0","0","-","0","0","0","0","0","0","0","0","0","0","0","0","0","0","0","0","0","0","0","0","0","0","0","0","0","0","0","0","0","0","0","0","0","0","0","0","0","0","0","0","0","0"
"0x778791772040","      LEA.HI R17, R9, R14, RZ, 0x7","1","0","1","4224","135168","135168","32","32","0","-","-","-","0","0","0","0","0","0","0","0","-","0","0","0","0","0","0","0","0","0","0","0","0","0","0","0","0","0","0","1","0","0","0","0","0","0","0","0","0","0","0","0","0","0","0","0","0","0","0","0","0","0","0"
"0x778791772050","      LEA.HI R18, R8, R77, RZ, 0x7","1","1","1","4224","135168","135168","32","32","0","-","-","-","0","0","0","0","0","0","0","0","-","0","0","0","0","0","0","0","0","0","0","0","0","0","0","0","0","0","0","0","0","0","0","0","1","0","0","0","0","0","0","0","0","0","0","0","0","0","0","0","0","0","1"
"0x778791772060","      SHF.R.S32.HI R8, RZ, 0x1f, R19","0","0","0","4224","135168","135168","32","32","0","-","-","-","0","0","0","0","0","0","0","0","-","0","0","0","0","0","0","0","0","0","0","0","0","0","0","0","0","0","0","0","0","0","0","0","0","0","0","0","0","0","0","0","0","0","0","0","0","0","0","0","0","0","0"
"0x778791772070","      SHF.R.S32.HI R9, RZ, 0x1f, R20","1","0","1","4224","135168","135168","32","32","0","-","-","-","0","0","0","0","0","0","0","0","-","0","0","0","0","0","0","0","0","0","0","0","0","0","1","0","0","0","0","0","0","0","0","0","0","0","0","0","0","0","0","0","0","0","0","0","0","0","0","0","0","0","0"
"0x778791772080","      ISETP.GT.U32.AND P2, PT, R4, R67, PT","1","0","1","4224","135168","135168","32","32","0","-","-","-","0","0","0","0","0","0","0","0","-","0","0","0","0","0","0","0","0","0","0","0","0","0","1","0","0","0","0","0","0","0","0","0","0","0","0","0","0","0","0","0","0","0","0","0","0","0","0","0","0","0","0"
"0x778791772090","      LEA.HI R19, R8, R19, RZ, 0x7","2","0","2","4224","135168","135168","32","32","0","-","-","-","0","0","0","0","0","0","0","0","-","0","0","0","0","0","0","0","0","0","0","0","0","0","1","0","0","0","0","0","1","0","0","0","0","0","0","0","0","0","0","0","0","0","0","0","0","0","0","0","0","0","0"
"0x7787917720a0","@!P0  IMAD.IADD R65, R65, 0x1, -R4","0","0","0","4224","135168","0","32","0","0","-","-","-","0","0","0","0","0","0","0","0","-","0","0","0","0","0","0","0","0","0","0","0","0","0","0","0","0","0","0","0","0","0","0","0","0","0","0","0","0","0","0","0","0","0","0","0","0","0","0","0","0","0","0"
"0x7787917720b0","      LEA.HI R20, R9, R20, RZ, 0x7","2","0","2","4224","135168","135168","32","32","0","-","-","-","0","0","0","0","0","0","0","0","-","0","0","0","0","0","0","0","0","0","0","0","0","0","0","0","0","0","0","0","2","0","0","0","0","0","0","0","0","0","0","0","0","0","0","0","0","0","0","0","0","0","0"
"0x7787917720c0","      SHF.R.S32.HI R8, RZ, 0x1f, R21","3","0","3","4224","135168","135168","32","32","0","-","-","-","0","0","0","0","0","0","0","0","-","0","0","0","0","0","0","0","0","0","0","0","0","0","1","0","0","0","0","2","0","0","0","0","0","0","0","0","0","0","0","0","0","0","0","0","0","0","0","0","0","0","0"
"0x7787917720d0","      F2I.FTZ.U32.TRUNC.NTZ R9, R2","0","0","0","4224","135168","135168","32","32","0","-","-","-","0","0","0","0","0","0","0","0","-","0","0","0","0","0","0","0","0","0","0","0","0","0","0","0","0","0","0","0","0","0","0","0","0","0","0","0","0","0","0","0","0","0","0","0","0","0","0","0","0","0","0"
"0x7787917720e0","      ISETP.GT.U32.AND P0, PT, R4, R11, PT","0","0","0","4224","135168","135168","32","32","0","-","-","-","0","0","0","0","0","0","0","0","-","0","0","0","0","0","0","0","0","0","0","0","0","0","0","0","0","0","0","0","0","0","0","0","0","0","0","0","0","0","0","0","0","0","0","0","0","0","0","0","0","0","0"
"0x7787917720f0","@!P3  IMAD.MOV R65, RZ, RZ, -R65","1","0","1","4224","135168","0","32","0","0","-","-","-","0","0","0","0","0","0","0","0","-","0","0","0","0","0","0","0","0","0","0","0","0","0","0","0","0","0","0","0","1","0","0","0","0","0","0","0","0","0","0","0","0","0","0","0","0","0","0","0","0","0","0"
"0x778791772100","      LEA.HI R21, R8, R21, RZ, 0x7","0","0","0","4224","135168","135168","32","32","0","-","-","-","0","0","0","0","0","0","0","0","-","0","0","0","0","0","0","0","0","0","0","0","0","0","0","0","0","0","0","0","0","0","0","0","0","0","0","0","0","0","0","0","0","0","0","0","0","0","0","0","0","0","0"
"0x778791772110","      SHF.R.S32.HI R8, RZ, 0x1f, R25","1","0","1","4224","135168","135168","32","32","0","-","-","-","0","0","0","0","0","0","0","0","-","0","0","0","0","0","0","0","0","0","0","0","0","0","1","0","0","0","0","0","0","0","0","0","0","0","0","0","0","0","0","0","0","0","0","0","0","0","0","0","0","0","0"
"0x778791772120","@!P2  IMAD.IADD R67, R67, 0x1, -R4","1","0","1","4224","135168","0","32","0","0","-","-","-","0","0","0","0","0","0","0","0","-","0","0","0","0","0","0","0","0","0","0","0","0","0","0","0","0","0","0","0","1","0","0","0","0","0","0","0","0","0","0","0","0","0","0","0","0","0","0","0","0","0","0"
"0x778791772130","      SEL R23, R72, R27, !P6","1","0","1","4224","135168","135168","32","32","0","-","-","-","0","0","0","0","0","0","0","0","-","0","0","0","0","0","0","0","0","0","0","0","0","0","0","0","0","0","0","0","1","0","0","0","0","0","0","0","0","0","0","0","0","0","0","0","0","0","0","0","0","0","0"
"0x778791772140","      LEA.HI R22, R8, R25, RZ, 0x7","0","0","0","4224","135168","135168","32","32","0","-","-","-","0","0","0","0","0","0","0","0","-","0","0","0","0","0","0","0","0","0","0","0","0","0","0","0","0","0","0","0","0","0","0","0","0","0","0","0","0","0","0","0","0","0","0","0","0","0","0","0","0","0","0"
"0x778791772150","@!P4  IMAD.MOV R67, RZ, RZ, -R67","0","0","0","4224","135168","0","32","0","0","-","-","-","0","0","0","0","0","0","0","0","-","0","0","0","0","0","0","0","0","0","0","0","0","0","0","0","0","0","0","0","0","0","0","0","0","0","0","0","0","0","0","0","0","0","0","0","0","0","0","0","0","0","0"
"0x778791772160","      SHF.R.S32.HI R8, RZ, 0x1f, R29","0","0","0","4224","135168","135168","32","32","0","-","-","-","0","0","0","0","0","0","0","0","-","0","0","0","0","0","0","0","0","0","0","0","0","0","0","0","0","0","0","0","0","0","0","0","0","0","0","0","0","0","0","0","0","0","0","0","0","0","0","0","0","0","0"
"0x778791772170","      SHF.R.S32.HI R14, RZ, 0x1f, R23","1","0","1","4224","135168","135168","32","32","0","-","-","-","0","0","0","0","0","0","0","0","-","0","0","0","0","0","0","0","0","0","0","0","0","0","0","0","0","0","0","0","1","0","0","0","0","0","0","0","0","0","0","0","0","0","0","0","0","0","0","0","0","0","0"
"0x778791772180","@!P0  IMAD.IADD R11, R11, 0x1, -R4","0","0","0","4224","135168","0","32","0","0","-","-","-","0","0","0","0","0","0","0","0","-","0","0","0","0","0","0","0","0","0","0","0","0","0","0","0","0","0","0","0","0","0","0","0","0","0","0","0","0","0","0","0","0","0","0","0","0","0","0","0","0","0","0"
"0x778791772190","      SEL R25, R72, R31, !P6","1","0","1","4224","135168","135168","32","32","0","-","-","-","0","0","0","0","0","0","0","0","-","0","0","0","0","0","0","0","0","1","0","0","0","0","0","0","0","0","0","0","0","0","0","0","0","0","0","0","0","0","0","0","0","0","0","0","0","0","0","0","0","0","0"
"0x7787917721a0","      SEL R33, R72, R33, !P6","2","0","2","4224","135168","135168","32","32","0","-","-","-","0","0","0","0","0","0","0","0","-","0","0","0","0","0","0","0","0","0","0","0","0","0","0","0","0","0","0","0","2","0","0","0","0","0","0","0","0","0","0","0","0","0","0","0","0","0","0","0","0","0","0"
"0x7787917721b0","      ISETP.GT.U32.AND P2, PT, R4, R73, PT","1","0","1","4224","135168","135168","32","32","0","-","-","-","0","0","0","0","0","0","0","0","-","0","0","0","0","0","0","0","0","0","0","0","0","0","0","0","0","0","0","0","1","0","0","0","0","0","0","0","0","0","0","0","0","0","0","0","0","0","0","0","0","0","0"
"0x7787917721c0","      LEA.HI R24, R8, R29, RZ, 0x7","1","0","1","4224","135168","135168","32","32","0","-","-","-","0","0","0","0","0","0","0","0","-","0","0","0","0","0","0","0","0","0","0","0","0","0","0","0","0","0","0","1","0","0","0","0","0","0","0","0","0","0","0","0","0","0","0","0","0","0","0","0","0","0","0"
"0x7787917721d0","      LEA.HI R23, R14, R23, RZ, 0x7","1","0","1","4224","135168","135168","32","32","0","-","-","-","0","0","0","0","0","0","0","0","-","0","0","0","0","0","0","0","0","0","0","0","0","0","0","0","0","0","0","0","1","0","0","0","0","0","0","0","0","0","0","0","0","0","0","0","0","0","0","0","0","0","0"
"0x7787917721e0","      IMAD.MOV R14, RZ, RZ, -R9","0","0","0","4224","135168","135168","32","32","0","-","-","-","0","0","0","0","0","0","0","0","-","0","0","0","0","0","0","0","0","0","0","0","0","0","0","0","0","0","0","0","0","0","0","0","0","0","0","0","0","0","0","0","0","0","0","0","0","0","0","0","0","0","0"
"0x7787917721f0","      SHF.R.S32.HI R2, RZ, 0x1f, R25","0","0","0","4224","135168","135168","32","32","0","-","-","-","0","0","0","0","0","0","0","0","-","0","0","0","0","0","0","0","0","0","0","0","0","0","0","0","0","0","0","0","0","0","0","0","0","0","0","0","0","0","0","0","0","0","0","0","0","0","0","0","0","0","0"
"0x778791772200","      SHF.R.S32.HI R8, RZ, 0x1f, R33","2","0","2","4224","135168","135168","32","32","0","-","-","-","0","0","0","0","0","0","0","0","-","0","0","0","0","0","0","0","0","0","0","0","0","0","0","0","0","0","0","2","0","0","0","0","0","0","0","0","0","0","0","0","0","0","0","0","0","0","0","0","0","0","0"
"0x778791772210","      IMAD R27, R14, R7, RZ","1","0","1","4224","135168","135168","32","32","0","-","-","-","0","0","0","0","0","0","0","0","-","0","0","0","0","0","0","0","0","0","0","0","0","0","0","0","0","0","0","0","1","0","0","0","0","0","0","0","0","0","0","0","0","0","0","0","0","0","0","0","0","0","0"
"0x778791772220","      LEA.HI R25, R2, R25, RZ, 0x7","1","0","1","4224","135168","135168","32","32","0","-","-","-","0","0","0","0","0","0","0","0","-","0","0","0","0","0","0","0","0","0","0","0","0","0","0","0","0","0","0","0","1","0","0","0","0","0","0","0","0","0","0","0","0","0","0","0","0","0","0","0","0","0","0"
"0x778791772230","      LEA.HI R26, R8, R33, RZ, 0x7","1","0","1","4224","135168","135168","32","32","0","-","-","-","0","0","0","0","0","0","0","0","-","0","0","0","0","0","0","0","0","0","0","0","0","0","0","0","0","0","0","0","1","0","0","0","0","0","0","0","0","0","0","0","0","0","0","0","0","0","0","0","0","0","0"
"0x778791772240","      IMAD.MOV.U32 R8, RZ, RZ, RZ","0","0","0","4224","135168","135168","32","32","0","-","-","-","0","0","0","0","0","0","0","0","-","0","0","0","0","0","0","0","0","0","0","0","0","0","0","0","0","0","0","0","0","0","0","0","0","0","0","0","0","0","0","0","0","0","0","0","0","0","0","0","0","0","0"
"0x778791772250","      LOP3.LUT R2, R10, R3, RZ, 0xfc, !PT","1","0","1","4224","135168","135168","32","32","0","-","-","-","0","0","0","0","0","0","0","0","-","0","0","0","0","0","0","0","0","1","0","0","0","0","0","0","0","0","0","0","0","0","0","0","0","0","0","0","0","0","0","0","0","0","0","0","0","0","0","0","0","0","0"
"0x778791772260","@!P2  IMAD.IADD R73, R73, 0x1, -R4","0","0","0","4224","135168","0","32","0","0","-","-","-","0","0","0","0","0","0","0","0","-","0","0","0","0","0","0","0","0","0","0","0","0","0","0","0","0","0","0","0","0","0","0","0","0","0","0","0","0","0","0","0","0","0","0","0","0","0","0","0","0","0","0"
"0x778791772270","      SEL R35, R72, R35, !P6","0","0","0","4224","135168","135168","32","32","0","-","-","-","0","0","0","0","0","0","0","0","-","0","0","0","0","0","0","0","0","0","0","0","0","0","0","0","0","0","0","0","0","0","0","0","0","0","0","0","0","0","0","0","0","0","0","0","0","0","0","0","0","0","0"
"0x778791772280","      IMAD.HI.U32 R8, R9, R27, R8","0","0","0","4224","135168","135168","32","32","0","-","-","-","0","0","0","0","0","0","0","0","-","0","0","0","0","0","0","0","0","0","0","0","0","0","0","0","0","0","0","0","0","0","0","0","0","0","0","0","0","0","0","0","0","0","0","0","0","0","0","0","0","0","0"
"0x778791772290","      ISETP.GE.AND P0, PT, R2, RZ, PT","0","0","0","4224","135168","135168","32","32","0","-","-","-","0","0","0","0","0","0","0","0","-","0","0","0","0","0","0","0","0","0","0","0","0","0","0","0","0","0","0","0","0","0","0","0","0","0","0","0","0","0","0","0","0","0","0","0","0","0","0","0","0","0","0"
"0x7787917722a0","      ISETP.GT.U32.AND P3, PT, R4, R11, PT","5","1","5","4224","135168","135168","32","32","0","-","-","-","0","0","0","0","0","0","0","0","-","0","0","0","0","0","0","0","0","1","0","0","0","0","2","0","0","0","0","1","0","0","0","0","1","0","0","0","0","0","0","0","1","0","0","0","0","0","0","0","0","0","0"
"0x7787917722b0","      IABS R30, R2","1","1","1","4224","135168","135168","32","32","0","-","-","-","0","0","0","0","0","0","0","0","-","0","0","0","0","0","0","0","0","0","0","0","0","0","0","0","0","0","0","0","0","0","0","0","1","0","0","0","0","0","0","0","0","0","0","0","0","0","0","0","0","0","1"
"0x7787917722c0","      SHF.R.S32.HI R2, RZ, 0x1f, R35","2","1","2","4224","135168","135168","32","32","0","-","-","-","0","0","0","0","0","0","0","0","-","0","0","0","0","0","0","0","0","0","0","0","0","0","0","0","0","0","0","0","1","0","0","0","1","0","0","0","0","0","0","0","0","0","0","0","0","0","0","0","0","0","1"
"0x7787917722d0","      SEL R37, R72, R37, !P6","2","1","2","4224","135168","135168","32","32","0","-","-","-","0","0","0","0","0","0","0","0","-","0","0","0","0","0","0","0","0","0","0","0","0","0","0","0","0","0","0","0","1","0","0","0","1","0","0","0","0","0","0","0","0","0","0","0","0","0","0","0","0","0","1"
"0x7787917722e0","      LEA.HI R9, R2, R35, RZ, 0x7","3","1","3","4224","135168","135168","32","32","0","-","-","-","0","0","0","0","0","0","0","0","-","0","0","0","0","0","0","0","0","1","0","0","0","0","0","0","0","0","0","0","1","0","0","0","1","0","0","1","0","0","0","0","0","0","0","0","0","0","0","0","0","0","0"
"0x7787917722f0","      IMAD.HI.U32 R2, R8, R30, RZ","0","0","0","4224","135168","135168","32","32","0","-","-","-","0","0","0","0","0","0","0","0","-","0","0","0","0","0","0","0","0","0","0","0","0","0","0","0","0","0","0","0","0","0","0","0","0","0","0","0","0","0","0","0","0","0","0","0","0","0","0","0","0","0","0"
"0x778791772300","      ISETP.GT.U32.AND P2, PT, R4, R73, PT","0","0","0","4224","135168","135168","32","32","0","-","-","-","0","0","0","0","0","0","0","0","-","0","0","0","0","0","0","0","0","0","0","0","0","0","0","0","0","0","0","0","0","0","0","0","0","0","0","0","0","0","0","0","0","0","0","0","0","0","0","0","0","0","0"
"0x778791772310","      SHF.R.S32.HI R14, RZ, 0x1f, R37","3","0","3","4224","135168","135168","32","32","0","-","-","-","0","0","0","0","0","0","0","0","-","0","0","0","0","0","0","0","0","0","0","0","0","0","0","0","0","0","0","1","2","0","0","0","0","0","0","0","0","0","0","0","0","0","0","0","0","0","0","0","0","0","0"
"0x778791772320","      IMAD.MOV R2, RZ, RZ, -R2","0","0","0","4224","135168","135168","32","32","0","-","-","-","0","0","0","0","0","0","0","0","-","0","0","0","0","0","0","0","0","0","0","0","0","0","0","0","0","0","0","0","0","0","0","0","0","0","0","0","0","0","0","0","0","0","0","0","0","0","0","0","0","0","0"
"0x778791772330","      SEL R29, R72, R41, !P6","0","0","0","4224","135168","135168","32","32","0","-","-","-","0","0","0","0","0","0","0","0","-","0","0","0","0","0","0","0","0","0","0","0","0","0","0","0","0","0","0","0","0","0","0","0","0","0","0","0","0","0","0","0","0","0","0","0","0","0","0","0","0","0","0"
"0x778791772340","@!P3  IMAD.IADD R11, R11, 0x1, -R4","0","0","0","4224","135168","0","32","0","0","-","-","-","0","0","0","0","0","0","0","0","-","0","0","0","0","0","0","0","0","0","0","0","0","0","0","0","0","0","0","0","0","0","0","0","0","0","0","0","0","0","0","0","0","0","0","0","0","0","0","0","0","0","0"
"0x778791772350","      LOP3.LUT R3, R10, 0x8, R3, 0xfe, !PT","0","0","0","4224","135168","135168","32","32","0","-","-","-","0","0","0","0","0","0","0","0","-","0","0","0","0","0","0","0","0","0","0","0","0","0","0","0","0","0","0","0","0","0","0","0","0","0","0","0","0","0","0","0","0","0","0","0","0","0","0","0","0","0","0"
"0x778791772360","      IMAD R2, R7, R2, R30","1","0","1","4224","135168","135168","32","32","0","-","-","-","0","0","0","0","0","0","0","0","-","0","0","0","0","0","0","0","0","0","0","0","0","0","0","0","0","0","0","0","1","0","0","0","0","0","0","0","0","0","0","0","0","0","0","0","0","0","0","0","0","0","0"
"0x778791772370","      SEL R28, R72, R39, !P6","0","0","0","4224","135168","135168","32","32","0","-","-","-","0","0","0","0","0","0","0","0","-","0","0","0","0","0","0","0","0","0","0","0","0","0","0","0","0","0","0","0","0","0","0","0","0","0","0","0","0","0","0","0","0","0","0","0","0","0","0","0","0","0","0"
"0x778791772380","@!P5  IMAD.MOV R11, RZ, RZ, -R11","1","0","1","4224","135168","0","32","0","0","-","-","-","0","0","0","0","0","0","0","0","-","0","0","0","0","0","0","0","0","0","0","0","0","0","0","0","0","0","0","0","1","0","0","0","0","0","0","0","0","0","0","0","0","0","0","0","0","0","0","0","0","0","0"
"0x778791772390","      LEA.HI R27, R14, R37, RZ, 0x7","0","0","0","4224","135168","135168","32","32","0","-","-","-","0","0","0","0","0","0","0","0","-","0","0","0","0","0","0","0","0","0","0","0","0","0","0","0","0","0","0","0","0","0","0","0","0","0","0","0","0","0","0","0","0","0","0","0","0","0","0","0","0","0","0"
"0x7787917723a0","      SHF.R.S32.HI R14, RZ, 0x1f, R29","1","0","1","4224","135168","135168","32","32","0","-","-","-","0","0","0","0","0","0","0","0","-","0","0","0","0","0","0","0","0","0","0","0","0","0","0","0","0","0","0","1","0","0","0","0","0","0","0","0","0","0","0","0","0","0","0","0","0","0","0","0","0","0","0"
"0x7787917723b0","@!P2  IMAD.IADD R73, R73, 0x1, -R4","0","0","0","4224","135168","0","32","0","0","-","-","-","0","0","0","0","0","0","0","0","-","0","0","0","0","0","0","0","0","0","0","0","0","0","0","0","0","0","0","0","0","0","0","0","0","0","0","0","0","0","0","0","0","0","0","0","0","0","0","0","0","0","0"
"0x7787917723c0","      ISETP.GE.AND P3, PT, R3, RZ, PT","0","0","0","4224","135168","135168","32","32","0","-","-","-","0","0","0","0","0","0","0","0","-","0","0","0","0","0","0","0","0","0","0","0","0","0","0","0","0","0","0","0","0","0","0","0","0","0","0","0","0","0","0","0","0","0","0","0","0","0","0","0","0","0","0"
"0x7787917723d0","      IABS R33, R3","6","1","6","4224","135168","135168","32","32","0","-","-","-","0","0","0","0","0","0","0","0","-","0","0","0","0","0","0","0","0","0","0","0","0","0","3","0","0","0","0","3","0","0","0","0","0","0","0","0","0","0","0","0","1","0","0","0","0","0","0","0","0","0","0"
"0x7787917723e0","@!P1  IMAD.MOV R73, RZ, RZ, -R73","0","0","0","4224","135168","0","32","0","0","-","-","-","0","0","0","0","0","0","0","0","-","0","0","0","0","0","0","0","0","0","0","0","0","0","0","0","0","0","0","0","0","0","0","0","0","0","0","0","0","0","0","0","0","0","0","0","0","0","0","0","0","0","0"
"0x7787917723f0","      SEL R43, R72, R43, !P6","0","0","0","4224","135168","135168","32","32","0","-","-","-","0","0","0","0","0","0","0","0","-","0","0","0","0","0","0","0","0","0","0","0","0","0","0","0","0","0","0","0","0","0","0","0","0","0","0","0","0","0","0","0","0","0","0","0","0","0","0","0","0","0","0"
"0x778791772400","      SHF.R.S32.HI R3, RZ, 0x1f, R28","1","1","1","4224","135168","135168","32","32","0","-","-","-","0","0","0","0","0","0","0","0","-","0","0","0","0","0","0","0","0","0","0","0","0","0","0","0","0","0","0","0","0","0","0","0","1","0","0","0","0","0","0","0","0","0","0","0","0","0","0","0","0","0","1"
"0x778791772410","      LEA.HI R29, R14, R29, RZ, 0x7","0","0","0","4224","135168","135168","32","32","0","-","-","-","0","0","0","0","0","0","0","0","-","0","0","0","0","0","0","0","0","0","0","0","0","0","0","0","0","0","0","0","0","0","0","0","0","0","0","0","0","0","0","0","0","0","0","0","0","0","0","0","0","0","0"
"0x778791772420","      SHF.R.S32.HI R14, RZ, 0x1f, R43","0","0","0","4224","135168","135168","32","32","0","-","-","-","0","0","0","0","0","0","0","0","-","0","0","0","0","0","0","0","0","0","0","0","0","0","0","0","0","0","0","0","0","0","0","0","0","0","0","0","0","0","0","0","0","0","0","0","0","0","0","0","0","0","0"
"0x778791772430","      LEA.HI R28, R3, R28, RZ, 0x7","0","0","0","4224","135168","135168","32","32","0","-","-","-","0","0","0","0","0","0","0","0","-","0","0","0","0","0","0","0","0","0","0","0","0","0","0","0","0","0","0","0","0","0","0","0","0","0","0","0","0","0","0","0","0","0","0","0","0","0","0","0","0","0","0"
"0x778791772440","      IMAD.HI.U32 R3, R8, R33, RZ","0","0","0","4224","135168","135168","32","32","0","-","-","-","0","0","0","0","0","0","0","0","-","0","0","0","0","0","0","0","0","0","0","0","0","0","0","0","0","0","0","0","0","0","0","0","0","0","0","0","0","0","0","0","0","0","0","0","0","0","0","0","0","0","0"
"0x778791772450","      SEL R31, R72, R45, !P6","0","0","0","4224","135168","135168","32","32","0","-","-","-","0","0","0","0","0","0","0","0","-","0","0","0","0","0","0","0","0","0","0","0","0","0","0","0","0","0","0","0","0","0","0","0","0","0","0","0","0","0","0","0","0","0","0","0","0","0","0","0","0","0","0"
"0x778791772460","      ISETP.GT.U32.AND P2, PT, R7, R2, PT","0","0","0","4224","135168","135168","32","32","0","-","-","-","0","0","0","0","0","0","0","0","-","0","0","0","0","0","0","0","0","0","0","0","0","0","0","0","0","0","0","0","0","0","0","0","0","0","0","0","0","0","0","0","0","0","0","0","0","0","0","0","0","0","0"
"0x778791772470","      IMAD.MOV R34, RZ, RZ, -R3","0","0","0","4224","135168","135168","32","32","0","-","-","-","0","0","0","0","0","0","0","0","-","0","0","0","0","0","0","0","0","0","0","0","0","0","0","0","0","0","0","0","0","0","0","0","0","0","0","0","0","0","0","0","0","0","0","0","0","0","0","0","0","0","0"
"0x778791772480","      LEA.HI R30, R14, R43, RZ, 0x7","0","0","0","4224","135168","135168","32","32","0","-","-","-","0","0","0","0","0","0","0","0","-","0","0","0","0","0","0","0","0","0","0","0","0","0","0","0","0","0","0","0","0","0","0","0","0","0","0","0","0","0","0","0","0","0","0","0","0","0","0","0","0","0","0"
"0x778791772490","      IMAD.SHL.U32 R43, R197, 0x8, RZ","0","0","0","4224","135168","135168","32","32","0","-","-","-","0","0","0","0","0","0","0","0","-","0","0","0","0","0","0","0","0","0","0","0","0","0","0","0","0","0","0","0","0","0","0","0","0","0","0","0","0","0","0","0","0","0","0","0","0","0","0","0","0","0","0"
"0x7787917724a0","      SHF.R.S32.HI R14, RZ, 0x1f, R31","1","0","1","4224","135168","135168","32","32","0","-","-","-","0","0","0","0","0","0","0","0","-","0","0","0","0","0","0","0","0","0","0","0","0","0","0","0","0","0","0","0","1","0","0","0","0","0","0","0","0","0","0","0","0","0","0","0","0","0","0","0","0","0","0"
"0x7787917724b0","      SEL R36, R72, R49, !P6","1","0","1","4224","135168","135168","32","32","0","-","-","-","0","0","0","0","0","0","0","0","-","0","0","0","0","0","0","0","0","0","0","0","0","0","0","0","0","0","0","0","1","0","0","0","0","0","0","0","0","0","0","0","0","0","0","0","0","0","0","0","0","0","0"
"0x7787917724c0","      LEA.HI R31, R14, R31, RZ, 0x7","0","0","0","4224","135168","135168","32","32","0","-","-","-","0","0","0","0","0","0","0","0","-","0","0","0","0","0","0","0","0","0","0","0","0","0","0","0","0","0","0","0","0","0","0","0","0","0","0","0","0","0","0","0","0","0","0","0","0","0","0","0","0","0","0"
"0x7787917724d0","      IMAD R14, R7, R34, R33","0","0","0","4224","135168","135168","32","32","0","-","-","-","0","0","0","0","0","0","0","0","-","0","0","0","0","0","0","0","0","0","0","0","0","0","0","0","0","0","0","0","0","0","0","0","0","0","0","0","0","0","0","0","0","0","0","0","0","0","0","0","0","0","0"
"0x7787917724e0","      SHF.R.S32.HI R3, RZ, 0x1f, R36","0","0","0","4224","135168","135168","32","32","0","-","-","-","0","0","0","0","0","0","0","0","-","0","0","0","0","0","0","0","0","0","0","0","0","0","0","0","0","0","0","0","0","0","0","0","0","0","0","0","0","0","0","0","0","0","0","0","0","0","0","0","0","0","0"
"0x7787917724f0","      SEL R38, R72, R51, !P6","6","1","6","4224","135168","135168","32","32","0","-","-","-","0","0","0","0","0","0","0","0","-","0","0","0","0","0","0","0","0","2","0","0","0","0","2","0","0","0","0","2","0","0","0","0","0","0","0","0","0","0","0","0","1","0","0","0","0","0","0","0","0","0","0"
"0x778791772500","@!P2  IMAD.IADD R2, R2, 0x1, -R7","1","0","1","4224","135168","0","32","0","0","-","-","-","0","0","0","0","0","0","0","0","-","0","0","0","0","0","0","0","0","0","0","0","0","0","0","0","0","0","0","0","1","0","0","0","0","0","0","0","0","0","0","0","0","0","0","0","0","0","0","0","0","0","0"
"0x778791772510","      ISETP.GT.U32.AND P2, PT, R7, R14, PT","1","0","1","4224","135168","135168","32","32","0","-","-","-","0","0","0","0","0","0","0","0","-","0","0","0","0","0","0","0","0","1","0","0","0","0","0","0","0","0","0","0","0","0","0","0","0","0","0","0","0","0","0","0","0","0","0","0","0","0","0","0","0","0","0"
"0x778791772520","      LEA.HI R33, R3, R36, RZ, 0x7","0","0","0","4224","135168","135168","32","32","0","-","-","-","0","0","0","0","0","0","0","0","-","0","0","0","0","0","0","0","0","0","0","0","0","0","0","0","0","0","0","0","0","0","0","0","0","0","0","0","0","0","0","0","0","0","0","0","0","0","0","0","0","0","0"
"0x778791772530","      SHF.R.S32.HI R3, RZ, 0x1f, R38","1","1","1","4224","135168","135168","32","32","0","-","-","-","0","0","0","0","0","0","0","0","-","0","0","0","0","0","0","0","0","0","0","0","0","0","0","0","0","0","0","0","0","0","0","0","1","0","0","0","0","0","0","0","0","0","0","0","0","0","0","0","0","0","1"
"0x778791772540","      SEL R40, R72, R53, !P6","2","2","2","4224","135168","135168","32","32","0","-","-","-","0","0","0","0","0","0","0","0","-","0","0","0","0","0","0","0","0","0","0","0","0","0","0","0","0","0","0","0","0","0","0","0","2","0","0","0","0","0","0","0","0","0","0","0","0","0","0","0","0","0","2"
"0x778791772550","      LEA.HI R34, R3, R38, RZ, 0x7","1","0","1","4224","135168","135168","32","32","0","-","-","-","0","0","0","0","0","0","0","0","-","0","0","0","0","0","0","0","0","0","0","0","0","0","0","0","0","0","0","1","0","0","0","0","0","0","0","0","0","0","0","0","0","0","0","0","0","0","0","0","0","0","0"
"0x778791772560","      SHF.R.S32.HI R3, RZ, 0x1f, R40","2","0","2","4224","135168","135168","32","32","0","-","-","-","0","0","0","0","0","0","0","0","-","0","0","0","0","0","0","0","0","0","0","0","0","0","0","0","0","0","0","2","0","0","0","0","0","0","0","0","0","0","0","0","0","0","0","0","0","0","0","0","0","0","0"
"0x778791772570","      SEL R42, R72, R57, !P6","0","0","0","4224","135168","135168","32","32","0","-","-","-","0","0","0","0","0","0","0","0","-","0","0","0","0","0","0","0","0","0","0","0","0","0","0","0","0","0","0","0","0","0","0","0","0","0","0","0","0","0","0","0","0","0","0","0","0","0","0","0","0","0","0"
"0x778791772580","@!P2  IMAD.IADD R14, R14, 0x1, -R7","0","0","0","4224","135168","0","32","0","0","-","-","-","0","0","0","0","0","0","0","0","-","0","0","0","0","0","0","0","0","0","0","0","0","0","0","0","0","0","0","0","0","0","0","0","0","0","0","0","0","0","0","0","0","0","0","0","0","0","0","0","0","0","0"
"0x778791772590","      ISETP.GT.U32.AND P2, PT, R7, R2, PT","0","0","0","4224","135168","135168","32","32","0","-","-","-","0","0","0","0","0","0","0","0","-","0","0","0","0","0","0","0","0","0","0","0","0","0","0","0","0","0","0","0","0","0","0","0","0","0","0","0","0","0","0","0","0","0","0","0","0","0","0","0","0","0","0"
"0x7787917725a0","      LEA.HI R35, R3, R40, RZ, 0x7","1","1","1","4224","135168","135168","32","32","0","-","-","-","0","0","0","0","0","0","0","0","-","0","0","0","0","0","0","0","0","0","0","0","0","0","0","0","0","0","0","0","0","0","0","0","1","0","0","0","0","0","0","0","0","0","0","0","0","0","0","0","0","0","1"
"0x7787917725b0","      ISETP.GT.U32.AND P4, PT, R7, R14, PT","0","0","0","4224","135168","135168","32","32","0","-","-","-","0","0","0","0","0","0","0","0","-","0","0","0","0","0","0","0","0","0","0","0","0","0","0","0","0","0","0","0","0","0","0","0","0","0","0","0","0","0","0","0","0","0","0","0","0","0","0","0","0","0","0"
"0x7787917725c0","      SHF.R.S32.HI R3, RZ, 0x1f, R42","0","0","0","4224","135168","135168","32","32","0","-","-","-","0","0","0","0","0","0","0","0","-","0","0","0","0","0","0","0","0","0","0","0","0","0","0","0","0","0","0","0","0","0","0","0","0","0","0","0","0","0","0","0","0","0","0","0","0","0","0","0","0","0","0"
"0x7787917725d0","      SEL R44, R72, R61, !P6","3","1","3","4224","135168","135168","32","32","0","-","-","-","0","0","0","0","0","0","0","0","-","0","0","0","0","0","0","0","0","0","0","0","0","0","2","0","0","0","0","1","0","0","0","0","0","0","0","0","0","0","0","0","1","0","0","0","0","0","0","0","0","0","0"
"0x7787917725e0","      LEA.HI R37, R3, R42, RZ, 0x7","1","0","1","4224","135168","135168","32","32","0","-","-","-","0","0","0","0","0","0","0","0","-","0","0","0","0","0","0","0","0","0","0","0","0","0","1","0","0","0","0","0","0","0","0","0","0","0","0","0","0","0","0","0","0","0","0","0","0","0","0","0","0","0","0"
"0x7787917725f0","      SHF.R.S32.HI R3, RZ, 0x1f, R44","1","0","1","4224","135168","135168","32","32","0","-","-","-","0","0","0","0","0","0","0","0","-","0","0","0","0","0","0","0","0","0","0","0","0","0","1","0","0","0","0","0","0","0","0","0","0","0","0","0","0","0","0","0","0","0","0","0","0","0","0","0","0","0","0"
"0x778791772600","@!P2  IMAD.IADD R2, R2, 0x1, -R7","1","0","1","4224","135168","0","32","0","0","-","-","-","0","0","0","0","0","0","0","0","-","0","0","0","0","0","0","0","0","1","0","0","0","0","0","0","0","0","0","0","0","0","0","0","0","0","0","0","0","0","0","0","0","0","0","0","0","0","0","0","0","0","0"
"0x778791772610","      ISETP.NE.AND P2, PT, R81, RZ, PT","0","0","0","4224","135168","135168","32","32","0","-","-","-","0","0","0","0","0","0","0","0","-","0","0","0","0","0","0","0","0","0","0","0","0","0","0","0","0","0","0","0","0","0","0","0","0","0","0","0","0","0","0","0","0","0","0","0","0","0","0","0","0","0","0"
"0x778791772620","      LOP3.LUT R81, RZ, R81, RZ, 0x33, !PT","1","0","1","4224","135168","135168","32","32","0","-","-","-","0","0","0","0","0","0","0","0","-","0","0","0","0","0","0","0","0","0","0","0","0","0","0","0","0","0","0","0","1","0","0","0","0","0","0","0","0","0","0","0","0","0","0","0","0","0","0","0","0","0","0"
"0x778791772630","@!P4  IMAD.IADD R14, R14, 0x1, -R7","1","0","1","4224","135168","0","32","0","0","-","-","-","0","0","0","0","0","0","0","0","-","0","0","0","0","0","0","0","0","0","0","0","0","0","0","0","0","0","0","0","1","0","0","0","0","0","0","0","0","0","0","0","0","0","0","0","0","0","0","0","0","0","0"
"0x778791772640","      LEA.HI R39, R3, R44, RZ, 0x7","0","0","0","4224","135168","135168","32","32","0","-","-","-","0","0","0","0","0","0","0","0","-","0","0","0","0","0","0","0","0","0","0","0","0","0","0","0","0","0","0","0","0","0","0","0","0","0","0","0","0","0","0","0","0","0","0","0","0","0","0","0","0","0","0"
"0x778791772650","@!P0  IMAD.MOV R2, RZ, RZ, -R2","1","0","1","4224","135168","0","32","0","0","-","-","-","0","0","0","0","0","0","0","0","-","0","0","0","0","0","0","0","0","0","0","0","0","0","0","0","0","0","0","0","1","0","0","0","0","0","0","0","0","0","0","0","0","0","0","0","0","0","0","0","0","0","0"
"0x778791772660","      SEL R11, R72, R11, !P6","1","0","1","4224","135168","135168","32","32","0","-","-","-","0","0","0","0","0","0","0","0","-","0","0","0","0","0","0","0","0","0","0","0","0","0","0","0","0","0","0","0","1","0","0","0","0","0","0","0","0","0","0","0","0","0","0","0","0","0","0","0","0","0","0"
"0x778791772670","@!P3  IMAD.MOV R14, RZ, RZ, -R14","0","0","0","4224","135168","0","32","0","0","-","-","-","0","0","0","0","0","0","0","0","-","0","0","0","0","0","0","0","0","0","0","0","0","0","0","0","0","0","0","0","0","0","0","0","0","0","0","0","0","0","0","0","0","0","0","0","0","0","0","0","0","0","0"
"0x778791772680","      SEL R73, R72, R73, !P6","0","0","0","4224","135168","135168","32","32","0","-","-","-","0","0","0","0","0","0","0","0","-","0","0","0","0","0","0","0","0","0","0","0","0","0","0","0","0","0","0","0","0","0","0","0","0","0","0","0","0","0","0","0","0","0","0","0","0","0","0","0","0","0","0"
"0x778791772690","      SEL R83, R81, R2, !P2","2","0","2","4224","135168","135168","32","32","0","-","-","-","0","0","0","0","0","0","0","0","-","0","0","0","0","0","0","0","0","0","0","0","0","0","0","0","0","0","0","2","0","0","0","0","0","0","0","0","0","0","0","0","0","0","0","0","0","0","0","0","0","0","0"
"0x7787917726a0","      SEL R3, R81, R14, !P2","0","0","0","4224","135168","135168","32","32","0","-","-","-","0","0","0","0","0","0","0","0","-","0","0","0","0","0","0","0","0","0","0","0","0","0","0","0","0","0","0","0","0","0","0","0","0","0","0","0","0","0","0","0","0","0","0","0","0","0","0","0","0","0","0"
"0x7787917726b0","      SHF.R.S32.HI R2, RZ, 0x1f, R11","1","0","1","4224","135168","135168","32","32","0","-","-","-","0","0","0","0","0","0","0","0","-","0","0","0","0","0","0","0","0","0","0","0","0","0","0","0","0","0","0","0","1","0","0","0","0","0","0","0","0","0","0","0","0","0","0","0","0","0","0","0","0","0","0"
"0x7787917726c0","      IMAD R83, R83, UR4, RZ","1","0","1","4224","135168","135168","32","32","0","-","-","-","0","0","0","0","0","0","0","0","-","0","0","0","0","0","0","0","0","0","0","0","0","0","0","0","0","0","0","0","1","0","0","0","0","0","0","0","0","0","0","0","0","0","0","0","0","0","0","0","0","0","0"
"0x7787917726d0","      SEL R46, R72, R65, !P6","0","0","0","4224","135168","135168","32","32","0","-","-","-","0","0","0","0","0","0","0","0","-","0","0","0","0","0","0","0","0","0","0","0","0","0","0","0","0","0","0","0","0","0","0","0","0","0","0","0","0","0","0","0","0","0","0","0","0","0","0","0","0","0","0"
"0x7787917726e0","      IMAD R3, R3, UR4, RZ","0","0","0","4224","135168","135168","32","32","0","-","-","-","0","0","0","0","0","0","0","0","-","0","0","0","0","0","0","0","0","0","0","0","0","0","0","0","0","0","0","0","0","0","0","0","0","0","0","0","0","0","0","0","0","0","0","0","0","0","0","0","0","0","0"
"0x7787917726f0","      LEA.HI R11, R2, R11, RZ, 0x7","2","0","2","4224","135168","135168","32","32","0","-","-","-","0","0","0","0","0","0","0","0","-","0","0","0","0","0","0","0","0","0","0","0","0","0","0","0","0","0","0","0","2","0","0","0","0","0","0","0","0","0","0","0","0","0","0","0","0","0","0","0","0","0","0"
"0x778791772700","      IMAD.WIDE R82, R83, 0x4, R84","2","0","2","4224","135168","135168","32","32","0","-","-","-","0","0","0","0","0","0","0","0","-","0","0","0","0","0","0","0","0","0","0","0","0","0","0","0","0","0","0","0","2","0","0","0","0","0","0","0","0","0","0","0","0","0","0","0","0","0","0","0","0","0","0"
"0x778791772710","      SHF.R.S32.HI R14, RZ, 0x1f, R73","0","0","0","4224","135168","135168","32","32","0","-","-","-","0","0","0","0","0","0","0","0","-","0","0","0","0","0","0","0","0","0","0","0","0","0","0","0","0","0","0","0","0","0","0","0","0","0","0","0","0","0","0","0","0","0","0","0","0","0","0","0","0","0","0"
"0x778791772720","      SHF.R.S32.HI R41, RZ, 0x1f, R46","3","1","3","4224","135168","135168","32","32","0","-","-","-","0","0","0","0","0","0","0","0","-","0","0","0","0","0","0","0","0","1","0","0","0","0","1","0","0","0","0","0","0","0","0","0","1","0","0","0","0","0","0","0","0","0","0","0","0","0","0","0","0","0","1"
"0x778791772730","      IMAD.WIDE R84, R3, 0x4, R84","1","0","1","4224","135168","135168","32","32","0","-","-","-","0","0","0","0","0","0","0","0","-","0","0","0","0","0","0","0","0","0","0","0","0","0","0","0","0","0","0","0","1","0","0","0","0","0","0","0","0","0","0","0","0","0","0","0","0","0","0","0","0","0","0"
"0x778791772740","      LEA.HI R14, R14, R73, RZ, 0x7","1","0","1","4224","135168","135168","32","32","0","-","-","-","0","0","0","0","0","0","0","0","-","0","0","0","0","0","0","0","0","0","0","0","0","0","0","0","0","0","0","0","1","0","0","0","0","0","0","0","0","0","0","0","0","0","0","0","0","0","0","0","0","0","0"
"0x778791772750","      LDC.64 R2, c[0x0][0x248]","0","0","0","4224","135168","135168","32","32","0","-","-","-","0","0","0","0","0","0","0","0","-","0","0","0","0","0","0","0","0","0","0","0","0","0","0","0","0","0","0","0","0","0","0","0","0","0","0","0","0","0","0","0","0","0","0","0","0","0","0","0","0","0","0"
"0x778791772760","      LEA.HI R41, R41, R46, RZ, 0x7","2","0","2","4224","135168","135168","32","32","0","-","-","-","0","0","0","0","0","0","0","0","-","0","0","0","0","0","0","0","0","0","0","0","0","0","0","0","0","0","0","0","2","0","0","0","0","0","0","0","0","0","0","0","0","0","0","0","0","0","0","0","0","0","0"
"0x778791772770","      SHF.R.S32.HI R9, RZ, 0x7, R9","1","0","1","4224","135168","135168","32","32","0","-","-","-","0","0","0","0","0","0","0","0","-","0","0","0","0","0","0","0","0","0","0","0","0","0","0","0","0","0","0","0","1","0","0","0","0","0","0","0","0","0","0","0","0","0","0","0","0","0","0","0","0","0","0"
"0x778791772780","      SHF.R.S32.HI R16, RZ, 0x7, R16","1","1","1","4224","135168","135168","32","32","0","-","-","-","0","0","0","0","0","0","0","0","-","0","0","0","0","0","0","0","0","0","0","0","0","0","0","0","0","0","0","0","0","0","0","0","1","0","0","0","0","0","0","0","0","0","0","0","0","0","0","0","0","0","1"
"0x778791772790","      LOP3.LUT R44, R12, 0x78, R43, 0xf8, !PT","1","0","1","4224","135168","135168","32","32","0","-","-","-","0","0","0","0","0","0","0","0","-","0","0","0","0","0","0","0","0","0","0","0","0","0","0","0","0","0","0","0","1","0","0","0","0","0","0","0","0","0","0","0","0","0","0","0","0","0","0","0","0","0","0"
"0x7787917727a0","      IMAD R9, R9, UR5, RZ","0","0","0","4224","135168","135168","32","32","0","-","-","-","0","0","0","0","0","0","0","0","-","0","0","0","0","0","0","0","0","0","0","0","0","0","0","0","0","0","0","0","0","0","0","0","0","0","0","0","0","0","0","0","0","0","0","0","0","0","0","0","0","0","0"
"0x7787917727b0","      LOP3.LUT R46, R12, R5, RZ, 0xfc, !PT","0","0","0","4224","135168","135168","32","32","0","-","-","-","0","0","0","0","0","0","0","0","-","0","0","0","0","0","0","0","0","0","0","0","0","0","0","0","0","0","0","0","0","0","0","0","0","0","0","0","0","0","0","0","0","0","0","0","0","0","0","0","0","0","0"
"0x7787917727c0","      IMAD R87, R16, UR5, RZ","0","0","0","4224","135168","135168","32","32","0","-","-","-","0","0","0","0","0","0","0","0","-","0","0","0","0","0","0","0","0","0","0","0","0","0","0","0","0","0","0","0","0","0","0","0","0","0","0","0","0","0","0","0","0","0","0","0","0","0","0","0","0","0","0"
"0x7787917727d0","      SHF.R.S32.HI R14, RZ, 0x7, R14","0","0","0","4224","135168","135168","32","32","0","-","-","-","0","0","0","0","0","0","0","0","-","0","0","0","0","0","0","0","0","0","0","0","0","0","0","0","0","0","0","0","0","0","0","0","0","0","0","0","0","0","0","0","0","0","0","0","0","0","0","0","0","0","0"
"0x7787917727e0","      SHF.R.S32.HI R13, RZ, 0x7, R13","5","2","5","4224","135168","135168","32","32","0","-","-","-","0","0","0","0","0","0","0","0","-","0","0","0","0","0","0","0","0","0","0","0","0","0","4","0","0","0","0","1","0","0","0","0","0","0","0","0","0","0","0","0","2","0","0","0","0","0","0","0","0","0","0"
"0x7787917727f0","      SHF.R.S32.HI R15, RZ, 0x7, R15","3","3","3","4224","135168","135168","32","32","0","-","-","-","0","0","0","0","0","0","0","0","-","0","0","0","0","0","0","0","0","1","0","0","0","0","0","0","0","0","0","0","0","0","0","0","2","0","0","1","0","0","0","0","0","0","0","0","0","0","0","0","0","0","2"
"0x778791772800","      IMAD R43, R14, UR5, RZ","0","0","0","4224","135168","135168","32","32","0","-","-","-","0","0","0","0","0","0","0","0","-","0","0","0","0","0","0","0","0","0","0","0","0","0","0","0","0","0","0","0","0","0","0","0","0","0","0","0","0","0","0","0","0","0","0","0","0","0","0","0","0","0","0"
"0x778791772810","      LOP3.LUT R12, R12, 0x40, R5, 0xfe, !PT","0","0","0","4224","135168","135168","32","32","0","-","-","-","0","0","0","0","0","0","0","0","-","0","0","0","0","0","0","0","0","0","0","0","0","0","0","0","0","0","0","0","0","0","0","0","0","0","0","0","0","0","0","0","0","0","0","0","0","0","0","0","0","0","0"
"0x778791772820","      IMAD R13, R13, UR5, RZ","0","0","0","4224","135168","135168","32","32","0","-","-","-","0","0","0","0","0","0","0","0","-","0","0","0","0","0","0","0","0","0","0","0","0","0","0","0","0","0","0","0","0","0","0","0","0","0","0","0","0","0","0","0","0","0","0","0","0","0","0","0","0","0","0"
"0x778791772830","      IABS R45, R46","0","0","0","4224","135168","135168","32","32","0","-","-","-","0","0","0","0","0","0","0","0","-","0","0","0","0","0","0","0","0","0","0","0","0","0","0","0","0","0","0","0","0","0","0","0","0","0","0","0","0","0","0","0","0","0","0","0","0","0","0","0","0","0","0"
"0x778791772840","      IMAD R15, R15, UR5, RZ","0","0","0","4224","135168","135168","32","32","0","-","-","-","0","0","0","0","0","0","0","0","-","0","0","0","0","0","0","0","0","0","0","0","0","0","0","0","0","0","0","0","0","0","0","0","0","0","0","0","0","0","0","0","0","0","0","0","0","0","0","0","0","0","0"
"0x778791772850","      IABS R14, R12","0","0","0","4224","135168","135168","32","32","0","-","-","-","0","0","0","0","0","0","0","0","-","0","0","0","0","0","0","0","0","0","0","0","0","0","0","0","0","0","0","0","0","0","0","0","0","0","0","0","0","0","0","0","0","0","0","0","0","0","0","0","0","0","0"
"0x778791772860","      SHF.R.S32.HI R21, RZ, 0x7, R21","0","0","0","4224","135168","135168","32","32","0","-","-","-","0","0","0","0","0","0","0","0","-","0","0","0","0","0","0","0","0","0","0","0","0","0","0","0","0","0","0","0","0","0","0","0","0","0","0","0","0","0","0","0","0","0","0","0","0","0","0","0","0","0","0"
"0x778791772870","      IMAD.WIDE R112, R9, 0x4, R2","0","0","0","4224","135168","135168","32","32","0","-","-","-","0","0","0","0","0","0","0","0","-","0","0","0","0","0","0","0","0","0","0","0","0","0","0","0","0","0","0","0","0","0","0","0","0","0","0","0","0","0","0","0","0","0","0","0","0","0","0","0","0","0","0"
"0x778791772880","      SHF.R.S32.HI R11, RZ, 0x7, R11","0","0","0","4224","135168","135168","32","32","0","-","-","-","0","0","0","0","0","0","0","0","-","0","0","0","0","0","0","0","0","0","0","0","0","0","0","0","0","0","0","0","0","0","0","0","0","0","0","0","0","0","0","0","0","0","0","0","0","0","0","0","0","0","0"
"0x778791772890","      SHF.R.S32.HI R27, RZ, 0x7, R27","8","2","8","4224","135168","135168","32","32","0","-","-","-","0","0","0","0","0","0","0","0","-","0","0","0","0","0","0","0","0","1","0","0","0","0","2","0","0","0","0","1","2","0","0","0","2","0","0","0","0","0","0","0","0","0","0","0","0","0","0","0","0","0","2"
"0x7787917728a0","      IMAD.HI.U32 R9, R6, R45, RZ","0","0","0","4224","135168","135168","32","32","0","-","-","-","0","0","0","0","0","0","0","0","-","0","0","0","0","0","0","0","0","0","0","0","0","0","0","0","0","0","0","0","0","0","0","0","0","0","0","0","0","0","0","0","0","0","0","0","0","0","0","0","0","0","0"
"0x7787917728b0","      IABS R16, R44","1","0","1","4224","135168","135168","32","32","0","-","-","-","0","0","0","0","0","0","0","0","-","0","0","0","0","0","0","0","0","0","0","0","0","0","0","0","0","0","0","0","1","0","0","0","0","0","0","0","0","0","0","0","0","0","0","0","0","0","0","0","0","0","0"
"0x7787917728c0","      SHF.R.S32.HI R26, RZ, 0x7, R26","5","0","5","4224","135168","135168","32","32","0","-","-","-","0","0","0","0","0","0","0","0","-","0","0","0","0","0","0","0","0","3","0","0","0","0","2","0","0","0","0","0","0","0","0","0","0","0","0","0","0","0","0","0","0","0","0","0","0","0","0","0","0","0","0"
"0x7787917728d0","      IMAD R11, R11, UR5, RZ","0","0","0","4224","135168","135168","32","32","0","-","-","-","0","0","0","0","0","0","0","0","-","0","0","0","0","0","0","0","0","0","0","0","0","0","0","0","0","0","0","0","0","0","0","0","0","0","0","0","0","0","0","0","0","0","0","0","0","0","0","0","0","0","0"
"0x7787917728e0","      SHF.R.S32.HI R23, RZ, 0x7, R23","2","0","2","4224","135168","135168","32","32","0","-","-","-","0","0","0","0","0","0","0","0","-","0","0","0","0","0","0","0","0","1","0","0","0","0","0","0","0","0","0","0","1","0","0","0","0","0","0","0","0","0","0","0","0","0","0","0","0","0","0","0","0","0","0"
"0x7787917728f0","      IMAD.MOV R9, RZ, RZ, -R9","0","0","0","4224","135168","135168","32","32","0","-","-","-","0","0","0","0","0","0","0","0","-","0","0","0","0","0","0","0","0","0","0","0","0","0","0","0","0","0","0","0","0","0","0","0","0","0","0","0","0","0","0","0","0","0","0","0","0","0","0","0","0","0","0"
"0x778791772900","      SHF.R.S32.HI R29, RZ, 0x7, R29","0","0","0","4224","135168","135168","32","32","0","-","-","-","0","0","0","0","0","0","0","0","-","0","0","0","0","0","0","0","0","0","0","0","0","0","0","0","0","0","0","0","0","0","0","0","0","0","0","0","0","0","0","0","0","0","0","0","0","0","0","0","0","0","0"
"0x778791772910","      IMAD.WIDE R146, R11, 0x4, R2","0","0","0","4224","135168","135168","32","32","0","-","-","-","0","0","0","0","0","0","0","0","-","0","0","0","0","0","0","0","0","0","0","0","0","0","0","0","0","0","0","0","0","0","0","0","0","0","0","0","0","0","0","0","0","0","0","0","0","0","0","0","0","0","0"
"0x778791772920","      SEL R47, R72, R47, !P6","0","0","0","4224","135168","135168","32","32","0","-","-","-","0","0","0","0","0","0","0","0","-","0","0","0","0","0","0","0","0","0","0","0","0","0","0","0","0","0","0","0","0","0","0","0","0","0","0","0","0","0","0","0","0","0","0","0","0","0","0","0","0","0","0"
"0x778791772930","      SEL R55, R72, R55, !P6","6","1","6","4224","135168","135168","32","32","0","-","-","-","0","0","0","0","0","0","0","0","-","0","0","0","0","0","0","0","0","0","0","0","0","0","2","0","0","0","0","4","0","0","0","0","0","0","0","0","0","0","0","0","1","0","0","0","0","0","0","0","0","0","0"
"0x778791772940","      IMAD.WIDE R88, R13, 0x4, R2","0","0","0","4224","135168","135168","32","32","0","-","-","-","0","0","0","0","0","0","0","0","-","0","0","0","0","0","0","0","0","0","0","0","0","0","0","0","0","0","0","0","0","0","0","0","0","0","0","0","0","0","0","0","0","0","0","0","0","0","0","0","0","0","0"
"0x778791772950","      SEL R59, R72, R59, !P6","0","0","0","4224","135168","135168","32","32","0","-","-","-","0","0","0","0","0","0","0","0","-","0","0","0","0","0","0","0","0","0","0","0","0","0","0","0","0","0","0","0","0","0","0","0","0","0","0","0","0","0","0","0","0","0","0","0","0","0","0","0","0","0","0"
"0x778791772960","      SEL R63, R72, R63, !P6","1","0","1","4224","135168","135168","32","32","0","-","-","-","0","0","0","0","0","0","0","0","-","0","0","0","0","0","0","0","0","0","0","0","0","0","0","0","0","0","0","0","0","0","0","0","1","0","0","0","0","0","0","0","0","0","0","0","0","0","0","0","0","0","0"
"0x778791772970","      IMAD.WIDE R90, R15, 0x4, R2","0","0","0","4224","135168","135168","32","32","0","-","-","-","0","0","0","0","0","0","0","0","-","0","0","0","0","0","0","0","0","0","0","0","0","0","0","0","0","0","0","0","0","0","0","0","0","0","0","0","0","0","0","0","0","0","0","0","0","0","0","0","0","0","0"
"0x778791772980","      SEL R67, R72, R67, !P6","0","0","0","4224","135168","135168","32","32","0","-","-","-","0","0","0","0","0","0","0","0","-","0","0","0","0","0","0","0","0","0","0","0","0","0","0","0","0","0","0","0","0","0","0","0","0","0","0","0","0","0","0","0","0","0","0","0","0","0","0","0","0","0","0"
"0x778791772990","      SHF.R.S32.HI R25, RZ, 0x7, R25","4","1","4","4224","135168","135168","32","32","0","-","-","-","0","0","0","0","0","0","0","0","-","0","0","0","0","0","0","0","0","1","0","0","0","0","2","0","0","0","0","0","0","0","0","0","1","0","0","0","0","0","0","0","0","0","0","0","0","0","0","0","0","0","1"
"0x7787917729a0","      IMAD.MOV.U32 R13, RZ, RZ, R14","0","0","0","4224","135168","135168","32","32","0","-","-","-","0","0","0","0","0","0","0","0","-","0","0","0","0","0","0","0","0","0","0","0","0","0","0","0","0","0","0","0","0","0","0","0","0","0","0","0","0","0","0","0","0","0","0","0","0","0","0","0","0","0","0"
"0x7787917729b0","      SHF.R.S32.HI R42, RZ, 0x1f, R67","0","0","0","4224","135168","135168","32","32","0","-","-","-","0","0","0","0","0","0","0","0","-","0","0","0","0","0","0","0","0","0","0","0","0","0","0","0","0","0","0","0","0","0","0","0","0","0","0","0","0","0","0","0","0","0","0","0","0","0","0","0","0","0","0"
"0x7787917729c0","      IMAD.MOV.U32 R15, RZ, RZ, R16","1","0","1","4224","135168","135168","32","32","0","-","-","-","0","0","0","0","0","0","0","0","-","0","0","0","0","0","0","0","0","0","0","0","0","0","0","0","0","0","0","0","1","0","0","0","0","0","0","0","0","0","0","0","0","0","0","0","0","0","0","0","0","0","0"
"0x7787917729d0","      SHF.R.S32.HI R17, RZ, 0x7, R17","0","0","0","4224","135168","135168","32","32","0","-","-","-","0","0","0","0","0","0","0","0","-","0","0","0","0","0","0","0","0","0","0","0","0","0","0","0","0","0","0","0","0","0","0","0","0","0","0","0","0","0","0","0","0","0","0","0","0","0","0","0","0","0","0"
"0x7787917729e0","      IMAD.HI.U32 R11, R6, R13, RZ","0","0","0","4224","135168","135168","32","32","0","-","-","-","0","0","0","0","0","0","0","0","-","0","0","0","0","0","0","0","0","0","0","0","0","0","0","0","0","0","0","0","0","0","0","0","0","0","0","0","0","0","0","0","0","0","0","0","0","0","0","0","0","0","0"
"0x7787917729f0","      LEA.HI R42, R42, R67, RZ, 0x7","0","0","0","4224","135168","135168","32","32","0","-","-","-","0","0","0","0","0","0","0","0","-","0","0","0","0","0","0","0","0","0","0","0","0","0","0","0","0","0","0","0","0","0","0","0","0","0","0","0","0","0","0","0","0","0","0","0","0","0","0","0","0","0","0"
"0x778791772a00","      SHF.R.S32.HI R31, RZ, 0x7, R31","5","0","5","4224","135168","135168","32","32","0","-","-","-","0","0","0","0","0","0","0","0","-","0","0","0","0","0","0","0","0","1","0","0","0","0","1","0","0","0","0","2","1","0","0","0","0","0","0","0","0","0","0","0","0","0","0","0","0","0","0","0","0","0","0"
"0x778791772a10","      IMAD.HI.U32 R6, R6, R15, RZ","0","0","0","4224","135168","135168","32","32","0","-","-","-","0","0","0","0","0","0","0","0","-","0","0","0","0","0","0","0","0","0","0","0","0","0","0","0","0","0","0","0","0","0","0","0","0","0","0","0","0","0","0","0","0","0","0","0","0","0","0","0","0","0","0"
"0x778791772a20","      SHF.R.S32.HI R42, RZ, 0x7, R42","1","0","1","4224","135168","135168","32","32","0","-","-","-","0","0","0","0","0","0","0","0","-","0","0","0","0","0","0","0","0","1","0","0","0","0","0","0","0","0","0","0","0","0","0","0","0","0","0","0","0","0","0","0","0","0","0","0","0","0","0","0","0","0","0"
"0x778791772a30","      SHF.R.S32.HI R28, RZ, 0x7, R28","0","0","0","4224","135168","135168","32","32","0","-","-","-","0","0","0","0","0","0","0","0","-","0","0","0","0","0","0","0","0","0","0","0","0","0","0","0","0","0","0","0","0","0","0","0","0","0","0","0","0","0","0","0","0","0","0","0","0","0","0","0","0","0","0"
"0x778791772a40","      IMAD.MOV R11, RZ, RZ, -R11","0","0","0","4224","135168","135168","32","32","0","-","-","-","0","0","0","0","0","0","0","0","-","0","0","0","0","0","0","0","0","0","0","0","0","0","0","0","0","0","0","0","0","0","0","0","0","0","0","0","0","0","0","0","0","0","0","0","0","0","0","0","0","0","0"
"0x778791772a50","      SHF.R.S32.HI R19, RZ, 0x7, R19","1","0","1","4224","135168","135168","32","32","0","-","-","-","0","0","0","0","0","0","0","0","-","0","0","0","0","0","0","0","0","1","0","0","0","0","0","0","0","0","0","0","0","0","0","0","0","0","0","0","0","0","0","0","0","0","0","0","0","0","0","0","0","0","0"
"0x778791772a60","      IMAD.MOV R6, RZ, RZ, -R6","0","0","0","4224","135168","135168","32","32","0","-","-","-","0","0","0","0","0","0","0","0","-","0","0","0","0","0","0","0","0","0","0","0","0","0","0","0","0","0","0","0","0","0","0","0","0","0","0","0","0","0","0","0","0","0","0","0","0","0","0","0","0","0","0"
"0x778791772a70","      SHF.R.S32.HI R24, RZ, 0x7, R24","0","0","0","4224","135168","135168","32","32","0","-","-","-","0","0","0","0","0","0","0","0","-","0","0","0","0","0","0","0","0","0","0","0","0","0","0","0","0","0","0","0","0","0","0","0","0","0","0","0","0","0","0","0","0","0","0","0","0","0","0","0","0","0","0"
"0x778791772a80","      IMAD R11, R4, R11, R13","1","0","1","4224","135168","135168","32","32","0","-","-","-","0","0","0","0","0","0","0","0","-","0","0","0","0","0","0","0","0","0","0","0","0","0","0","0","0","0","0","0","1","0","0","0","0","0","0","0","0","0","0","0","0","0","0","0","0","0","0","0","0","0","0"
"0x778791772a90","      SHF.R.S32.HI R30, RZ, 0x7, R30","1","0","1","4224","135168","135168","32","32","0","-","-","-","0","0","0","0","0","0","0","0","-","0","0","0","0","0","0","0","0","0","0","0","0","0","0","0","0","0","0","0","1","0","0","0","0","0","0","0","0","0","0","0","0","0","0","0","0","0","0","0","0","0","0"
"0x778791772aa0","      IMAD R13, R4, R6, R15","1","0","1","4224","135168","135168","32","32","0","-","-","-","0","0","0","0","0","0","0","0","-","0","0","0","0","0","0","0","0","0","0","0","0","0","0","0","0","0","0","0","1","0","0","0","0","0","0","0","0","0","0","0","0","0","0","0","0","0","0","0","0","0","0"
"0x778791772ab0","      SHF.R.S32.HI R18, RZ, 0x7, R18","0","0","0","4224","135168","135168","32","32","0","-","-","-","0","0","0","0","0","0","0","0","-","0","0","0","0","0","0","0","0","0","0","0","0","0","0","0","0","0","0","0","0","0","0","0","0","0","0","0","0","0","0","0","0","0","0","0","0","0","0","0","0","0","0"
"0x778791772ac0","      IMAD R25, R25, UR5, RZ","0","0","0","4224","135168","135168","32","32","0","-","-","-","0","0","0","0","0","0","0","0","-","0","0","0","0","0","0","0","0","0","0","0","0","0","0","0","0","0","0","0","0","0","0","0","0","0","0","0","0","0","0","0","0","0","0","0","0","0","0","0","0","0","0"
"0x778791772ad0","      ISETP.GT.U32.AND P1, PT, R4, R11, PT","1","0","1","4224","135168","135168","32","32","0","-","-","-","0","0","0","0","0","0","0","0","-","0","0","0","0","0","0","0","0","0","0","0","0","0","0","0","0","0","0","0","1","0","0","0","0","0","0","0","0","0","0","0","0","0","0","0","0","0","0","0","0","0","0"
"0x778791772ae0","      IMAD R17, R17, UR5, RZ","0","0","0","4224","135168","135168","32","32","0","-","-","-","0","0","0","0","0","0","0","0","-","0","0","0","0","0","0","0","0","0","0","0","0","0","0","0","0","0","0","0","0","0","0","0","0","0","0","0","0","0","0","0","0","0","0","0","0","0","0","0","0","0","0"
"0x778791772af0","      ISETP.GT.U32.AND P3, PT, R4, R13, PT","0","0","0","4224","135168","135168","32","32","0","-","-","-","0","0","0","0","0","0","0","0","-","0","0","0","0","0","0","0","0","0","0","0","0","0","0","0","0","0","0","0","0","0","0","0","0","0","0","0","0","0","0","0","0","0","0","0","0","0","0","0","0","0","0"
"0x778791772b00","      IMAD R31, R31, UR5, RZ","0","0","0","4224","135168","135168","32","32","0","-","-","-","0","0","0","0","0","0","0","0","-","0","0","0","0","0","0","0","0","0","0","0","0","0","0","0","0","0","0","0","0","0","0","0","0","0","0","0","0","0","0","0","0","0","0","0","0","0","0","0","0","0","0"
"0x778791772b10","      LOP3.LUT R6, R10, R5, RZ, 0xfc, !PT","0","0","0","4224","135168","135168","32","32","0","-","-","-","0","0","0","0","0","0","0","0","-","0","0","0","0","0","0","0","0","0","0","0","0","0","0","0","0","0","0","0","0","0","0","0","0","0","0","0","0","0","0","0","0","0","0","0","0","0","0","0","0","0","0"
"0x778791772b20","      IMAD R117, R28, UR5, RZ","0","0","0","4224","135168","135168","32","32","0","-","-","-","0","0","0","0","0","0","0","0","-","0","0","0","0","0","0","0","0","0","0","0","0","0","0","0","0","0","0","0","0","0","0","0","0","0","0","0","0","0","0","0","0","0","0","0","0","0","0","0","0","0","0"
"0x778791772b30","      SHF.R.U32.HI R15, RZ, 0x4, R197","0","0","0","4224","135168","135168","32","32","0","-","-","-","0","0","0","0","0","0","0","0","-","0","0","0","0","0","0","0","0","0","0","0","0","0","0","0","0","0","0","0","0","0","0","0","0","0","0","0","0","0","0","0","0","0","0","0","0","0","0","0","0","0","0"
"0x778791772b40","      IMAD.WIDE R108, R25, 0x4, R2","0","0","0","4224","135168","135168","32","32","0","-","-","-","0","0","0","0","0","0","0","0","-","0","0","0","0","0","0","0","0","0","0","0","0","0","0","0","0","0","0","0","0","0","0","0","0","0","0","0","0","0","0","0","0","0","0","0","0","0","0","0","0","0","0"
"0x778791772b50","      SHF.R.S32.HI R20, RZ, 0x7, R20","1","0","1","4224","135168","135168","32","32","0","-","-","-","0","0","0","0","0","0","0","0","-","0","0","0","0","0","0","0","0","0","0","0","0","0","0","0","0","0","0","0","1","0","0","0","0","0","0","0","0","0","0","0","0","0","0","0","0","0","0","0","0","0","0"
"0x778791772b60","      SHF.R.S32.HI R22, RZ, 0x7, R22","3","0","3","4224","135168","135168","32","32","0","-","-","-","0","0","0","0","0","0","0","0","-","0","0","0","0","0","0","0","0","0","0","0","0","0","0","0","0","0","0","3","0","0","0","0","0","0","0","0","0","0","0","0","0","0","0","0","0","0","0","0","0","0","0"
"0x778791772b70","      IMAD R9, R4, R9, R45","0","0","0","4224","135168","135168","32","32","0","-","-","-","0","0","0","0","0","0","0","0","-","0","0","0","0","0","0","0","0","0","0","0","0","0","0","0","0","0","0","0","0","0","0","0","0","0","0","0","0","0","0","0","0","0","0","0","0","0","0","0","0","0","0"
"0x778791772b80","      SHF.R.S32.HI R32, RZ, 0x1f, R47","1","0","1","4224","135168","135168","32","32","0","-","-","-","0","0","0","0","0","0","0","0","-","0","0","0","0","0","0","0","0","0","0","0","0","0","0","0","0","0","0","0","1","0","0","0","0","0","0","0","0","0","0","0","0","0","0","0","0","0","0","0","0","0","0"
"0x778791772b90","      IMAD R99, R20, UR5, RZ","0","0","0","4224","135168","135168","32","32","0","-","-","-","0","0","0","0","0","0","0","0","-","0","0","0","0","0","0","0","0","0","0","0","0","0","0","0","0","0","0","0","0","0","0","0","0","0","0","0","0","0","0","0","0","0","0","0","0","0","0","0","0","0","0"
"0x778791772ba0","      SHF.R.S32.HI R36, RZ, 0x1f, R55","0","0","0","4224","135168","135168","32","32","0","-","-","-","0","0","0","0","0","0","0","0","-","0","0","0","0","0","0","0","0","0","0","0","0","0","0","0","0","0","0","0","0","0","0","0","0","0","0","0","0","0","0","0","0","0","0","0","0","0","0","0","0","0","0"
"0x778791772bb0","      IMAD R103, R22, UR5, RZ","1","0","1","4224","135168","135168","32","32","0","-","-","-","0","0","0","0","0","0","0","0","-","0","0","0","0","0","0","0","0","0","0","0","0","0","0","0","0","0","0","0","1","0","0","0","0","0","0","0","0","0","0","0","0","0","0","0","0","0","0","0","0","0","0"
"0x778791772bc0","      ISETP.GT.U32.AND P0, PT, R4, R9, PT","1","0","1","4224","135168","135168","32","32","0","-","-","-","0","0","0","0","0","0","0","0","-","0","0","0","0","0","0","0","0","0","0","0","0","0","0","0","0","0","0","0","1","0","0","0","0","0","0","0","0","0","0","0","0","0","0","0","0","0","0","0","0","0","0"
"0x778791772bd0","      IMAD.WIDE R98, R99, 0x4, R2","0","0","0","4224","135168","135168","32","32","0","-","-","-","0","0","0","0","0","0","0","0","-","0","0","0","0","0","0","0","0","0","0","0","0","0","0","0","0","0","0","0","0","0","0","0","0","0","0","0","0","0","0","0","0","0","0","0","0","0","0","0","0","0","0"
"0x778791772be0","      SHF.R.S32.HI R38, RZ, 0x1f, R59","0","0","0","4224","135168","135168","32","32","0","-","-","-","0","0","0","0","0","0","0","0","-","0","0","0","0","0","0","0","0","0","0","0","0","0","0","0","0","0","0","0","0","0","0","0","0","0","0","0","0","0","0","0","0","0","0","0","0","0","0","0","0","0","0"
"0x778791772bf0","      UIADD3 UR8, UR15, -0x40, URZ","0","0","0","4224","135168","135168","32","32","0","-","-","-","0","0","0","0","0","0","0","0","-","0","0","0","0","0","0","0","0","0","0","0","0","0","0","0","0","0","0","0","0","0","0","0","0","0","0","0","0","0","0","0","0","0","0","0","0","0","0","0","0","0","0"
"0x778791772c00","      SHF.R.S32.HI R40, RZ, 0x1f, R63","0","0","0","4224","135168","135168","32","32","0","-","-","-","0","0","0","0","0","0","0","0","-","0","0","0","0","0","0","0","0","0","0","0","0","0","0","0","0","0","0","0","0","0","0","0","0","0","0","0","0","0","0","0","0","0","0","0","0","0","0","0","0","0","0"
"0x778791772c10","@!P1  IMAD.IADD R11, R11, 0x1, -R4","0","0","0","4224","135168","0","32","0","0","-","-","-","0","0","0","0","0","0","0","0","-","0","0","0","0","0","0","0","0","0","0","0","0","0","0","0","0","0","0","0","0","0","0","0","0","0","0","0","0","0","0","0","0","0","0","0","0","0","0","0","0","0","0"
"0x778791772c20","      LEA.HI R38, R38, R59, RZ, 0x7","2","0","2","4224","135168","135168","32","32","0","-","-","-","0","0","0","0","0","0","0","0","-","0","0","0","0","0","0","0","0","2","0","0","0","0","0","0","0","0","0","0","0","0","0","0","0","0","0","0","0","0","0","0","0","0","0","0","0","0","0","0","0","0","0"
"0x778791772c30","@!P3  IMAD.IADD R13, R13, 0x1, -R4","0","0","0","4224","135168","0","32","0","0","-","-","-","0","0","0","0","0","0","0","0","-","0","0","0","0","0","0","0","0","0","0","0","0","0","0","0","0","0","0","0","0","0","0","0","0","0","0","0","0","0","0","0","0","0","0","0","0","0","0","0","0","0","0"
"0x778791772c40","      LEA.HI R40, R40, R63, RZ, 0x7","0","0","0","4224","135168","135168","32","32","0","-","-","-","0","0","0","0","0","0","0","0","-","0","0","0","0","0","0","0","0","0","0","0","0","0","0","0","0","0","0","0","0","0","0","0","0","0","0","0","0","0","0","0","0","0","0","0","0","0","0","0","0","0","0"
"0x778791772c50","      IMAD R21, R21, UR5, RZ","0","0","0","4224","135168","135168","32","32","0","-","-","-","0","0","0","0","0","0","0","0","-","0","0","0","0","0","0","0","0","0","0","0","0","0","0","0","0","0","0","0","0","0","0","0","0","0","0","0","0","0","0","0","0","0","0","0","0","0","0","0","0","0","0"
"0x778791772c60","      ISETP.GT.U32.AND P4, PT, R4, R11, PT","0","0","0","4224","135168","135168","32","32","0","-","-","-","0","0","0","0","0","0","0","0","-","0","0","0","0","0","0","0","0","0","0","0","0","0","0","0","0","0","0","0","0","0","0","0","0","0","0","0","0","0","0","0","0","0","0","0","0","0","0","0","0","0","0"
"0x778791772c70","      IMAD R27, R27, UR5, RZ","1","0","1","4224","135168","135168","32","32","0","-","-","-","0","0","0","0","0","0","0","0","-","0","0","0","0","0","0","0","0","0","0","0","0","0","0","0","0","0","0","0","1","0","0","0","0","0","0","0","0","0","0","0","0","0","0","0","0","0","0","0","0","0","0"
"0x778791772c80","      ISETP.GT.U32.AND P3, PT, R4, R13, PT","0","0","0","4224","135168","135168","32","32","0","-","-","-","0","0","0","0","0","0","0","0","-","0","0","0","0","0","0","0","0","0","0","0","0","0","0","0","0","0","0","0","0","0","0","0","0","0","0","0","0","0","0","0","0","0","0","0","0","0","0","0","0","0","0"
"0x778791772c90","      IMAD.WIDE R100, R21, 0x4, R2","0","0","0","4224","135168","135168","32","32","0","-","-","-","0","0","0","0","0","0","0","0","-","0","0","0","0","0","0","0","0","0","0","0","0","0","0","0","0","0","0","0","0","0","0","0","0","0","0","0","0","0","0","0","0","0","0","0","0","0","0","0","0","0","0"
"0x778791772ca0","      SGXT.U32 R15, R15, 0x4","0","0","0","4224","135168","135168","32","32","0","-","-","-","0","0","0","0","0","0","0","0","-","0","0","0","0","0","0","0","0","0","0","0","0","0","0","0","0","0","0","0","0","0","0","0","0","0","0","0","0","0","0","0","0","0","0","0","0","0","0","0","0","0","0"
"0x778791772cb0","      SHF.R.S32.HI R33, RZ, 0x7, R33","2","2","2","4224","135168","135168","32","32","0","-","-","-","0","0","0","0","0","0","0","0","-","0","0","0","0","0","0","0","0","0","0","0","0","0","2","0","0","0","0","0","0","0","0","0","0","0","0","0","0","0","0","0","2","0","0","0","0","0","0","0","0","0","0"
"0x778791772cc0","@!P0  IMAD.IADD R9, R9, 0x1, -R4","0","0","0","4224","135168","0","32","0","0","-","-","-","0","0","0","0","0","0","0","0","-","0","0","0","0","0","0","0","0","0","0","0","0","0","0","0","0","0","0","0","0","0","0","0","0","0","0","0","0","0","0","0","0","0","0","0","0","0","0","0","0","0","0"
"0x778791772cd0","      LOP3.LUT R28, R10, 0x10, R15, 0xfe, !PT","0","0","0","4224","135168","135168","32","32","0","-","-","-","0","0","0","0","0","0","0","0","-","0","0","0","0","0","0","0","0","0","0","0","0","0","0","0","0","0","0","0","0","0","0","0","0","0","0","0","0","0","0","0","0","0","0","0","0","0","0","0","0","0","0"
"0x778791772ce0","      IMAD.WIDE R114, R27, 0x4, R2","0","0","0","4224","135168","135168","32","32","0","-","-","-","0","0","0","0","0","0","0","0","-","0","0","0","0","0","0","0","0","0","0","0","0","0","0","0","0","0","0","0","0","0","0","0","0","0","0","0","0","0","0","0","0","0","0","0","0","0","0","0","0","0","0"
"0x778791772cf0","      ISETP.GE.AND P1, PT, R46, RZ, PT","0","0","0","4224","135168","135168","32","32","0","-","-","-","0","0","0","0","0","0","0","0","-","0","0","0","0","0","0","0","0","0","0","0","0","0","0","0","0","0","0","0","0","0","0","0","0","0","0","0","0","0","0","0","0","0","0","0","0","0","0","0","0","0","0"
"0x778791772d00","      SHF.R.S32.HI R34, RZ, 0x7, R34","0","0","0","4224","135168","135168","32","32","0","-","-","-","0","0","0","0","0","0","0","0","-","0","0","0","0","0","0","0","0","0","0","0","0","0","0","0","0","0","0","0","0","0","0","0","0","0","0","0","0","0","0","0","0","0","0","0","0","0","0","0","0","0","0"
"0x778791772d10","@!P4  IMAD.IADD R11, R11, 0x1, -R4","1","0","1","4224","135168","0","32","0","0","-","-","-","0","0","0","0","0","0","0","0","-","0","0","0","0","0","0","0","0","1","0","0","0","0","0","0","0","0","0","0","0","0","0","0","0","0","0","0","0","0","0","0","0","0","0","0","0","0","0","0","0","0","0"
"0x778791772d20","      ISETP.GT.U32.AND P5, PT, R4, R9, PT","2","0","2","4224","135168","135168","32","32","0","-","-","-","0","0","0","0","0","0","0","0","-","0","0","0","0","0","0","0","0","1","0","0","0","0","0","0","0","0","0","0","1","0","0","0","0","0","0","0","0","0","0","0","0","0","0","0","0","0","0","0","0","0","0"
"0x778791772d30","@!P3  IMAD.IADD R13, R13, 0x1, -R4","2","0","2","4224","135168","0","32","0","0","-","-","-","0","0","0","0","0","0","0","0","-","0","0","0","0","0","0","0","0","0","0","0","0","0","0","0","0","0","0","0","2","0","0","0","0","0","0","0","0","0","0","0","0","0","0","0","0","0","0","0","0","0","0"
"0x778791772d40","      ISETP.GE.AND P0, PT, R12, RZ, PT","0","0","0","4224","135168","135168","32","32","0","-","-","-","0","0","0","0","0","0","0","0","-","0","0","0","0","0","0","0","0","0","0","0","0","0","0","0","0","0","0","0","0","0","0","0","0","0","0","0","0","0","0","0","0","0","0","0","0","0","0","0","0","0","0"
"0x778791772d50","      IMAD R129, R34, UR5, RZ","0","0","0","4224","135168","135168","32","32","0","-","-","-","0","0","0","0","0","0","0","0","-","0","0","0","0","0","0","0","0","0","0","0","0","0","0","0","0","0","0","0","0","0","0","0","0","0","0","0","0","0","0","0","0","0","0","0","0","0","0","0","0","0","0"
"0x778791772d60","      LOP3.LUT R21, R10, 0x40, R5, 0xfe, !PT","0","0","0","4224","135168","135168","32","32","0","-","-","-","0","0","0","0","0","0","0","0","-","0","0","0","0","0","0","0","0","0","0","0","0","0","0","0","0","0","0","0","0","0","0","0","0","0","0","0","0","0","0","0","0","0","0","0","0","0","0","0","0","0","0"
"0x778791772d70","      IMAD R111, R26, UR5, RZ","0","0","0","4224","135168","135168","32","32","0","-","-","-","0","0","0","0","0","0","0","0","-","0","0","0","0","0","0","0","0","0","0","0","0","0","0","0","0","0","0","0","0","0","0","0","0","0","0","0","0","0","0","0","0","0","0","0","0","0","0","0","0","0","0"
"0x778791772d80","      IABS R5, R6","0","0","0","4224","135168","135168","32","32","0","-","-","-","0","0","0","0","0","0","0","0","-","0","0","0","0","0","0","0","0","0","0","0","0","0","0","0","0","0","0","0","0","0","0","0","0","0","0","0","0","0","0","0","0","0","0","0","0","0","0","0","0","0","0"
"0x778791772d90","      IMAD.WIDE R128, R129, 0x4, R2","0","0","0","4224","135168","135168","32","32","0","-","-","-","0","0","0","0","0","0","0","0","-","0","0","0","0","0","0","0","0","0","0","0","0","0","0","0","0","0","0","0","0","0","0","0","0","0","0","0","0","0","0","0","0","0","0","0","0","0","0","0","0","0","0"
"0x778791772da0","      LOP3.LUT R27, R10, R15, RZ, 0xfc, !PT","0","0","0","4224","135168","135168","32","32","0","-","-","-","0","0","0","0","0","0","0","0","-","0","0","0","0","0","0","0","0","0","0","0","0","0","0","0","0","0","0","0","0","0","0","0","0","0","0","0","0","0","0","0","0","0","0","0","0","0","0","0","0","0","0"
"0x778791772db0","      SHF.R.S32.HI R35, RZ, 0x7, R35","5","3","5","4224","135168","135168","32","32","0","-","-","-","0","0","0","0","0","0","0","0","-","0","0","0","0","0","0","0","0","2","0","0","0","0","2","0","0","0","0","1","0","0","0","0","0","0","0","1","0","0","0","0","2","0","0","0","0","0","0","0","0","0","0"
"0x778791772dc0","      IMAD R23, R23, UR5, RZ","0","0","0","4224","135168","135168","32","32","0","-","-","-","0","0","0","0","0","0","0","0","-","0","0","0","0","0","0","0","0","0","0","0","0","0","0","0","0","0","0","0","0","0","0","0","0","0","0","0","0","0","0","0","0","0","0","0","0","0","0","0","0","0","0"
"0x778791772dd0","      SHF.R.S32.HI R37, RZ, 0x7, R37","0","0","0","4224","135168","135168","32","32","0","-","-","-","0","0","0","0","0","0","0","0","-","0","0","0","0","0","0","0","0","0","0","0","0","0","0","0","0","0","0","0","0","0","0","0","0","0","0","0","0","0","0","0","0","0","0","0","0","0","0","0","0","0","0"
"0x778791772de0","@!P5  IMAD.IADD R9, R9, 0x1, -R4","0","0","0","4224","135168","0","32","0","0","-","-","-","0","0","0","0","0","0","0","0","-","0","0","0","0","0","0","0","0","0","0","0","0","0","0","0","0","0","0","0","0","0","0","0","0","0","0","0","0","0","0","0","0","0","0","0","0","0","0","0","0","0","0"
"0x778791772df0","      ISETP.GE.AND P5, PT, R44, RZ, PT","1","0","1","4224","135168","135168","32","32","0","-","-","-","0","0","0","0","0","0","0","0","-","0","0","0","0","0","0","0","0","1","0","0","0","0","0","0","0","0","0","0","0","0","0","0","0","0","0","0","0","0","0","0","0","0","0","0","0","0","0","0","0","0","0"
"0x778791772e00","      IMAD.HI.U32 R4, R8, R5, RZ","0","0","0","4224","135168","135168","32","32","0","-","-","-","0","0","0","0","0","0","0","0","-","0","0","0","0","0","0","0","0","0","0","0","0","0","0","0","0","0","0","0","0","0","0","0","0","0","0","0","0","0","0","0","0","0","0","0","0","0","0","0","0","0","0"
"0x778791772e10","      SHF.R.S32.HI R39, RZ, 0x7, R39","0","0","0","4224","135168","135168","32","32","0","-","-","-","0","0","0","0","0","0","0","0","-","0","0","0","0","0","0","0","0","0","0","0","0","0","0","0","0","0","0","0","0","0","0","0","0","0","0","0","0","0","0","0","0","0","0","0","0","0","0","0","0","0","0"
"0x778791772e20","      UIADD3 UR4, UR21, 0x3f, URZ","1","0","1","4224","135168","135168","32","32","0","-","-","-","0","0","0","0","0","0","0","0","-","0","0","0","0","0","0","0","0","0","0","0","0","0","0","0","0","0","0","0","1","0","0","0","0","0","0","0","0","0","0","0","0","0","0","0","0","0","0","0","0","0","0"
"0x778791772e30","      SHF.R.S32.HI R41, RZ, 0x7, R41","0","0","0","4224","135168","135168","32","32","0","-","-","-","0","0","0","0","0","0","0","0","-","0","0","0","0","0","0","0","0","0","0","0","0","0","0","0","0","0","0","0","0","0","0","0","0","0","0","0","0","0","0","0","0","0","0","0","0","0","0","0","0","0","0"
"0x778791772e40","      IMAD.MOV R4, RZ, RZ, -R4","0","0","0","4224","135168","135168","32","32","0","-","-","-","0","0","0","0","0","0","0","0","-","0","0","0","0","0","0","0","0","0","0","0","0","0","0","0","0","0","0","0","0","0","0","0","0","0","0","0","0","0","0","0","0","0","0","0","0","0","0","0","0","0","0"
"0x778791772e50","      LDG.E R152, desc[UR18][R82.64]","1","0","1","4224","135168","135168","32","32","0","Global","Load","32","33792","0","0","0","0","16896","33792","16896","","0","0","0","0","0","0","0","0","1","0","0","0","0","0","0","0","0","0","0","0","0","0","0","0","0","0","0","0","0","0","0","0","0","0","0","0","0","0","0","0","0","0"
"0x778791772e60","@!P1  IMAD.MOV R9, RZ, RZ, -R9","0","0","0","4224","135168","0","32","0","0","-","-","-","0","0","0","0","0","0","0","0","-","0","0","0","0","0","0","0","0","0","0","0","0","0","0","0","0","0","0","0","0","0","0","0","0","0","0","0","0","0","0","0","0","0","0","0","0","0","0","0","0","0","0"
"0x778791772e70","      IMAD R29, R29, UR5, RZ","2","1","2","4224","135168","135168","32","32","0","-","-","-","0","0","0","0","0","0","0","0","-","0","0","0","0","0","0","0","0","0","0","0","0","0","1","0","0","0","0","0","1","0","0","0","0","0","0","0","0","0","0","0","1","0","0","0","0","0","0","0","0","0","0"
"0x778791772e80","      LEA.HI R25, R197, 0x70, RZ, 0x1c","1","0","1","4224","135168","135168","32","32","0","-","-","-","0","0","0","0","0","0","0","0","-","0","0","0","0","0","0","0","0","0","0","0","0","0","0","0","0","0","0","0","1","0","0","0","0","0","0","0","0","0","0","0","0","0","0","0","0","0","0","0","0","0","0"
"0x778791772e90","      IMAD R4, R7, R4, R5","1","0","1","4224","135168","135168","32","32","0","-","-","-","0","0","0","0","0","0","0","0","-","0","0","0","0","0","0","0","0","0","0","0","0","0","0","0","0","0","0","0","1","0","0","0","0","0","0","0","0","0","0","0","0","0","0","0","0","0","0","0","0","0","0"
"0x778791772ea0","      LEA.HI R32, R32, R47, RZ, 0x7","0","0","0","4224","135168","135168","32","32","0","-","-","-","0","0","0","0","0","0","0","0","-","0","0","0","0","0","0","0","0","0","0","0","0","0","0","0","0","0","0","0","0","0","0","0","0","0","0","0","0","0","0","0","0","0","0","0","0","0","0","0","0","0","0"
"0x778791772eb0","@!P5  IMAD.MOV R13, RZ, RZ, -R13","1","0","1","4224","135168","0","32","0","0","-","-","-","0","0","0","0","0","0","0","0","-","0","0","0","0","0","0","0","0","0","0","0","0","0","0","0","0","0","0","0","1","0","0","0","0","0","0","0","0","0","0","0","0","0","0","0","0","0","0","0","0","0","0"
"0x778791772ec0","      SEL R166, R72, R9, !P6","0","0","0","4224","135168","135168","32","32","0","-","-","-","0","0","0","0","0","0","0","0","-","0","0","0","0","0","0","0","0","0","0","0","0","0","0","0","0","0","0","0","0","0","0","0","0","0","0","0","0","0","0","0","0","0","0","0","0","0","0","0","0","0","0"
"0x778791772ed0","      IMAD.WIDE R104, R23, 0x4, R2","0","0","0","4224","135168","135168","32","32","0","-","-","-","0","0","0","0","0","0","0","0","-","0","0","0","0","0","0","0","0","0","0","0","0","0","0","0","0","0","0","0","0","0","0","0","0","0","0","0","0","0","0","0","0","0","0","0","0","0","0","0","0","0","0"
"0x778791772ee0","      LEA.HI R36, R36, R55, RZ, 0x7","0","0","0","4224","135168","135168","32","32","0","-","-","-","0","0","0","0","0","0","0","0","-","0","0","0","0","0","0","0","0","0","0","0","0","0","0","0","0","0","0","0","0","0","0","0","0","0","0","0","0","0","0","0","0","0","0","0","0","0","0","0","0","0","0"
"0x778791772ef0","      LDG.E R153, desc[UR18][R84.64]","1","0","1","4224","135168","135168","32","32","0","Global","Load","32","33792","0","0","0","0","16896","33792","16896","","0","0","0","0","0","0","0","0","0","0","0","0","0","0","0","0","0","0","0","1","0","0","0","0","0","0","0","0","0","0","0","0","0","0","0","0","0","0","0","0","0","0"
"0x778791772f00","      SHF.R.S32.HI R38, RZ, 0x7, R38","0","0","0","4224","135168","135168","32","32","0","-","-","-","0","0","0","0","0","0","0","0","-","0","0","0","0","0","0","0","0","0","0","0","0","0","0","0","0","0","0","0","0","0","0","0","0","0","0","0","0","0","0","0","0","0","0","0","0","0","0","0","0","0","0"
"0x778791772f10","@!P0  IMAD.MOV R11, RZ, RZ, -R11","0","0","0","4224","135168","0","32","0","0","-","-","-","0","0","0","0","0","0","0","0","-","0","0","0","0","0","0","0","0","0","0","0","0","0","0","0","0","0","0","0","0","0","0","0","0","0","0","0","0","0","0","0","0","0","0","0","0","0","0","0","0","0","0"
"0x778791772f20","      SHF.R.S32.HI R36, RZ, 0x7, R36","1","0","1","4224","135168","135168","32","32","0","-","-","-","0","0","0","0","0","0","0","0","-","0","0","0","0","0","0","0","0","0","0","0","0","0","0","0","0","0","0","0","1","0","0","0","0","0","0","0","0","0","0","0","0","0","0","0","0","0","0","0","0","0","0"
"0x778791772f30","      IMAD.WIDE R118, R29, 0x4, R2","1","0","1","4224","135168","135168","32","32","0","-","-","-","0","0","0","0","0","0","0","0","-","0","0","0","0","0","0","0","0","0","0","0","0","0","0","0","0","0","0","0","1","0","0","0","0","0","0","0","0","0","0","0","0","0","0","0","0","0","0","0","0","0","0"
"0x778791772f40","      IABS R12, R21","1","0","1","4224","135168","135168","32","32","0","-","-","-","0","0","0","0","0","0","0","0","-","0","0","0","0","0","0","0","0","0","0","0","0","0","0","0","0","0","0","0","1","0","0","0","0","0","0","0","0","0","0","0","0","0","0","0","0","0","0","0","0","0","0"
"0x778791772f50","      LDG.E R155, desc[UR18][R88.64]","0","0","0","4224","135168","135168","32","32","0","Global","Load","32","4224","0","0","0","0","0","4224","4224","","0","0","0","0","0","0","0","0","0","0","0","0","0","0","0","0","0","0","0","0","0","0","0","0","0","0","0","0","0","0","0","0","0","0","0","0","0","0","0","0","0","0"
"0x778791772f60","      SEL R26, R72, R11, !P6","1","0","1","4224","135168","135168","32","32","0","-","-","-","0","0","0","0","0","0","0","0","-","0","0","0","0","0","0","0","0","0","0","0","0","0","0","0","0","0","0","0","1","0","0","0","0","0","0","0","0","0","0","0","0","0","0","0","0","0","0","0","0","0","0"
"0x778791772f70","      IMAD R19, R19, UR5, RZ","0","0","0","4224","135168","135168","32","32","0","-","-","-","0","0","0","0","0","0","0","0","-","0","0","0","0","0","0","0","0","0","0","0","0","0","0","0","0","0","0","0","0","0","0","0","0","0","0","0","0","0","0","0","0","0","0","0","0","0","0","0","0","0","0"
"0x778791772f80","      SEL R72, R72, R13, !P6","1","0","1","4224","135168","135168","32","32","0","-","-","-","0","0","0","0","0","0","0","0","-","0","0","0","0","0","0","0","0","0","0","0","0","0","0","0","0","0","0","0","1","0","0","0","0","0","0","0","0","0","0","0","0","0","0","0","0","0","0","0","0","0","0"
"0x778791772f90","      IMAD.WIDE R92, R17, 0x4, R2","1","0","1","4224","135168","135168","32","32","0","-","-","-","0","0","0","0","0","0","0","0","-","0","0","0","0","0","0","0","0","0","0","0","0","0","0","0","0","0","0","0","1","0","0","0","0","0","0","0","0","0","0","0","0","0","0","0","0","0","0","0","0","0","0"
"0x778791772fa0","      IABS R13, R27","0","0","0","4224","135168","135168","32","32","0","-","-","-","0","0","0","0","0","0","0","0","-","0","0","0","0","0","0","0","0","0","0","0","0","0","0","0","0","0","0","0","0","0","0","0","0","0","0","0","0","0","0","0","0","0","0","0","0","0","0","0","0","0","0"
"0x778791772fb0","      LDG.E R156, desc[UR18][R90.64]","0","0","0","4224","135168","135168","32","32","0","Global","Load","32","4224","0","0","0","0","0","4224","4224","","0","0","0","0","0","0","0","0","0","0","0","0","0","0","0","0","0","0","0","0","0","0","0","0","0","0","0","0","0","0","0","0","0","0","0","0","0","0","0","0","0","0"
"0x778791772fc0","      ISETP.GT.U32.AND P1, PT, R7, R4, PT","1","0","1","4224","135168","135168","32","32","0","-","-","-","0","0","0","0","0","0","0","0","-","0","0","0","0","0","0","0","0","0","0","0","0","0","0","0","0","0","0","0","1","0","0","0","0","0","0","0","0","0","0","0","0","0","0","0","0","0","0","0","0","0","0"
"0x778791772fd0","      IMAD.HI.U32 R5, R8, R12, RZ","2","0","2","4224","135168","135168","32","32","0","-","-","-","0","0","0","0","0","0","0","0","-","0","0","0","0","0","0","0","0","0","0","0","0","0","0","0","0","0","0","0","2","0","0","0","0","0","0","0","0","0","0","0","0","0","0","0","0","0","0","0","0","0","0"
"0x778791772fe0","      ISETP.GE.AND P0, PT, R6, RZ, PT","0","0","0","4224","135168","135168","32","32","0","-","-","-","0","0","0","0","0","0","0","0","-","0","0","0","0","0","0","0","0","0","0","0","0","0","0","0","0","0","0","0","0","0","0","0","0","0","0","0","0","0","0","0","0","0","0","0","0","0","0","0","0","0","0"
"0x778791772ff0","      LDG.E R160, desc[UR18][R98.64]","0","0","0","4224","135168","135168","32","32","0","Global","Load","32","4224","0","0","0","0","0","4224","4224","","0","0","0","0","0","0","0","0","0","0","0","0","0","0","0","0","0","0","0","0","0","0","0","0","0","0","0","0","0","0","0","0","0","0","0","0","0","0","0","0","0","0"
"0x778791773000","      SHF.R.S32.HI R32, RZ, 0x7, R32","0","0","0","4224","135168","135168","32","32","0","-","-","-","0","0","0","0","0","0","0","0","-","0","0","0","0","0","0","0","0","0","0","0","0","0","0","0","0","0","0","0","0","0","0","0","0","0","0","0","0","0","0","0","0","0","0","0","0","0","0","0","0","0","0"
"0x778791773010","      IMAD.HI.U32 R6, R8, R13, RZ","1","0","1","4224","135168","135168","32","32","0","-","-","-","0","0","0","0","0","0","0","0","-","0","0","0","0","0","0","0","0","0","0","0","0","0","0","0","0","0","0","0","1","0","0","0","0","0","0","0","0","0","0","0","0","0","0","0","0","0","0","0","0","0","0"
"0x778791773020","      LEA.HI R23, R197, 0x30, RZ, 0x1c","2","0","2","4224","135168","135168","32","32","0","-","-","-","0","0","0","0","0","0","0","0","-","0","0","0","0","0","0","0","0","1","0","0","0","0","0","0","0","0","0","0","1","0","0","0","0","0","0","0","0","0","0","0","0","0","0","0","0","0","0","0","0","0","0"
"0x778791773030","      LDG.E R161, desc[UR18][R100.64]","0","0","0","4224","135168","135168","32","32","0","Global","Load","32","4224","0","0","0","0","0","4224","4224","","0","0","0","0","0","0","0","0","0","0","0","0","0","0","0","0","0","0","0","0","0","0","0","0","0","0","0","0","0","0","0","0","0","0","0","0","0","0","0","0","0","0"
"0x778791773040","      SHF.R.S32.HI R40, RZ, 0x7, R40","0","0","0","4224","135168","135168","32","32","0","-","-","-","0","0","0","0","0","0","0","0","-","0","0","0","0","0","0","0","0","0","0","0","0","0","0","0","0","0","0","0","0","0","0","0","0","0","0","0","0","0","0","0","0","0","0","0","0","0","0","0","0","0","0"
"0x778791773050","      IMAD.MOV R5, RZ, RZ, -R5","0","0","0","4224","135168","135168","32","32","0","-","-","-","0","0","0","0","0","0","0","0","-","0","0","0","0","0","0","0","0","0","0","0","0","0","0","0","0","0","0","0","0","0","0","0","0","0","0","0","0","0","0","0","0","0","0","0","0","0","0","0","0","0","0"
"0x778791773060","      IMAD.MOV R14, RZ, RZ, -R6","3","0","3","4224","135168","135168","32","32","0","-","-","-","0","0","0","0","0","0","0","0","-","0","0","0","0","0","0","0","0","0","0","0","0","0","0","0","0","0","0","3","0","0","0","0","0","0","0","0","0","0","0","0","0","0","0","0","0","0","0","0","0","0","0"
"0x778791773070","      LOP3.LUT R29, R10, 0x20, R15, 0xfe, !PT","0","0","0","4224","135168","135168","32","32","0","-","-","-","0","0","0","0","0","0","0","0","-","0","0","0","0","0","0","0","0","0","0","0","0","0","0","0","0","0","0","0","0","0","0","0","0","0","0","0","0","0","0","0","0","0","0","0","0","0","0","0","0","0","0"
"0x778791773080","      IMAD.IADD R23, R23, 0x1, R10","0","0","0","4224","135168","135168","32","32","0","-","-","-","0","0","0","0","0","0","0","0","-","0","0","0","0","0","0","0","0","0","0","0","0","0","0","0","0","0","0","0","0","0","0","0","0","0","0","0","0","0","0","0","0","0","0","0","0","0","0","0","0","0","0"
"0x778791773090","      LDG.E R171, desc[UR18][R108.64]","2","0","2","4224","135168","135168","32","32","0","Global","Load","32","4224","0","0","0","0","0","4224","4224","","0","0","0","0","0","0","0","0","1","0","0","0","0","0","0","0","0","0","0","1","0","0","0","0","0","0","0","0","0","0","0","0","0","0","0","0","0","0","0","0","0","0"
"0x7787917730a0","      IMAD R6, R7, R5, R12","0","0","0","4224","135168","135168","32","32","0","-","-","-","0","0","0","0","0","0","0","0","-","0","0","0","0","0","0","0","0","0","0","0","0","0","0","0","0","0","0","0","0","0","0","0","0","0","0","0","0","0","0","0","0","0","0","0","0","0","0","0","0","0","0"
"0x7787917730b0","      IABS R17, R29","0","0","0","4224","135168","135168","32","32","0","-","-","-","0","0","0","0","0","0","0","0","-","0","0","0","0","0","0","0","0","0","0","0","0","0","0","0","0","0","0","0","0","0","0","0","0","0","0","0","0","0","0","0","0","0","0","0","0","0","0","0","0","0","0"
"0x7787917730c0","@!P1  IMAD.IADD R4, R4, 0x1, -R7","1","0","1","4224","135168","0","32","0","0","-","-","-","0","0","0","0","0","0","0","0","-","0","0","0","0","0","0","0","0","0","0","0","0","0","0","0","0","0","0","0","1","0","0","0","0","0","0","0","0","0","0","0","0","0","0","0","0","0","0","0","0","0","0"
"0x7787917730d0","      LDG.E R173, desc[UR18][R112.64]","0","0","0","4224","135168","135168","32","32","0","Global","Load","32","4224","0","0","0","0","0","4224","4224","","0","0","0","0","0","0","0","0","0","0","0","0","0","0","0","0","0","0","0","0","0","0","0","0","0","0","0","0","0","0","0","0","0","0","0","0","0","0","0","0","0","0"
"0x7787917730e0","      IMAD R125, R32, UR5, RZ","0","0","0","4224","135168","135168","32","32","0","-","-","-","0","0","0","0","0","0","0","0","-","0","0","0","0","0","0","0","0","0","0","0","0","0","0","0","0","0","0","0","0","0","0","0","0","0","0","0","0","0","0","0","0","0","0","0","0","0","0","0","0","0","0"
"0x7787917730f0","      ISETP.GT.U32.AND P1, PT, R7, R6, PT","0","0","0","4224","135168","135168","32","32","0","-","-","-","0","0","0","0","0","0","0","0","-","0","0","0","0","0","0","0","0","0","0","0","0","0","0","0","0","0","0","0","0","0","0","0","0","0","0","0","0","0","0","0","0","0","0","0","0","0","0","0","0","0","0"
"0x778791773100","      IMAD R141, R40, UR5, RZ","0","0","0","4224","135168","135168","32","32","0","-","-","-","0","0","0","0","0","0","0","0","-","0","0","0","0","0","0","0","0","0","0","0","0","0","0","0","0","0","0","0","0","0","0","0","0","0","0","0","0","0","0","0","0","0","0","0","0","0","0","0","0","0","0"
"0x778791773110","      ISETP.GT.U32.AND P4, PT, R7, R4, PT","0","0","0","4224","135168","135168","32","32","0","-","-","-","0","0","0","0","0","0","0","0","-","0","0","0","0","0","0","0","0","0","0","0","0","0","0","0","0","0","0","0","0","0","0","0","0","0","0","0","0","0","0","0","0","0","0","0","0","0","0","0","0","0","0"
"0x778791773120","      IMAD.WIDE R124, R125, 0x4, R2","0","0","0","4224","135168","135168","32","32","0","-","-","-","0","0","0","0","0","0","0","0","-","0","0","0","0","0","0","0","0","0","0","0","0","0","0","0","0","0","0","0","0","0","0","0","0","0","0","0","0","0","0","0","0","0","0","0","0","0","0","0","0","0","0"
"0x778791773130","      LDG.E R190, desc[UR18][R146.64]","0","0","0","4224","135168","135168","32","32","0","Global","Load","32","4224","0","0","0","0","0","4224","4224","","0","0","0","0","0","0","0","0","0","0","0","0","0","0","0","0","0","0","0","0","0","0","0","0","0","0","0","0","0","0","0","0","0","0","0","0","0","0","0","0","0","0"
"0x778791773140","      IMAD R107, R24, UR5, RZ","3","0","3","4224","135168","135168","32","32","0","-","-","-","0","0","0","0","0","0","0","0","-","0","0","0","0","0","0","0","0","1","0","0","0","0","0","0","0","0","0","0","0","0","0","0","2","0","0","0","0","0","0","0","0","0","0","0","0","0","0","0","0","0","0"
"0x778791773150","      LOP3.LUT R24, R10, 0x60, R15, 0xfe, !PT","1","0","1","4224","135168","135168","32","32","0","-","-","-","0","0","0","0","0","0","0","0","-","0","0","0","0","0","0","0","0","0","0","0","0","0","0","0","0","0","0","0","1","0","0","0","0","0","0","0","0","0","0","0","0","0","0","0","0","0","0","0","0","0","0"
"0x778791773160","      IMAD R121, R30, UR5, RZ","0","0","0","4224","135168","135168","32","32","0","-","-","-","0","0","0","0","0","0","0","0","-","0","0","0","0","0","0","0","0","0","0","0","0","0","0","0","0","0","0","0","0","0","0","0","0","0","0","0","0","0","0","0","0","0","0","0","0","0","0","0","0","0","0"
"0x778791773170","      LOP3.LUT R30, R10, 0x40, R15, 0xfe, !PT","0","0","0","4224","135168","135168","32","32","0","-","-","-","0","0","0","0","0","0","0","0","-","0","0","0","0","0","0","0","0","0","0","0","0","0","0","0","0","0","0","0","0","0","0","0","0","0","0","0","0","0","0","0","0","0","0","0","0","0","0","0","0","0","0"
"0x778791773180","      IMAD.WIDE R106, R107, 0x4, R2","0","0","0","4224","135168","135168","32","32","0","-","-","-","0","0","0","0","0","0","0","0","-","0","0","0","0","0","0","0","0","0","0","0","0","0","0","0","0","0","0","0","0","0","0","0","0","0","0","0","0","0","0","0","0","0","0","0","0","0","0","0","0","0","0"
"0x778791773190","      IMAD.WIDE R122, R31, 0x4, R2","4","0","4","4224","135168","135168","32","32","0","-","-","-","0","0","0","0","0","0","0","0","-","0","0","0","0","0","0","0","0","0","0","0","0","0","2","0","0","0","0","1","0","0","0","0","1","0","0","0","0","0","0","0","0","0","0","0","0","0","0","0","0","0","0"
"0x7787917731a0","      LOP3.LUT R31, R10, 0x50, R15, 0xfe, !PT","1","0","1","4224","135168","135168","32","32","0","-","-","-","0","0","0","0","0","0","0","0","-","0","0","0","0","0","0","0","0","0","0","0","0","0","0","0","0","0","0","0","1","0","0","0","0","0","0","0","0","0","0","0","0","0","0","0","0","0","0","0","0","0","0"
"0x7787917731b0","      LDG.E R174, desc[UR18][R114.64]","0","0","0","4224","135168","135168","32","32","0","Global","Load","32","4224","0","0","0","0","0","4224","4224","","0","0","0","0","0","0","0","0","0","0","0","0","0","0","0","0","0","0","0","0","0","0","0","0","0","0","0","0","0","0","0","0","0","0","0","0","0","0","0","0","0","0"
"0x7787917731c0","      IABS R15, R28","1","0","1","4224","135168","135168","32","32","0","-","-","-","0","0","0","0","0","0","0","0","-","0","0","0","0","0","0","0","0","0","0","0","0","0","0","0","0","0","0","0","1","0","0","0","0","0","0","0","0","0","0","0","0","0","0","0","0","0","0","0","0","0","0"
"0x7787917731d0","      IMAD.WIDE R96, R19, 0x4, R2","1","0","1","4224","135168","135168","32","32","0","-","-","-","0","0","0","0","0","0","0","0","-","0","0","0","0","0","0","0","0","0","0","0","0","0","0","0","0","0","0","0","1","0","0","0","0","0","0","0","0","0","0","0","0","0","0","0","0","0","0","0","0","0","0"
"0x7787917731e0","      IABS R19, R23","1","0","1","4224","135168","135168","32","32","0","-","-","-","0","0","0","0","0","0","0","0","-","0","0","0","0","0","0","0","0","1","0","0","0","0","0","0","0","0","0","0","0","0","0","0","0","0","0","0","0","0","0","0","0","0","0","0","0","0","0","0","0","0","0"
"0x7787917731f0","      LDG.E R181, desc[UR18][R128.64]","0","0","0","4224","135168","135168","32","32","0","Global","Load","32","4224","0","0","0","0","0","4224","4224","","0","0","0","0","0","0","0","0","0","0","0","0","0","0","0","0","0","0","0","0","0","0","0","0","0","0","0","0","0","0","0","0","0","0","0","0","0","0","0","0","0","0"
"0x778791773200","      IMAD.IADD R25, R25, 0x1, R10","5","0","5","4224","135168","135168","32","32","0","-","-","-","0","0","0","0","0","0","0","0","-","0","0","0","0","0","0","0","0","1","0","0","0","0","2","0","0","0","0","1","1","0","0","0","0","0","0","0","0","0","0","0","0","0","0","0","0","0","0","0","0","0","0"
"0x778791773210","      IMAD.HI.U32 R10, R8, R17, RZ","2","0","2","4224","135168","135168","32","32","0","-","-","-","0","0","0","0","0","0","0","0","-","0","0","0","0","0","0","0","0","0","0","0","0","0","2","0","0","0","0","0","0","0","0","0","0","0","0","0","0","0","0","0","0","0","0","0","0","0","0","0","0","0","0"
"0x778791773220","      IMAD R95, R18, UR5, RZ","5","0","5","4224","135168","135168","32","32","0","-","-","-","0","0","0","0","0","0","0","0","-","0","0","0","0","0","0","0","0","0","0","0","0","0","2","0","0","0","0","1","1","0","0","0","1","0","0","0","0","0","0","0","0","0","0","0","0","0","0","0","0","0","0"
"0x778791773230","      IMAD.SHL.U32 R73, R197, 0x10, RZ","2","0","2","4224","135168","135168","32","32","0","-","-","-","0","0","0","0","0","0","0","0","-","0","0","0","0","0","0","0","0","0","0","0","0","0","0","0","0","0","0","1","0","0","0","0","1","0","0","0","0","0","0","0","0","0","0","0","0","0","0","0","0","0","0"
"0x778791773240","      IMAD R33, R33, UR5, RZ","0","0","0","4224","135168","135168","32","32","0","-","-","-","0","0","0","0","0","0","0","0","-","0","0","0","0","0","0","0","0","0","0","0","0","0","0","0","0","0","0","0","0","0","0","0","0","0","0","0","0","0","0","0","0","0","0","0","0","0","0","0","0","0","0"
"0x778791773250","      IMAD R35, R35, UR5, RZ","1","0","1","4224","135168","135168","32","32","0","-","-","-","0","0","0","0","0","0","0","0","-","0","0","0","0","0","0","0","0","0","0","0","0","0","0","0","0","0","0","1","0","0","0","0","0","0","0","0","0","0","0","0","0","0","0","0","0","0","0","0","0","0","0"
"0x778791773260","      IMAD R37, R37, UR5, RZ","1","0","1","4224","135168","135168","32","32","0","-","-","-","0","0","0","0","0","0","0","0","-","0","0","0","0","0","0","0","0","0","0","0","0","0","0","0","0","0","0","1","0","0","0","0","0","0","0","0","0","0","0","0","0","0","0","0","0","0","0","0","0","0","0"
"0x778791773270","      IMAD R39, R39, UR5, RZ","0","0","0","4224","135168","135168","32","32","0","-","-","-","0","0","0","0","0","0","0","0","-","0","0","0","0","0","0","0","0","0","0","0","0","0","0","0","0","0","0","0","0","0","0","0","0","0","0","0","0","0","0","0","0","0","0","0","0","0","0","0","0","0","0"
"0x778791773280","      IMAD R145, R42, UR5, RZ","0","0","0","4224","135168","135168","32","32","0","-","-","-","0","0","0","0","0","0","0","0","-","0","0","0","0","0","0","0","0","0","0","0","0","0","0","0","0","0","0","0","0","0","0","0","0","0","0","0","0","0","0","0","0","0","0","0","0","0","0","0","0","0","0"
"0x778791773290","      UISETP.GT.AND UP0, UPT, UR4, 0x3f, UPT","0","0","0","4224","135168","135168","32","32","0","-","-","-","0","0","0","0","0","0","0","0","-","0","0","0","0","0","0","0","0","0","0","0","0","0","0","0","0","0","0","0","0","0","0","0","0","0","0","0","0","0","0","0","0","0","0","0","0","0","0","0","0","0","0"
"0x7787917732a0","      IMAD.HI.U32 R11, R8, R19, RZ","0","0","0","4224","135168","135168","32","32","0","-","-","-","0","0","0","0","0","0","0","0","-","0","0","0","0","0","0","0","0","0","0","0","0","0","0","0","0","0","0","0","0","0","0","0","0","0","0","0","0","0","0","0","0","0","0","0","0","0","0","0","0","0","0"
"0x7787917732b0","      LDG.E R157, desc[UR18][R92.64]","0","0","0","4224","135168","135168","32","32","0","Global","Load","32","4224","0","0","0","0","0","4224","4224","","0","0","0","0","0","0","0","0","0","0","0","0","0","0","0","0","0","0","0","0","0","0","0","0","0","0","0","0","0","0","0","0","0","0","0","0","0","0","0","0","0","0"
"0x7787917732c0","      IMAD.MOV R18, RZ, RZ, -R10","4","0","4","4224","135168","135168","32","32","0","-","-","-","0","0","0","0","0","0","0","0","-","0","0","0","0","0","0","0","0","0","0","0","0","0","1","0","0","0","0","3","0","0","0","0","0","0","0","0","0","0","0","0","0","0","0","0","0","0","0","0","0","0","0"
"0x7787917732d0","      LDG.E R159, desc[UR18][R96.64]","1","0","1","4224","135168","135168","32","32","0","Global","Load","32","4224","0","0","0","0","0","4224","4224","","0","0","0","0","0","0","0","0","0","0","0","0","0","0","0","0","0","0","0","1","0","0","0","0","0","0","0","0","0","0","0","0","0","0","0","0","0","0","0","0","0","0"
"0x7787917732e0","      IMAD.HI.U32 R9, R8, R15, RZ","0","0","0","4224","135168","135168","32","32","0","-","-","-","0","0","0","0","0","0","0","0","-","0","0","0","0","0","0","0","0","0","0","0","0","0","0","0","0","0","0","0","0","0","0","0","0","0","0","0","0","0","0","0","0","0","0","0","0","0","0","0","0","0","0"
"0x7787917732f0","      LDG.E R163, desc[UR18][R104.64]","3","1","3","4224","135168","135168","32","32","0","Global","Load","32","4224","0","0","0","0","0","4224","4224","","0","0","0","0","0","0","0","0","1","0","0","0","0","0","0","0","0","0","1","0","0","0","0","1","0","0","0","0","0","0","0","0","0","0","0","0","0","0","0","0","0","1"
"0x778791773300","      IMAD.MOV R16, RZ, RZ, -R9","0","0","0","4224","135168","135168","32","32","0","-","-","-","0","0","0","0","0","0","0","0","-","0","0","0","0","0","0","0","0","0","0","0","0","0","0","0","0","0","0","0","0","0","0","0","0","0","0","0","0","0","0","0","0","0","0","0","0","0","0","0","0","0","0"
"0x778791773310","      IMAD R10, R7, R14, R13","0","0","0","4224","135168","135168","32","32","0","-","-","-","0","0","0","0","0","0","0","0","-","0","0","0","0","0","0","0","0","0","0","0","0","0","0","0","0","0","0","0","0","0","0","0","0","0","0","0","0","0","0","0","0","0","0","0","0","0","0","0","0","0","0"
"0x778791773320","      LDG.E R168, desc[UR18][R106.64]","1","0","1","4224","135168","135168","32","32","0","Global","Load","32","4224","0","0","0","0","0","4224","4224","","0","0","0","0","0","0","0","0","1","0","0","0","0","0","0","0","0","0","0","0","0","0","0","0","0","0","0","0","0","0","0","0","0","0","0","0","0","0","0","0","0","0"
"0x778791773330","      IMAD.MOV R20, RZ, RZ, -R11","0","0","0","4224","135168","135168","32","32","0","-","-","-","0","0","0","0","0","0","0","0","-","0","0","0","0","0","0","0","0","0","0","0","0","0","0","0","0","0","0","0","0","0","0","0","0","0","0","0","0","0","0","0","0","0","0","0","0","0","0","0","0","0","0"
"0x778791773340","      IMAD R14, R7, R18, R17","0","0","0","4224","135168","135168","32","32","0","-","-","-","0","0","0","0","0","0","0","0","-","0","0","0","0","0","0","0","0","0","0","0","0","0","0","0","0","0","0","0","0","0","0","0","0","0","0","0","0","0","0","0","0","0","0","0","0","0","0","0","0","0","0"
"0x778791773350","      LDG.E R176, desc[UR18][R118.64]","0","0","0","4224","135168","135168","32","32","0","Global","Load","32","4224","0","0","0","0","0","4224","4224","","0","0","0","0","0","0","0","0","0","0","0","0","0","0","0","0","0","0","0","0","0","0","0","0","0","0","0","0","0","0","0","0","0","0","0","0","0","0","0","0","0","0"
"0x778791773360","      IMAD R12, R7, R16, R15","1","0","1","4224","135168","135168","32","32","0","-","-","-","0","0","0","0","0","0","0","0","-","0","0","0","0","0","0","0","0","0","0","0","0","0","0","0","0","0","0","0","1","0","0","0","0","0","0","0","0","0","0","0","0","0","0","0","0","0","0","0","0","0","0"
"0x778791773370","      IMAD R16, R7, R20, R19","0","0","0","4224","135168","135168","32","32","0","-","-","-","0","0","0","0","0","0","0","0","-","0","0","0","0","0","0","0","0","0","0","0","0","0","0","0","0","0","0","0","0","0","0","0","0","0","0","0","0","0","0","0","0","0","0","0","0","0","0","0","0","0","0"
"0x778791773380","      IABS R22, R25","0","0","0","4224","135168","135168","32","32","0","-","-","-","0","0","0","0","0","0","0","0","-","0","0","0","0","0","0","0","0","0","0","0","0","0","0","0","0","0","0","0","0","0","0","0","0","0","0","0","0","0","0","0","0","0","0","0","0","0","0","0","0","0","0"
"0x778791773390","      IMAD.WIDE R94, R95, 0x4, R2","1","0","1","4224","135168","135168","32","32","0","-","-","-","0","0","0","0","0","0","0","0","-","0","0","0","0","0","0","0","0","0","0","0","0","0","0","0","0","0","0","0","1","0","0","0","0","0","0","0","0","0","0","0","0","0","0","0","0","0","0","0","0","0","0"
"0x7787917733a0","@!P1  IMAD.IADD R6, R6, 0x1, -R7","7","3","7","4224","135168","0","32","0","0","-","-","-","0","0","0","0","0","0","0","0","-","0","0","0","0","0","0","0","0","0","0","0","0","0","1","0","0","0","0","0","0","0","0","0","6","0","0","0","0","0","0","0","1","0","0","0","0","0","0","0","0","0","2"
"0x7787917733b0","      ISETP.GT.U32.AND P1, PT, R7, R14, PT","0","0","0","4224","135168","135168","32","32","0","-","-","-","0","0","0","0","0","0","0","0","-","0","0","0","0","0","0","0","0","0","0","0","0","0","0","0","0","0","0","0","0","0","0","0","0","0","0","0","0","0","0","0","0","0","0","0","0","0","0","0","0","0","0"
"0x7787917733c0","@!P4  IMAD.IADD R4, R4, 0x1, -R7","1","0","1","4224","135168","0","32","0","0","-","-","-","0","0","0","0","0","0","0","0","-","0","0","0","0","0","0","0","0","1","0","0","0","0","0","0","0","0","0","0","0","0","0","0","0","0","0","0","0","0","0","0","0","0","0","0","0","0","0","0","0","0","0"
"0x7787917733d0","      ISETP.GT.U32.AND P4, PT, R7, R16, PT","2","0","2","4224","135168","135168","32","32","0","-","-","-","0","0","0","0","0","0","0","0","-","0","0","0","0","0","0","0","0","2","0","0","0","0","0","0","0","0","0","0","0","0","0","0","0","0","0","0","0","0","0","0","0","0","0","0","0","0","0","0","0","0","0"
"0x7787917733e0","      IMAD R133, R36, UR5, RZ","1","0","1","4224","135168","135168","32","32","0","-","-","-","0","0","0","0","0","0","0","0","-","0","0","0","0","0","0","0","0","0","0","0","0","0","0","0","0","0","0","0","1","0","0","0","0","0","0","0","0","0","0","0","0","0","0","0","0","0","0","0","0","0","0"
"0x7787917733f0","      ISETP.GT.U32.AND P5, PT, R7, R6, PT","0","0","0","4224","135168","135168","32","32","0","-","-","-","0","0","0","0","0","0","0","0","-","0","0","0","0","0","0","0","0","0","0","0","0","0","0","0","0","0","0","0","0","0","0","0","0","0","0","0","0","0","0","0","0","0","0","0","0","0","0","0","0","0","0"
"0x778791773400","      IMAD R137, R38, UR5, RZ","0","0","0","4224","135168","135168","32","32","0","-","-","-","0","0","0","0","0","0","0","0","-","0","0","0","0","0","0","0","0","0","0","0","0","0","0","0","0","0","0","0","0","0","0","0","0","0","0","0","0","0","0","0","0","0","0","0","0","0","0","0","0","0","0"
"0x778791773410","      ISETP.GT.U32.AND P3, PT, R7, R12, PT","0","0","0","4224","135168","135168","32","32","0","-","-","-","0","0","0","0","0","0","0","0","-","0","0","0","0","0","0","0","0","0","0","0","0","0","0","0","0","0","0","0","0","0","0","0","0","0","0","0","0","0","0","0","0","0","0","0","0","0","0","0","0","0","0"
"0x778791773420","      IMAD R41, R41, UR5, RZ","0","0","0","4224","135168","135168","32","32","0","-","-","-","0","0","0","0","0","0","0","0","-","0","0","0","0","0","0","0","0","0","0","0","0","0","0","0","0","0","0","0","0","0","0","0","0","0","0","0","0","0","0","0","0","0","0","0","0","0","0","0","0","0","0"
"0x778791773430","      ISETP.GT.U32.AND P6, PT, R7, R10, PT","0","0","0","4224","135168","135168","32","32","0","-","-","-","0","0","0","0","0","0","0","0","-","0","0","0","0","0","0","0","0","0","0","0","0","0","0","0","0","0","0","0","0","0","0","0","0","0","0","0","0","0","0","0","0","0","0","0","0","0","0","0","0","0","0"
"0x778791773440","      IMAD.HI.U32 R13, R8, R22, RZ","0","0","0","4224","135168","135168","32","32","0","-","-","-","0","0","0","0","0","0","0","0","-","0","0","0","0","0","0","0","0","0","0","0","0","0","0","0","0","0","0","0","0","0","0","0","0","0","0","0","0","0","0","0","0","0","0","0","0","0","0","0","0","0","0"
"0x778791773450","      IABS R15, R30","1","0","1","4224","135168","135168","32","32","0","-","-","-","0","0","0","0","0","0","0","0","-","0","0","0","0","0","0","0","0","0","0","0","0","0","0","0","0","0","0","0","1","0","0","0","0","0","0","0","0","0","0","0","0","0","0","0","0","0","0","0","0","0","0"
"0x778791773460","      LDG.E R158, desc[UR18][R94.64]","0","0","0","4224","135168","135168","32","32","0","Global","Load","32","4224","0","0","0","0","0","4224","4224","","0","0","0","0","0","0","0","0","0","0","0","0","0","0","0","0","0","0","0","0","0","0","0","0","0","0","0","0","0","0","0","0","0","0","0","0","0","0","0","0","0","0"
"0x778791773470","@!P1  IMAD.IADD R14, R14, 0x1, -R7","0","0","0","4224","135168","0","32","0","0","-","-","-","0","0","0","0","0","0","0","0","-","0","0","0","0","0","0","0","0","0","0","0","0","0","0","0","0","0","0","0","0","0","0","0","0","0","0","0","0","0","0","0","0","0","0","0","0","0","0","0","0","0","0"
"0x778791773480","      IABS R18, R31","0","0","0","4224","135168","135168","32","32","0","-","-","-","0","0","0","0","0","0","0","0","-","0","0","0","0","0","0","0","0","0","0","0","0","0","0","0","0","0","0","0","0","0","0","0","0","0","0","0","0","0","0","0","0","0","0","0","0","0","0","0","0","0","0"
"0x778791773490","@!P4  IMAD.IADD R16, R16, 0x1, -R7","0","0","0","4224","135168","0","32","0","0","-","-","-","0","0","0","0","0","0","0","0","-","0","0","0","0","0","0","0","0","0","0","0","0","0","0","0","0","0","0","0","0","0","0","0","0","0","0","0","0","0","0","0","0","0","0","0","0","0","0","0","0","0","0"
"0x7787917734a0","      IABS R20, R24","1","0","1","4224","135168","135168","32","32","0","-","-","-","0","0","0","0","0","0","0","0","-","0","0","0","0","0","0","0","0","0","0","0","0","0","0","0","0","0","0","0","1","0","0","0","0","0","0","0","0","0","0","0","0","0","0","0","0","0","0","0","0","0","0"
"0x7787917734b0","@!P5  IMAD.IADD R6, R6, 0x1, -R7","0","0","0","4224","135168","0","32","0","0","-","-","-","0","0","0","0","0","0","0","0","-","0","0","0","0","0","0","0","0","0","0","0","0","0","0","0","0","0","0","0","0","0","0","0","0","0","0","0","0","0","0","0","0","0","0","0","0","0","0","0","0","0","0"
"0x7787917734c0","      ISETP.GT.U32.AND P4, PT, R7, R14, PT","0","0","0","4224","135168","135168","32","32","0","-","-","-","0","0","0","0","0","0","0","0","-","0","0","0","0","0","0","0","0","0","0","0","0","0","0","0","0","0","0","0","0","0","0","0","0","0","0","0","0","0","0","0","0","0","0","0","0","0","0","0","0","0","0"
"0x7787917734d0","@!P3  IMAD.IADD R12, R12, 0x1, -R7","0","0","0","4224","135168","0","32","0","0","-","-","-","0","0","0","0","0","0","0","0","-","0","0","0","0","0","0","0","0","0","0","0","0","0","0","0","0","0","0","0","0","0","0","0","0","0","0","0","0","0","0","0","0","0","0","0","0","0","0","0","0","0","0"
"0x7787917734e0","      LDG.E R178, desc[UR18][R122.64]","1","0","1","4224","135168","135168","32","32","0","Global","Load","32","4224","0","0","0","0","0","4224","4224","","0","0","0","0","0","0","0","0","0","0","0","0","0","0","0","0","0","0","0","1","0","0","0","0","0","0","0","0","0","0","0","0","0","0","0","0","0","0","0","0","0","0"
"0x7787917734f0","@!P6  IMAD.IADD R10, R10, 0x1, -R7","0","0","0","4224","135168","0","32","0","0","-","-","-","0","0","0","0","0","0","0","0","-","0","0","0","0","0","0","0","0","0","0","0","0","0","0","0","0","0","0","0","0","0","0","0","0","0","0","0","0","0","0","0","0","0","0","0","0","0","0","0","0","0","0"
"0x778791773500","      ISETP.GE.AND P6, PT, R21, RZ, PT","0","0","0","4224","135168","135168","32","32","0","-","-","-","0","0","0","0","0","0","0","0","-","0","0","0","0","0","0","0","0","0","0","0","0","0","0","0","0","0","0","0","0","0","0","0","0","0","0","0","0","0","0","0","0","0","0","0","0","0","0","0","0","0","0"
"0x778791773510","      IMAD.HI.U32 R5, R8, R15, RZ","0","0","0","4224","135168","135168","32","32","0","-","-","-","0","0","0","0","0","0","0","0","-","0","0","0","0","0","0","0","0","0","0","0","0","0","0","0","0","0","0","0","0","0","0","0","0","0","0","0","0","0","0","0","0","0","0","0","0","0","0","0","0","0","0"
"0x778791773520","      ISETP.GT.U32.AND P5, PT, R7, R12, PT","0","0","0","4224","135168","135168","32","32","0","-","-","-","0","0","0","0","0","0","0","0","-","0","0","0","0","0","0","0","0","0","0","0","0","0","0","0","0","0","0","0","0","0","0","0","0","0","0","0","0","0","0","0","0","0","0","0","0","0","0","0","0","0","0"
"0x778791773530","      LDG.E R179, desc[UR18][R124.64]","0","0","0","4224","135168","135168","32","32","0","Global","Load","32","4224","0","0","0","0","0","4224","4224","","0","0","0","0","0","0","0","0","0","0","0","0","0","0","0","0","0","0","0","0","0","0","0","0","0","0","0","0","0","0","0","0","0","0","0","0","0","0","0","0","0","0"
"0x778791773540","      IMAD.HI.U32 R9, R8, R18, RZ","1","0","1","4224","135168","135168","32","32","0","-","-","-","0","0","0","0","0","0","0","0","-","0","0","0","0","0","0","0","0","0","0","0","0","0","0","0","0","0","0","0","0","0","0","0","1","0","0","0","0","0","0","0","0","0","0","0","0","0","0","0","0","0","0"
"0x778791773550","      ISETP.GT.U32.AND P3, PT, R7, R10, PT","0","0","0","4224","135168","135168","32","32","0","-","-","-","0","0","0","0","0","0","0","0","-","0","0","0","0","0","0","0","0","0","0","0","0","0","0","0","0","0","0","0","0","0","0","0","0","0","0","0","0","0","0","0","0","0","0","0","0","0","0","0","0","0","0"
"0x778791773560","      IMAD.HI.U32 R11, R8, R20, RZ","3","0","3","4224","135168","135168","32","32","0","-","-","-","0","0","0","0","0","0","0","0","-","0","0","0","0","0","0","0","0","0","0","0","0","0","1","0","0","0","0","1","0","0","0","0","1","0","0","0","0","0","0","0","0","0","0","0","0","0","0","0","0","0","0"
"0x778791773570","      ISETP.GT.U32.AND P1, PT, R7, R16, PT","0","0","0","4224","135168","135168","32","32","0","-","-","-","0","0","0","0","0","0","0","0","-","0","0","0","0","0","0","0","0","0","0","0","0","0","0","0","0","0","0","0","0","0","0","0","0","0","0","0","0","0","0","0","0","0","0","0","0","0","0","0","0","0","0"
"0x778791773580","      IMAD.MOV R13, RZ, RZ, -R13","5","1","5","4224","135168","135168","32","32","0","-","-","-","0","0","0","0","0","0","0","0","-","0","0","0","0","0","0","0","0","0","0","0","0","0","3","0","0","0","0","0","1","0","0","0","1","0","0","0","0","0","0","0","1","0","0","0","0","0","0","0","0","0","0"
"0x778791773590","      IMAD.MOV R8, RZ, RZ, -R5","2","0","2","4224","135168","135168","32","32","0","-","-","-","0","0","0","0","0","0","0","0","-","0","0","0","0","0","0","0","0","0","0","0","0","0","1","0","0","0","0","1","0","0","0","0","0","0","0","0","0","0","0","0","0","0","0","0","0","0","0","0","0","0","0"
"0x7787917735a0","      IMAD.MOV R9, RZ, RZ, -R9","0","0","0","4224","135168","135168","32","32","0","-","-","-","0","0","0","0","0","0","0","0","-","0","0","0","0","0","0","0","0","0","0","0","0","0","0","0","0","0","0","0","0","0","0","0","0","0","0","0","0","0","0","0","0","0","0","0","0","0","0","0","0","0","0"
"0x7787917735b0","      IMAD.MOV R11, RZ, RZ, -R11","3","0","3","4224","135168","135168","32","32","0","-","-","-","0","0","0","0","0","0","0","0","-","0","0","0","0","0","0","0","0","0","0","0","0","0","1","0","0","0","0","2","0","0","0","0","0","0","0","0","0","0","0","0","0","0","0","0","0","0","0","0","0","0","0"
"0x7787917735c0","      IMAD R22, R7, R13, R22","1","0","1","4224","135168","135168","32","32","0","-","-","-","0","0","0","0","0","0","0","0","-","0","0","0","0","0","0","0","0","0","0","0","0","0","1","0","0","0","0","0","0","0","0","0","0","0","0","0","0","0","0","0","0","0","0","0","0","0","0","0","0","0","0"
"0x7787917735d0","      IMAD R8, R7, R8, R15","1","0","1","4224","135168","135168","32","32","0","-","-","-","0","0","0","0","0","0","0","0","-","0","0","0","0","0","0","0","0","0","0","0","0","0","0","0","0","0","0","0","1","0","0","0","0","0","0","0","0","0","0","0","0","0","0","0","0","0","0","0","0","0","0"
"0x7787917735e0","      IMAD R18, R7, R9, R18","0","0","0","4224","135168","135168","32","32","0","-","-","-","0","0","0","0","0","0","0","0","-","0","0","0","0","0","0","0","0","0","0","0","0","0","0","0","0","0","0","0","0","0","0","0","0","0","0","0","0","0","0","0","0","0","0","0","0","0","0","0","0","0","0"
"0x7787917735f0","      IMAD R20, R7, R11, R20","2","1","2","4224","135168","135168","32","32","0","-","-","-","0","0","0","0","0","0","0","0","-","0","0","0","0","0","0","0","0","1","0","0","0","0","0","0","0","0","0","0","1","0","0","0","0","0","0","1","0","0","0","0","0","0","0","0","0","0","0","0","0","0","0"
"0x778791773600","@!P4  IMAD.IADD R14, R14, 0x1, -R7","1","0","1","4224","135168","0","32","0","0","-","-","-","0","0","0","0","0","0","0","0","-","0","0","0","0","0","0","0","0","0","0","0","0","0","0","0","0","0","0","0","1","0","0","0","0","0","0","0","0","0","0","0","0","0","0","0","0","0","0","0","0","0","0"
"0x778791773610","      ISETP.GT.U32.AND P4, PT, R7, R22, PT","1","0","1","4224","135168","135168","32","32","0","-","-","-","0","0","0","0","0","0","0","0","-","0","0","0","0","0","0","0","0","0","0","0","0","0","0","0","0","0","0","0","1","0","0","0","0","0","0","0","0","0","0","0","0","0","0","0","0","0","0","0","0","0","0"
"0x778791773620","@!P0  IMAD.MOV R4, RZ, RZ, -R4","1","0","1","4224","135168","0","32","0","0","-","-","-","0","0","0","0","0","0","0","0","-","0","0","0","0","0","0","0","0","0","0","0","0","0","0","0","0","0","0","0","1","0","0","0","0","0","0","0","0","0","0","0","0","0","0","0","0","0","0","0","0","0","0"
"0x778791773630","      ISETP.GT.U32.AND P0, PT, R7, R8, PT","0","0","0","4224","135168","135168","32","32","0","-","-","-","0","0","0","0","0","0","0","0","-","0","0","0","0","0","0","0","0","0","0","0","0","0","0","0","0","0","0","0","0","0","0","0","0","0","0","0","0","0","0","0","0","0","0","0","0","0","0","0","0","0","0"
"0x778791773640","@!P6  IMAD.MOV R6, RZ, RZ, -R6","1","0","1","4224","135168","0","32","0","0","-","-","-","0","0","0","0","0","0","0","0","-","0","0","0","0","0","0","0","0","0","0","0","0","0","0","0","0","0","0","0","1","0","0","0","0","0","0","0","0","0","0","0","0","0","0","0","0","0","0","0","0","0","0"
"0x778791773650","      ISETP.GT.U32.AND P6, PT, R7, R18, PT","0","0","0","4224","135168","135168","32","32","0","-","-","-","0","0","0","0","0","0","0","0","-","0","0","0","0","0","0","0","0","0","0","0","0","0","0","0","0","0","0","0","0","0","0","0","0","0","0","0","0","0","0","0","0","0","0","0","0","0","0","0","0","0","0"
"0x778791773660","@!P5  IMAD.IADD R12, R12, 0x1, -R7","1","0","1","4224","135168","0","32","0","0","-","-","-","0","0","0","0","0","0","0","0","-","0","0","0","0","0","0","0","0","0","0","0","0","0","0","0","0","0","0","0","1","0","0","0","0","0","0","0","0","0","0","0","0","0","0","0","0","0","0","0","0","0","0"
"0x778791773670","      ISETP.GT.U32.AND P5, PT, R7, R20, PT","0","0","0","4224","135168","135168","32","32","0","-","-","-","0","0","0","0","0","0","0","0","-","0","0","0","0","0","0","0","0","0","0","0","0","0","0","0","0","0","0","0","0","0","0","0","0","0","0","0","0","0","0","0","0","0","0","0","0","0","0","0","0","0","0"
"0x778791773680","@!P3  IMAD.IADD R10, R10, 0x1, -R7","0","0","0","4224","135168","0","32","0","0","-","-","-","0","0","0","0","0","0","0","0","-","0","0","0","0","0","0","0","0","0","0","0","0","0","0","0","0","0","0","0","0","0","0","0","0","0","0","0","0","0","0","0","0","0","0","0","0","0","0","0","0","0","0"
"0x778791773690","      ISETP.GE.AND P3, PT, R27, RZ, PT","1","0","1","4224","135168","135168","32","32","0","-","-","-","0","0","0","0","0","0","0","0","-","0","0","0","0","0","0","0","0","0","0","0","0","0","0","0","0","0","0","0","1","0","0","0","0","0","0","0","0","0","0","0","0","0","0","0","0","0","0","0","0","0","0"
"0x7787917736a0","@!P1  IMAD.IADD R16, R16, 0x1, -R7","0","0","0","4224","135168","0","32","0","0","-","-","-","0","0","0","0","0","0","0","0","-","0","0","0","0","0","0","0","0","0","0","0","0","0","0","0","0","0","0","0","0","0","0","0","0","0","0","0","0","0","0","0","0","0","0","0","0","0","0","0","0","0","0"
"0x7787917736b0","      ISETP.GE.AND P1, PT, R28, RZ, PT","1","0","1","4224","135168","135168","32","32","0","-","-","-","0","0","0","0","0","0","0","0","-","0","0","0","0","0","0","0","0","0","0","0","0","0","0","0","0","0","0","0","1","0","0","0","0","0","0","0","0","0","0","0","0","0","0","0","0","0","0","0","0","0","0"
"0x7787917736c0","      IMAD.WIDE R86, R87, 0x4, R2","0","0","0","4224","135168","135168","32","32","0","-","-","-","0","0","0","0","0","0","0","0","-","0","0","0","0","0","0","0","0","0","0","0","0","0","0","0","0","0","0","0","0","0","0","0","0","0","0","0","0","0","0","0","0","0","0","0","0","0","0","0","0","0","0"
"0x7787917736d0","@!P4  IMAD.IADD R22, R22, 0x1, -R7","6","1","6","4224","135168","0","32","0","0","-","-","-","0","0","0","0","0","0","0","0","-","0","0","0","0","0","0","0","0","0","0","0","0","0","3","0","0","0","0","2","0","0","0","0","1","0","0","0","0","0","0","0","0","0","0","0","0","0","0","0","0","0","1"
"0x7787917736e0","      LOP3.LUT R73, R73, 0x30, RZ, 0xc0, !PT","0","0","0","4224","135168","135168","32","32","0","-","-","-","0","0","0","0","0","0","0","0","-","0","0","0","0","0","0","0","0","0","0","0","0","0","0","0","0","0","0","0","0","0","0","0","0","0","0","0","0","0","0","0","0","0","0","0","0","0","0","0","0","0","0"
"0x7787917736f0","@!P0  IMAD.IADD R8, R8, 0x1, -R7","0","0","0","4224","135168","0","32","0","0","-","-","-","0","0","0","0","0","0","0","0","-","0","0","0","0","0","0","0","0","0","0","0","0","0","0","0","0","0","0","0","0","0","0","0","0","0","0","0","0","0","0","0","0","0","0","0","0","0","0","0","0","0","0"
"0x778791773700","      IMAD.WIDE R102, R103, 0x4, R2","2","0","2","4224","135168","135168","32","32","0","-","-","-","0","0","0","0","0","0","0","0","-","0","0","0","0","0","0","0","0","0","0","0","0","0","1","0","0","0","0","0","0","0","0","0","1","0","0","0","0","0","0","0","0","0","0","0","0","0","0","0","0","0","0"
"0x778791773710","      ISETP.GT.U32.AND P4, PT, R7, R22, PT","0","0","0","4224","135168","135168","32","32","0","-","-","-","0","0","0","0","0","0","0","0","-","0","0","0","0","0","0","0","0","0","0","0","0","0","0","0","0","0","0","0","0","0","0","0","0","0","0","0","0","0","0","0","0","0","0","0","0","0","0","0","0","0","0"
"0x778791773720","      IMAD.WIDE R110, R111, 0x4, R2","1","0","1","4224","135168","135168","32","32","0","-","-","-","0","0","0","0","0","0","0","0","-","0","0","0","0","0","0","0","0","0","0","0","0","0","0","0","0","0","0","1","0","0","0","0","0","0","0","0","0","0","0","0","0","0","0","0","0","0","0","0","0","0","0"
"0x778791773730","@!P6  IMAD.IADD R18, R18, 0x1, -R7","7","2","7","4224","135168","0","32","0","0","-","-","-","0","0","0","0","0","0","0","0","-","0","0","0","0","0","0","0","0","0","0","0","0","0","2","0","0","0","0","0","1","0","0","0","4","0","0","0","0","0","0","0","1","0","0","0","0","0","0","0","0","0","1"
"0x778791773740","      ISETP.GE.AND P6, PT, R23, RZ, PT","0","0","0","4224","135168","135168","32","32","0","-","-","-","0","0","0","0","0","0","0","0","-","0","0","0","0","0","0","0","0","0","0","0","0","0","0","0","0","0","0","0","0","0","0","0","0","0","0","0","0","0","0","0","0","0","0","0","0","0","0","0","0","0","0"
"0x778791773750","@!P5  IMAD.IADD R20, R20, 0x1, -R7","0","0","0","4224","135168","0","32","0","0","-","-","-","0","0","0","0","0","0","0","0","-","0","0","0","0","0","0","0","0","0","0","0","0","0","0","0","0","0","0","0","0","0","0","0","0","0","0","0","0","0","0","0","0","0","0","0","0","0","0","0","0","0","0"
"0x778791773760","@!P3  IMAD.MOV R10, RZ, RZ, -R10","0","0","0","4224","135168","0","32","0","0","-","-","-","0","0","0","0","0","0","0","0","-","0","0","0","0","0","0","0","0","0","0","0","0","0","0","0","0","0","0","0","0","0","0","0","0","0","0","0","0","0","0","0","0","0","0","0","0","0","0","0","0","0","0"
"0x778791773770","      ISETP.GT.U32.AND P3, PT, R7, R8, PT","2","0","2","4224","135168","135168","32","32","0","-","-","-","0","0","0","0","0","0","0","0","-","0","0","0","0","0","0","0","0","0","0","0","0","0","0","0","0","0","0","0","2","0","0","0","0","0","0","0","0","0","0","0","0","0","0","0","0","0","0","0","0","0","0"
"0x778791773780","@!P1  IMAD.MOV R12, RZ, RZ, -R12","0","0","0","4224","135168","0","32","0","0","-","-","-","0","0","0","0","0","0","0","0","-","0","0","0","0","0","0","0","0","0","0","0","0","0","0","0","0","0","0","0","0","0","0","0","0","0","0","0","0","0","0","0","0","0","0","0","0","0","0","0","0","0","0"
"0x778791773790","      ISETP.GT.U32.AND P5, PT, R7, R18, PT","0","0","0","4224","135168","135168","32","32","0","-","-","-","0","0","0","0","0","0","0","0","-","0","0","0","0","0","0","0","0","0","0","0","0","0","0","0","0","0","0","0","0","0","0","0","0","0","0","0","0","0","0","0","0","0","0","0","0","0","0","0","0","0","0"
"0x7787917737a0","      IMAD.WIDE R116, R117, 0x4, R2","0","0","0","4224","135168","135168","32","32","0","-","-","-","0","0","0","0","0","0","0","0","-","0","0","0","0","0","0","0","0","0","0","0","0","0","0","0","0","0","0","0","0","0","0","0","0","0","0","0","0","0","0","0","0","0","0","0","0","0","0","0","0","0","0"
"0x7787917737b0","      ISETP.GT.U32.AND P1, PT, R7, R20, PT","0","0","0","4224","135168","135168","32","32","0","-","-","-","0","0","0","0","0","0","0","0","-","0","0","0","0","0","0","0","0","0","0","0","0","0","0","0","0","0","0","0","0","0","0","0","0","0","0","0","0","0","0","0","0","0","0","0","0","0","0","0","0","0","0"
"0x7787917737c0","      IMAD.WIDE R120, R121, 0x4, R2","5","0","5","4224","135168","135168","32","32","0","-","-","-","0","0","0","0","0","0","0","0","-","0","0","0","0","0","0","0","0","0","0","0","0","0","1","0","0","0","0","2","0","0","0","0","2","0","0","0","0","0","0","0","0","0","0","0","0","0","0","0","0","0","0"
"0x7787917737d0","      ISETP.GE.AND P0, PT, R29, RZ, PT","1","0","1","4224","135168","135168","32","32","0","-","-","-","0","0","0","0","0","0","0","0","-","0","0","0","0","0","0","0","0","1","0","0","0","0","0","0","0","0","0","0","0","0","0","0","0","0","0","0","0","0","0","0","0","0","0","0","0","0","0","0","0","0","0"
"0x7787917737e0","      IMAD.WIDE R126, R33, 0x4, R2","0","0","0","4224","135168","135168","32","32","0","-","-","-","0","0","0","0","0","0","0","0","-","0","0","0","0","0","0","0","0","0","0","0","0","0","0","0","0","0","0","0","0","0","0","0","0","0","0","0","0","0","0","0","0","0","0","0","0","0","0","0","0","0","0"
"0x7787917737f0","      USEL UR5, URZ, 0x10, !UP0","0","0","0","4224","135168","135168","32","32","0","-","-","-","0","0","0","0","0","0","0","0","-","0","0","0","0","0","0","0","0","0","0","0","0","0","0","0","0","0","0","0","0","0","0","0","0","0","0","0","0","0","0","0","0","0","0","0","0","0","0","0","0","0","0"
"0x778791773800","      LDG.E R154, desc[UR18][R86.64]","1","0","1","4224","135168","135168","32","32","0","Global","Load","32","4224","0","0","0","0","0","4224","4224","","0","0","0","0","0","0","0","0","0","0","0","0","0","0","0","0","0","0","0","1","0","0","0","0","0","0","0","0","0","0","0","0","0","0","0","0","0","0","0","0","0","0"
"0x778791773810","      UISETP.GT.AND UP0, UPT, UR4, 0x7f, UPT","1","0","1","4224","135168","135168","32","32","0","-","-","-","0","0","0","0","0","0","0","0","-","0","0","0","0","0","0","0","0","0","0","0","0","0","0","0","0","0","0","0","1","0","0","0","0","0","0","0","0","0","0","0","0","0","0","0","0","0","0","0","0","0","0"
"0x778791773820","      IMAD.WIDE R130, R35, 0x4, R2","0","0","0","4224","135168","135168","32","32","0","-","-","-","0","0","0","0","0","0","0","0","-","0","0","0","0","0","0","0","0","0","0","0","0","0","0","0","0","0","0","0","0","0","0","0","0","0","0","0","0","0","0","0","0","0","0","0","0","0","0","0","0","0","0"
"0x778791773830","      LDG.E R162, desc[UR18][R102.64]","0","0","0","4224","135168","135168","32","32","0","Global","Load","32","4224","0","0","0","0","0","4224","4224","","0","0","0","0","0","0","0","0","0","0","0","0","0","0","0","0","0","0","0","0","0","0","0","0","0","0","0","0","0","0","0","0","0","0","0","0","0","0","0","0","0","0"
"0x778791773840","      IMAD.WIDE R132, R133, 0x4, R2","0","0","0","4224","135168","135168","32","32","0","-","-","-","0","0","0","0","0","0","0","0","-","0","0","0","0","0","0","0","0","0","0","0","0","0","0","0","0","0","0","0","0","0","0","0","0","0","0","0","0","0","0","0","0","0","0","0","0","0","0","0","0","0","0"
"0x778791773850","      IMAD.WIDE R134, R37, 0x4, R2","2","1","2","4224","135168","135168","32","32","0","-","-","-","0","0","0","0","0","0","0","0","-","0","0","0","0","0","0","0","0","1","0","0","0","0","1","0","0","0","0","0","0","0","0","0","0","0","0","0","0","0","0","0","1","0","0","0","0","0","0","0","0","0","0"
"0x778791773860","      LDG.E R172, desc[UR18][R110.64]","1","0","1","4224","135168","135168","32","32","0","Global","Load","32","4224","0","0","0","0","0","4224","4224","","0","0","0","0","0","0","0","0","1","0","0","0","0","0","0","0","0","0","0","0","0","0","0","0","0","0","0","0","0","0","0","0","0","0","0","0","0","0","0","0","0","0"
"0x778791773870","      IMAD.WIDE R136, R137, 0x4, R2","2","0","2","4224","135168","135168","32","32","0","-","-","-","0","0","0","0","0","0","0","0","-","0","0","0","0","0","0","0","0","1","0","0","0","0","0","0","0","0","0","1","0","0","0","0","0","0","0","0","0","0","0","0","0","0","0","0","0","0","0","0","0","0","0"
"0x778791773880","      LDG.E R175, desc[UR18][R116.64]","0","0","0","4224","135168","135168","32","32","0","Global","Load","32","4224","0","0","0","0","0","4224","4224","","0","0","0","0","0","0","0","0","0","0","0","0","0","0","0","0","0","0","0","0","0","0","0","0","0","0","0","0","0","0","0","0","0","0","0","0","0","0","0","0","0","0"
"0x778791773890","      IMAD.WIDE R138, R39, 0x4, R2","3","1","3","4224","135168","135168","32","32","0","-","-","-","0","0","0","0","0","0","0","0","-","0","0","0","0","0","0","0","0","0","0","0","0","0","2","0","0","0","0","1","0","0","0","0","0","0","0","0","0","0","0","0","1","0","0","0","0","0","0","0","0","0","0"
"0x7787917738a0","      LDG.E R177, desc[UR18][R120.64]","1","0","1","4224","135168","135168","32","32","0","Global","Load","32","4224","0","0","0","0","0","4224","4224","","0","0","0","0","0","0","0","0","0","0","0","0","0","0","0","0","0","0","0","1","0","0","0","0","0","0","0","0","0","0","0","0","0","0","0","0","0","0","0","0","0","0"
"0x7787917738b0","      IMAD.WIDE R140, R141, 0x4, R2","1","0","1","4224","135168","135168","32","32","0","-","-","-","0","0","0","0","0","0","0","0","-","0","0","0","0","0","0","0","0","0","0","0","0","0","1","0","0","0","0","0","0","0","0","0","0","0","0","0","0","0","0","0","0","0","0","0","0","0","0","0","0","0","0"
"0x7787917738c0","      LDG.E R180, desc[UR18][R126.64]","1","0","1","4224","135168","135168","32","32","0","Global","Load","32","4224","0","0","0","0","0","4224","4224","","0","0","0","0","0","0","0","0","0","0","0","0","0","0","0","0","0","0","0","1","0","0","0","0","0","0","0","0","0","0","0","0","0","0","0","0","0","0","0","0","0","0"
"0x7787917738d0","      IMAD.WIDE R142, R41, 0x4, R2","0","0","0","4224","135168","135168","32","32","0","-","-","-","0","0","0","0","0","0","0","0","-","0","0","0","0","0","0","0","0","0","0","0","0","0","0","0","0","0","0","0","0","0","0","0","0","0","0","0","0","0","0","0","0","0","0","0","0","0","0","0","0","0","0"
"0x7787917738e0","      LDG.E R182, desc[UR18][R130.64]","0","0","0","4224","135168","135168","32","32","0","Global","Load","32","4224","0","0","0","0","0","4224","4224","","0","0","0","0","0","0","0","0","0","0","0","0","0","0","0","0","0","0","0","0","0","0","0","0","0","0","0","0","0","0","0","0","0","0","0","0","0","0","0","0","0","0"
"0x7787917738f0","      IMAD.WIDE R144, R145, 0x4, R2","1","0","1","4224","135168","135168","32","32","0","-","-","-","0","0","0","0","0","0","0","0","-","0","0","0","0","0","0","0","0","0","0","0","0","0","0","0","0","0","0","0","1","0","0","0","0","0","0","0","0","0","0","0","0","0","0","0","0","0","0","0","0","0","0"
"0x778791773900","      LDG.E R183, desc[UR18][R132.64]","0","0","0","4224","135168","135168","32","32","0","Global","Load","32","4224","0","0","0","0","0","4224","4224","","0","0","0","0","0","0","0","0","0","0","0","0","0","0","0","0","0","0","0","0","0","0","0","0","0","0","0","0","0","0","0","0","0","0","0","0","0","0","0","0","0","0"
"0x778791773910","      SEL R4, R81, R4, !P2","1","0","1","4224","135168","135168","32","32","0","-","-","-","0","0","0","0","0","0","0","0","-","0","0","0","0","0","0","0","0","0","0","0","0","0","0","0","0","0","0","0","1","0","0","0","0","0","0","0","0","0","0","0","0","0","0","0","0","0","0","0","0","0","0"
"0x778791773920","      ULDC UR4, c[0x0][0x234]","1","0","1","4224","135168","135168","32","32","0","-","-","-","0","0","0","0","0","0","0","0","-","0","0","0","0","0","0","0","0","1","0","0","0","0","0","0","0","0","0","0","0","0","0","0","0","0","0","0","0","0","0","0","0","0","0","0","0","0","0","0","0","0","0"
"0x778791773930","@!P4  IMAD.IADD R22, R22, 0x1, -R7","0","0","0","4224","135168","0","32","0","0","-","-","-","0","0","0","0","0","0","0","0","-","0","0","0","0","0","0","0","0","0","0","0","0","0","0","0","0","0","0","0","0","0","0","0","0","0","0","0","0","0","0","0","0","0","0","0","0","0","0","0","0","0","0"
"0x778791773940","      ISETP.GE.AND P4, PT, R73, UR8, PT","1","0","1","4224","135168","135168","32","32","0","-","-","-","0","0","0","0","0","0","0","0","-","0","0","0","0","0","0","0","0","1","0","0","0","0","0","0","0","0","0","0","0","0","0","0","0","0","0","0","0","0","0","0","0","0","0","0","0","0","0","0","0","0","0"
"0x778791773950","      ULDC.64 UR8, c[0x0][0x210]","0","0","0","4224","135168","135168","32","32","0","-","-","-","0","0","0","0","0","0","0","0","-","0","0","0","0","0","0","0","0","0","0","0","0","0","0","0","0","0","0","0","0","0","0","0","0","0","0","0","0","0","0","0","0","0","0","0","0","0","0","0","0","0","0"
"0x778791773960","      IMAD R165, R4, UR4, R73","1","0","1","4224","135168","135168","32","32","0","-","-","-","0","0","0","0","0","0","0","0","-","0","0","0","0","0","0","0","0","0","0","0","0","0","0","0","0","0","0","0","1","0","0","0","0","0","0","0","0","0","0","0","0","0","0","0","0","0","0","0","0","0","0"
"0x778791773970","      LDG.E R184, desc[UR18][R134.64]","1","0","1","4224","135168","135168","32","32","0","Global","Load","32","4224","0","0","0","0","0","4224","4224","","0","0","0","0","0","0","0","0","0","0","0","0","0","0","0","0","0","0","0","1","0","0","0","0","0","0","0","0","0","0","0","0","0","0","0","0","0","0","0","0","0","0"
"0x778791773980","      IMAD.WIDE R2, R43, 0x4, R2","0","0","0","4224","135168","135168","32","32","0","-","-","-","0","0","0","0","0","0","0","0","-","0","0","0","0","0","0","0","0","0","0","0","0","0","0","0","0","0","0","0","0","0","0","0","0","0","0","0","0","0","0","0","0","0","0","0","0","0","0","0","0","0","0"
"0x778791773990","      LDG.E R185, desc[UR18][R136.64]","2","1","2","4224","135168","135168","32","32","0","Global","Load","32","4224","0","0","0","0","0","4224","4224","","0","0","0","0","0","0","0","0","0","0","0","0","0","0","0","0","0","0","1","0","0","0","0","1","0","0","0","0","0","0","0","0","0","0","0","0","0","0","0","0","0","1"
"0x7787917739a0","@!P3  IMAD.IADD R8, R8, 0x1, -R7","0","0","0","4224","135168","0","32","0","0","-","-","-","0","0","0","0","0","0","0","0","-","0","0","0","0","0","0","0","0","0","0","0","0","0","0","0","0","0","0","0","0","0","0","0","0","0","0","0","0","0","0","0","0","0","0","0","0","0","0","0","0","0","0"
"0x7787917739b0","      ISETP.GE.AND P3, PT, R30, RZ, PT","1","0","1","4224","135168","135168","32","32","0","-","-","-","0","0","0","0","0","0","0","0","-","0","0","0","0","0","0","0","0","0","0","0","0","0","0","0","0","0","0","0","1","0","0","0","0","0","0","0","0","0","0","0","0","0","0","0","0","0","0","0","0","0","0"
"0x7787917739c0","@!P5  IMAD.IADD R18, R18, 0x1, -R7","0","0","0","4224","135168","0","32","0","0","-","-","-","0","0","0","0","0","0","0","0","-","0","0","0","0","0","0","0","0","0","0","0","0","0","0","0","0","0","0","0","0","0","0","0","0","0","0","0","0","0","0","0","0","0","0","0","0","0","0","0","0","0","0"
"0x7787917739d0","      ISETP.GE.AND P5, PT, R31, RZ, PT","0","0","0","4224","135168","135168","32","32","0","-","-","-","0","0","0","0","0","0","0","0","-","0","0","0","0","0","0","0","0","0","0","0","0","0","0","0","0","0","0","0","0","0","0","0","0","0","0","0","0","0","0","0","0","0","0","0","0","0","0","0","0","0","0"
"0x7787917739e0","@!P1  IMAD.IADD R20, R20, 0x1, -R7","0","0","0","4224","135168","0","32","0","0","-","-","-","0","0","0","0","0","0","0","0","-","0","0","0","0","0","0","0","0","0","0","0","0","0","0","0","0","0","0","0","0","0","0","0","0","0","0","0","0","0","0","0","0","0","0","0","0","0","0","0","0","0","0"
"0x7787917739f0","      SEL R7, RZ, 0x10, P4","1","0","1","4224","135168","135168","32","32","0","-","-","-","0","0","0","0","0","0","0","0","-","0","0","0","0","0","0","0","0","0","0","0","0","0","0","0","0","0","0","0","1","0","0","0","0","0","0","0","0","0","0","0","0","0","0","0","0","0","0","0","0","0","0"
"0x778791773a00","@!P0  IMAD.MOV R14, RZ, RZ, -R14","0","0","0","4224","135168","0","32","0","0","-","-","-","0","0","0","0","0","0","0","0","-","0","0","0","0","0","0","0","0","0","0","0","0","0","0","0","0","0","0","0","0","0","0","0","0","0","0","0","0","0","0","0","0","0","0","0","0","0","0","0","0","0","0"
"0x778791773a10","      ISETP.GE.AND P4, PT, R24, RZ, PT","0","0","0","4224","135168","135168","32","32","0","-","-","-","0","0","0","0","0","0","0","0","-","0","0","0","0","0","0","0","0","0","0","0","0","0","0","0","0","0","0","0","0","0","0","0","0","0","0","0","0","0","0","0","0","0","0","0","0","0","0","0","0","0","0"
"0x778791773a20","      LDG.E R186, desc[UR18][R138.64]","0","0","0","4224","135168","135168","32","32","0","Global","Load","32","4224","0","0","0","0","0","4224","4224","","0","0","0","0","0","0","0","0","0","0","0","0","0","0","0","0","0","0","0","0","0","0","0","0","0","0","0","0","0","0","0","0","0","0","0","0","0","0","0","0","0","0"
"0x778791773a30","      ISETP.GE.AND P0, PT, R25, RZ, PT","1","0","1","4224","135168","135168","32","32","0","-","-","-","0","0","0","0","0","0","0","0","-","0","0","0","0","0","0","0","0","0","0","0","0","0","0","0","0","0","0","0","1","0","0","0","0","0","0","0","0","0","0","0","0","0","0","0","0","0","0","0","0","0","0"
"0x778791773a40","      ISETP.GE.AND P1, PT, R73, UR15, PT","3","2","3","4224","135168","135168","32","32","0","-","-","-","0","0","0","0","0","0","0","0","-","0","0","0","0","0","0","0","0","0","0","0","0","0","2","0","0","0","0","0","0","0","0","0","1","0","0","0","0","0","0","0","2","0","0","0","0","0","0","0","0","0","0"
"0x778791773a50","      LDG.E R187, desc[UR18][R140.64]","0","0","0","4224","135168","135168","32","32","0","Global","Load","32","4224","0","0","0","0","0","4224","4224","","0","0","0","0","0","0","0","0","0","0","0","0","0","0","0","0","0","0","0","0","0","0","0","0","0","0","0","0","0","0","0","0","0","0","0","0","0","0","0","0","0","0"
"0x778791773a60","@!P3  IMAD.MOV R8, RZ, RZ, -R8","0","0","0","4224","135168","0","32","0","0","-","-","-","0","0","0","0","0","0","0","0","-","0","0","0","0","0","0","0","0","0","0","0","0","0","0","0","0","0","0","0","0","0","0","0","0","0","0","0","0","0","0","0","0","0","0","0","0","0","0","0","0","0","0"
"0x778791773a70","@!P5  IMAD.MOV R18, RZ, RZ, -R18","0","0","0","4224","135168","0","32","0","0","-","-","-","0","0","0","0","0","0","0","0","-","0","0","0","0","0","0","0","0","0","0","0","0","0","0","0","0","0","0","0","0","0","0","0","0","0","0","0","0","0","0","0","0","0","0","0","0","0","0","0","0","0","0"
"0x778791773a80","      LDG.E R188, desc[UR18][R142.64]","0","0","0","4224","135168","135168","32","32","0","Global","Load","32","4224","0","0","0","0","0","4224","4224","","0","0","0","0","0","0","0","0","0","0","0","0","0","0","0","0","0","0","0","0","0","0","0","0","0","0","0","0","0","0","0","0","0","0","0","0","0","0","0","0","0","0"
"0x778791773a90","@!P4  IMAD.MOV R20, RZ, RZ, -R20","2","0","2","4224","135168","0","32","0","0","-","-","-","0","0","0","0","0","0","0","0","-","0","0","0","0","0","0","0","0","0","0","0","0","0","1","0","0","0","0","0","0","0","0","0","1","0","0","0","0","0","0","0","0","0","0","0","0","0","0","0","0","0","0"
"0x778791773aa0","      LDG.E R189, desc[UR18][R144.64]","0","0","0","4224","135168","135168","32","32","0","Global","Load","32","4224","0","0","0","0","0","4224","4224","","0","0","0","0","0","0","0","0","0","0","0","0","0","0","0","0","0","0","0","0","0","0","0","0","0","0","0","0","0","0","0","0","0","0","0","0","0","0","0","0","0","0"
"0x778791773ab0","@!P0  IMAD.MOV R22, RZ, RZ, -R22","0","0","0","4224","135168","0","32","0","0","-","-","-","0","0","0","0","0","0","0","0","-","0","0","0","0","0","0","0","0","0","0","0","0","0","0","0","0","0","0","0","0","0","0","0","0","0","0","0","0","0","0","0","0","0","0","0","0","0","0","0","0","0","0"
"0x778791773ac0","      SEL R77, R81, R14, !P2","0","0","0","4224","135168","135168","32","32","0","-","-","-","0","0","0","0","0","0","0","0","-","0","0","0","0","0","0","0","0","0","0","0","0","0","0","0","0","0","0","0","0","0","0","0","0","0","0","0","0","0","0","0","0","0","0","0","0","0","0","0","0","0","0"
"0x778791773ad0","      SEL R78, R81, R8, !P2","2","2","2","4224","135168","135168","32","32","0","-","-","-","0","0","0","0","0","0","0","0","-","0","0","0","0","0","0","0","0","0","0","0","0","0","1","0","0","0","0","0","0","0","0","0","1","0","0","0","0","0","0","0","1","0","0","0","0","0","0","0","0","0","1"
"0x778791773ae0","      LDG.E R191, desc[UR18][R2.64]","0","0","0","4224","135168","135168","32","32","0","Global","Load","32","4224","0","0","0","0","0","4224","4224","","0","0","0","0","0","0","0","0","0","0","0","0","0","0","0","0","0","0","0","0","0","0","0","0","0","0","0","0","0","0","0","0","0","0","0","0","0","0","0","0","0","0"
"0x778791773af0","      IMAD.U32 R5, RZ, RZ, UR5","0","0","0","4224","135168","135168","32","32","0","-","-","-","0","0","0","0","0","0","0","0","-","0","0","0","0","0","0","0","0","0","0","0","0","0","0","0","0","0","0","0","0","0","0","0","0","0","0","0","0","0","0","0","0","0","0","0","0","0","0","0","0","0","0"
"0x778791773b00","      SEL R164, R81, R6, !P2","0","0","0","4224","135168","135168","32","32","0","-","-","-","0","0","0","0","0","0","0","0","-","0","0","0","0","0","0","0","0","0","0","0","0","0","0","0","0","0","0","0","0","0","0","0","0","0","0","0","0","0","0","0","0","0","0","0","0","0","0","0","0","0","0"
"0x778791773b10","@!P6  IMAD.MOV R16, RZ, RZ, -R16","0","0","0","4224","135168","0","32","0","0","-","-","-","0","0","0","0","0","0","0","0","-","0","0","0","0","0","0","0","0","0","0","0","0","0","0","0","0","0","0","0","0","0","0","0","0","0","0","0","0","0","0","0","0","0","0","0","0","0","0","0","0","0","0"
"0x778791773b20","      ULDC UR5, c[0x0][0x238]","0","0","0","4224","135168","135168","32","32","0","-","-","-","0","0","0","0","0","0","0","0","-","0","0","0","0","0","0","0","0","0","0","0","0","0","0","0","0","0","0","0","0","0","0","0","0","0","0","0","0","0","0","0","0","0","0","0","0","0","0","0","0","0","0"
"0x778791773b30","      SEL R5, R5, RZ, !P1","2","0","2","4224","135168","135168","32","32","0","-","-","-","0","0","0","0","0","0","0","0","-","0","0","0","0","0","0","0","0","0","0","0","0","0","0","0","0","0","0","2","0","0","0","0","0","0","0","0","0","0","0","0","0","0","0","0","0","0","0","0","0","0","0"
"0x778791773b40","      IMAD R164, R164, UR4, R73","0","0","0","4224","135168","135168","32","32","0","-","-","-","0","0","0","0","0","0","0","0","-","0","0","0","0","0","0","0","0","0","0","0","0","0","0","0","0","0","0","0","0","0","0","0","0","0","0","0","0","0","0","0","0","0","0","0","0","0","0","0","0","0","0"
"0x778791773b50","      PLOP3.LUT P1, PT, PT, PT, UP0, 0x80, 0x0","0","0","0","4224","135168","135168","32","32","0","-","-","-","0","0","0","0","0","0","0","0","-","0","0","0","0","0","0","0","0","0","0","0","0","0","0","0","0","0","0","0","0","0","0","0","0","0","0","0","0","0","0","0","0","0","0","0","0","0","0","0","0","0","0"
"0x778791773b60","      ISETP.NE.U32.AND P6, PT, R5, RZ, PT","2","0","2","4224","135168","135168","32","32","0","-","-","-","0","0","0","0","0","0","0","0","-","0","0","0","0","0","0","0","0","0","0","0","0","0","1","0","0","0","0","0","1","0","0","0","0","0","0","0","0","0","0","0","0","0","0","0","0","0","0","0","0","0","0"
"0x778791773b70","      IMAD R166, R166, UR5, R73","0","0","0","4224","135168","135168","32","32","0","-","-","-","0","0","0","0","0","0","0","0","-","0","0","0","0","0","0","0","0","0","0","0","0","0","0","0","0","0","0","0","0","0","0","0","0","0","0","0","0","0","0","0","0","0","0","0","0","0","0","0","0","0","0"
"0x778791773b80","      SEL R74, R81, R16, !P2","0","0","0","4224","135168","135168","32","32","0","-","-","-","0","0","0","0","0","0","0","0","-","0","0","0","0","0","0","0","0","0","0","0","0","0","0","0","0","0","0","0","0","0","0","0","0","0","0","0","0","0","0","0","0","0","0","0","0","0","0","0","0","0","0"
"0x778791773b90","      IMAD R149, R26, UR5, R73","0","0","0","4224","135168","135168","32","32","0","-","-","-","0","0","0","0","0","0","0","0","-","0","0","0","0","0","0","0","0","0","0","0","0","0","0","0","0","0","0","0","0","0","0","0","0","0","0","0","0","0","0","0","0","0","0","0","0","0","0","0","0","0","0"
"0x778791773ba0","      SEL R75, R81, R10, !P2","0","0","0","4224","135168","135168","32","32","0","-","-","-","0","0","0","0","0","0","0","0","-","0","0","0","0","0","0","0","0","0","0","0","0","0","0","0","0","0","0","0","0","0","0","0","0","0","0","0","0","0","0","0","0","0","0","0","0","0","0","0","0","0","0"
"0x778791773bb0","      SEL R76, R81, R12, !P2","0","0","0","4224","135168","135168","32","32","0","-","-","-","0","0","0","0","0","0","0","0","-","0","0","0","0","0","0","0","0","0","0","0","0","0","0","0","0","0","0","0","0","0","0","0","0","0","0","0","0","0","0","0","0","0","0","0","0","0","0","0","0","0","0"
"0x778791773bc0","      SEL R79, R81, R18, !P2","0","0","0","4224","135168","135168","32","32","0","-","-","-","0","0","0","0","0","0","0","0","-","0","0","0","0","0","0","0","0","0","0","0","0","0","0","0","0","0","0","0","0","0","0","0","0","0","0","0","0","0","0","0","0","0","0","0","0","0","0","0","0","0","0"
"0x778791773bd0","      SEL R80, R81, R20, !P2","0","0","0","4224","135168","135168","32","32","0","-","-","-","0","0","0","0","0","0","0","0","-","0","0","0","0","0","0","0","0","0","0","0","0","0","0","0","0","0","0","0","0","0","0","0","0","0","0","0","0","0","0","0","0","0","0","0","0","0","0","0","0","0","0"
"0x778791773be0","      SEL R7, R7, RZ, P1","1","0","1","4224","135168","135168","32","32","0","-","-","-","0","0","0","0","0","0","0","0","-","0","0","0","0","0","0","0","0","1","0","0","0","0","0","0","0","0","0","0","0","0","0","0","0","0","0","0","0","0","0","0","0","0","0","0","0","0","0","0","0","0","0"
"0x778791773bf0","      SEL R81, R81, R22, !P2","1","1","1","4224","135168","135168","32","32","0","-","-","-","0","0","0","0","0","0","0","0","-","0","0","0","0","0","0","0","0","0","0","0","0","0","0","0","0","0","0","0","0","0","0","0","1","0","0","0","0","0","0","0","0","0","0","0","0","0","0","0","0","0","1"
"0x778791773c00","      SHF.R.S32.HI R170, RZ, 0x1f, R165","1","0","1","4224","135168","135168","32","32","0","-","-","-","0","0","0","0","0","0","0","0","-","0","0","0","0","0","0","0","0","0","0","0","0","0","0","0","0","0","0","1","0","0","0","0","0","0","0","0","0","0","0","0","0","0","0","0","0","0","0","0","0","0","0"
"0x778791773c10","      IADD3 R4, P0, R165, UR8, RZ","1","1","1","4224","135168","135168","32","32","0","-","-","-","0","0","0","0","0","0","0","0","-","0","0","0","0","0","0","0","0","0","0","0","0","0","0","0","0","0","0","0","0","0","0","0","1","0","0","0","0","0","0","0","0","0","0","0","0","0","0","0","0","0","1"
"0x778791773c20","      SHF.R.S32.HI R169, RZ, 0x1f, R164","1","1","1","4224","135168","135168","32","32","0","-","-","-","0","0","0","0","0","0","0","0","-","0","0","0","0","0","0","0","0","0","0","0","0","0","0","0","0","0","0","0","0","0","0","0","1","0","0","0","0","0","0","0","0","0","0","0","0","0","0","0","0","0","1"
"0x778791773c30","      IADD3 R6, P2, R164, UR8, RZ","1","0","1","4224","135168","135168","32","32","0","-","-","-","0","0","0","0","0","0","0","0","-","0","0","0","0","0","0","0","0","0","0","0","0","0","0","0","0","0","0","0","0","0","0","0","1","0","0","0","0","0","0","0","0","0","0","0","0","0","0","0","0","0","0"
"0x778791773c40","      VIADD R13, R71, UR6","0","0","0","4224","135168","135168","32","32","0","-","-","-","0","0","0","0","0","0","0","0","-","0","0","0","0","0","0","0","0","0","0","0","0","0","0","0","0","0","0","0","0","0","0","0","0","0","0","0","0","0","0","0","0","0","0","0","0","0","0","0","0","0","0"
"0x778791773c50","      SHF.R.S32.HI R167, RZ, 0x1f, R166","1","0","1","4224","135168","135168","32","32","0","-","-","-","0","0","0","0","0","0","0","0","-","0","0","0","0","0","0","0","0","0","0","0","0","0","0","0","0","0","0","0","1","0","0","0","0","0","0","0","0","0","0","0","0","0","0","0","0","0","0","0","0","0","0"
"0x778791773c60","      IADD3 R8, P3, R166, UR10, RZ","1","0","1","4224","135168","135168","32","32","0","-","-","-","0","0","0","0","0","0","0","0","-","0","0","0","0","0","0","0","0","0","0","0","0","0","0","0","0","0","0","0","0","0","0","0","1","0","0","0","0","0","0","0","0","0","0","0","0","0","0","0","0","0","0"
"0x778791773c70","      VIADD R15, R70, UR6","0","0","0","4224","135168","135168","32","32","0","-","-","-","0","0","0","0","0","0","0","0","-","0","0","0","0","0","0","0","0","0","0","0","0","0","0","0","0","0","0","0","0","0","0","0","0","0","0","0","0","0","0","0","0","0","0","0","0","0","0","0","0","0","0"
"0x778791773c80","      ISETP.NE.U32.AND P1, PT, R7, RZ, PT","0","0","0","4224","135168","135168","32","32","0","-","-","-","0","0","0","0","0","0","0","0","-","0","0","0","0","0","0","0","0","0","0","0","0","0","0","0","0","0","0","0","0","0","0","0","0","0","0","0","0","0","0","0","0","0","0","0","0","0","0","0","0","0","0"
"0x778791773c90","      SHF.R.S32.HI R150, RZ, 0x1f, R149","1","0","1","4224","135168","135168","32","32","0","-","-","-","0","0","0","0","0","0","0","0","-","0","0","0","0","0","0","0","0","0","0","0","0","0","0","0","0","0","0","0","1","0","0","0","0","0","0","0","0","0","0","0","0","0","0","0","0","0","0","0","0","0","0"
"0x778791773ca0","      IADD3 R10, P4, R149, UR10, RZ","2","1","2","4224","135168","135168","32","32","0","-","-","-","0","0","0","0","0","0","0","0","-","0","0","0","0","0","0","0","0","0","0","0","0","0","0","0","0","0","0","0","1","0","0","0","1","0","0","0","0","0","0","0","0","0","0","0","0","0","0","0","0","0","1"
"0x778791773cb0","      IADD3.X R5, R170, UR9, RZ, P0, !PT","2","0","2","4224","135168","135168","32","32","0","-","-","-","0","0","0","0","0","0","0","0","-","0","0","0","0","0","0","0","0","1","0","0","0","0","0","0","0","0","0","0","1","0","0","0","0","0","0","0","0","0","0","0","0","0","0","0","0","0","0","0","0","0","0"
"0x778791773cc0","      BAR.SYNC.DEFER_BLOCKING 0x0","0","0","0","4224","135168","135168","32","32","0","-","-","-","0","0","0","0","0","0","0","0","-","0","0","0","0","0","0","0","0","0","0","0","0","0","0","0","0","0","0","0","0","0","0","0","0","0","0","0","0","0","0","0","0","0","0","0","0","0","0","0","0","0","0"
"0x778791773cd0","      IADD3.X R7, R169, UR9, RZ, P2, !PT","0","0","0","4224","135168","135168","32","32","0","-","-","-","0","0","0","0","0","0","0","0","-","0","0","0","0","0","0","0","0","0","0","0","0","0","0","0","0","0","0","0","0","0","0","0","0","0","0","0","0","0","0","0","0","0","0","0","0","0","0","0","0","0","0"
"0x778791773ce0","      IADD3.X R9, R167, UR11, RZ, P3, !PT","1","0","1","4224","135168","135168","32","32","0","-","-","-","0","0","0","0","0","0","0","0","-","0","0","0","0","0","0","0","0","0","0","0","0","0","0","0","0","0","0","1","0","0","0","0","0","0","0","0","0","0","0","0","0","0","0","0","0","0","0","0","0","0","0"
"0x778791773cf0","      IADD3.X R11, R150, UR11, RZ, P4, !PT","0","0","0","4224","135168","135168","32","32","0","-","-","-","0","0","0","0","0","0","0","0","-","0","0","0","0","0","0","0","0","0","0","0","0","0","0","0","0","0","0","0","0","0","0","0","0","0","0","0","0","0","0","0","0","0","0","0","0","0","0","0","0","0","0"
"0x778791773d00","@!PT  LDS RZ, [RZ]","23","14","23","4224","135168","0","32","0","0","","Load","32","0","0","0","0","0","0","0","0","-","0","0","0","0","0","0","23","0","0","0","0","0","0","0","0","0","0","0","0","0","0","0","0","0","14","0","0","0","0","0","0","0","0","0","0","0","0","0","0","0","0","0"
"0x778791773d10","@!PT  LDS RZ, [RZ]","0","0","0","4224","135168","0","32","0","0","","Load","32","0","0","0","0","0","0","0","0","-","0","0","0","0","0","0","0","0","0","0","0","0","0","0","0","0","0","0","0","0","0","0","0","0","0","0","0","0","0","0","0","0","0","0","0","0","0","0","0","0","0","0"
"0x778791773d20","@!PT  LDS RZ, [RZ]","0","0","0","4224","135168","0","32","0","0","","Load","32","0","0","0","0","0","0","0","0","-","0","0","0","0","0","0","0","0","0","0","0","0","0","0","0","0","0","0","0","0","0","0","0","0","0","0","0","0","0","0","0","0","0","0","0","0","0","0","0","0","0","0"
"0x778791773d30","      LDGSTS.E.BYPASS.128 desc[UR18][R4.64], P6, [R13]","0","0","0","4224","135168","135168","32","32","0","Global,Shared","Load,Store","128","33792","8","16896","33792","16896","0","67584","67584","","0","0","0","0","0","0","0","0","0","0","0","0","0","0","0","0","0","0","0","0","0","0","0","0","0","0","0","0","0","0","0","0","0","0","0","0","0","0","0","0","0","0"
"0x778791773d40","      LDGSTS.E.BYPASS.128 desc[UR18][R6.64], P6, [R15]","1","0","1","4224","135168","135168","32","32","0","Global,Shared","Load,Store","128","33792","8","16896","33792","16896","0","67584","67584","","0","0","0","0","0","0","0","0","0","0","0","0","0","0","0","0","0","0","0","0","0","0","0","1","0","0","0","0","0","0","0","0","0","0","0","0","0","0","0","0","0","0"
"0x778791773d50","      LDGDEPBAR","0","0","0","4224","135168","135168","32","32","0","-","-","-","0","0","0","0","0","0","0","0","-","0","0","0","0","0","0","0","0","0","0","0","0","0","0","0","0","0","0","0","0","0","0","0","0","0","0","0","0","0","0","0","0","0","0","0","0","0","0","0","0","0","0"
"0x778791773d60","      LDGSTS.E.BYPASS.128 desc[UR18][R8.64], P6, [R13+0x6000]","1","0","1","4224","135168","135168","32","32","0","Global,Shared","Load,Store","128","33792","8","16896","33792","16896","0","67584","67584","","0","0","0","0","0","0","0","0","0","0","0","0","0","0","0","0","0","0","1","0","0","0","0","0","0","0","0","0","0","0","0","0","0","0","0","0","0","0","0","0","0","0"
"0x778791773d70","      LDGSTS.E.BYPASS.128 desc[UR18][R10.64], P6, [R15+0x6000]","6","3","6","4224","135168","135168","32","32","0","Global,Shared","Load,Store","128","33792","8","16896","33792","16896","0","67584","67584","","0","0","0","0","0","0","0","0","0","0","0","0","0","0","0","2","0","0","0","1","0","0","0","3","0","0","0","0","0","0","0","0","0","2","0","0","0","0","0","0","0","1"
"0x778791773d80","      LDGDEPBAR","6","2","6","4224","135168","135168","32","32","0","-","-","-","0","0","0","0","0","0","0","0","-","0","0","0","0","0","0","0","0","0","0","0","2","0","0","0","0","0","0","0","2","0","0","0","2","0","0","0","0","0","1","0","0","0","0","0","0","0","0","0","0","0","1"
"0x778791773d90","      BAR.SYNC.DEFER_BLOCKING 0x0","0","0","0","4224","135168","135168","32","32","0","-","-","-","0","0","0","0","0","0","0","0","-","0","0","0","0","0","0","0","0","0","0","0","0","0","0","0","0","0","0","0","0","0","0","0","0","0","0","0","0","0","0","0","0","0","0","0","0","0","0","0","0","0","0"
"0x778791773da0","      PLOP3.LUT P0, PT, PT, PT, UP2, 0x40, 0x0","0","0","0","4224","135168","135168","32","32","0","-","-","-","0","0","0","0","0","0","0","0","-","0","0","0","0","0","0","0","0","0","0","0","0","0","0","0","0","0","0","0","0","0","0","0","0","0","0","0","0","0","0","0","0","0","0","0","0","0","0","0","0","0","0"
"0x778791773db0","      CS2R R64, SRZ","1","0","1","4224","135168","135168","32","32","0","-","-","-","0","0","0","0","0","0","0","0","-","0","0","0","0","0","0","0","0","0","0","0","0","0","0","0","0","0","0","0","1","0","0","0","0","0","0","0","0","0","0","0","0","0","0","0","0","0","0","0","0","0","0"
"0x778791773dc0","      CS2R R66, SRZ","1","1","1","4224","135168","135168","32","32","0","-","-","-","0","0","0","0","0","0","0","0","-","0","0","0","0","0","0","0","0","0","0","0","0","0","0","0","0","0","0","0","0","0","0","0","1","0","0","0","0","0","0","0","0","0","0","0","0","0","0","0","0","0","1"
"0x778791773dd0","      CS2R R60, SRZ","0","0","0","4224","135168","135168","32","32","0","-","-","-","0","0","0","0","0","0","0","0","-","0","0","0","0","0","0","0","0","0","0","0","0","0","0","0","0","0","0","0","0","0","0","0","0","0","0","0","0","0","0","0","0","0","0","0","0","0","0","0","0","0","0"
"0x778791773de0","      CS2R R62, SRZ","0","0","0","4224","135168","135168","32","32","0","-","-","-","0","0","0","0","0","0","0","0","-","0","0","0","0","0","0","0","0","0","0","0","0","0","0","0","0","0","0","0","0","0","0","0","0","0","0","0","0","0","0","0","0","0","0","0","0","0","0","0","0","0","0"
"0x778791773df0","      CS2R R56, SRZ","1","0","1","4224","135168","135168","32","32","0","-","-","-","0","0","0","0","0","0","0","0","-","0","0","0","0","0","0","0","0","0","0","0","0","0","0","0","0","0","0","0","0","0","0","0","1","0","0","0","0","0","0","0","0","0","0","0","0","0","0","0","0","0","0"
"0x778791773e00","      CS2R R58, SRZ","1","0","1","4224","135168","135168","32","32","0","-","-","-","0","0","0","0","0","0","0","0","-","0","0","0","0","0","0","0","0","0","0","0","0","0","0","0","0","0","0","0","0","0","0","0","1","0","0","0","0","0","0","0","0","0","0","0","0","0","0","0","0","0","0"
"0x778791773e10","      CS2R R20, SRZ","1","0","1","4224","135168","135168","32","32","0","-","-","-","0","0","0","0","0","0","0","0","-","0","0","0","0","0","0","0","0","0","0","0","0","0","0","0","0","0","0","0","1","0","0","0","0","0","0","0","0","0","0","0","0","0","0","0","0","0","0","0","0","0","0"
"0x778791773e20","      CS2R R22, SRZ","1","0","1","4224","135168","135168","32","32","0","-","-","-","0","0","0","0","0","0","0","0","-","0","0","0","0","0","0","0","0","0","0","0","0","0","0","0","0","0","0","0","1","0","0","0","0","0","0","0","0","0","0","0","0","0","0","0","0","0","0","0","0","0","0"
"0x778791773e30","      CS2R R16, SRZ","1","1","1","4224","135168","135168","32","32","0","-","-","-","0","0","0","0","0","0","0","0","-","0","0","0","0","0","0","0","0","0","0","0","0","0","0","0","0","0","0","0","0","0","0","0","1","0","0","0","0","0","0","0","0","0","0","0","0","0","0","0","0","0","1"
"0x778791773e40","      CS2R R18, SRZ","0","0","0","4224","135168","135168","32","32","0","-","-","-","0","0","0","0","0","0","0","0","-","0","0","0","0","0","0","0","0","0","0","0","0","0","0","0","0","0","0","0","0","0","0","0","0","0","0","0","0","0","0","0","0","0","0","0","0","0","0","0","0","0","0"
"0x778791773e50","@!PT  LDS RZ, [RZ]","9","7","9","4224","135168","0","32","0","0","","Load","32","0","0","0","0","0","0","0","0","-","0","0","0","0","0","0","2","0","0","0","0","0","0","0","0","7","0","0","0","0","0","0","0","0","0","0","0","0","0","0","0","0","0","7","0","0","0","0","0","0","0","0"
"0x778791773e60","@!PT  LDS RZ, [RZ]","5","4","5","4224","135168","0","32","0","0","","Load","32","0","0","0","0","0","0","0","0","-","0","0","0","0","0","0","0","0","0","0","0","0","0","0","0","4","0","0","0","1","0","0","0","0","0","0","0","0","0","0","0","0","0","4","0","0","0","0","0","0","0","0"
"0x778791773e70","@!PT  LDS RZ, [RZ]","3","3","3","4224","135168","0","32","0","0","","Load","32","0","0","0","0","0","0","0","0","-","0","0","0","0","0","0","0","0","0","0","0","0","0","0","0","3","0","0","0","0","0","0","0","0","0","0","0","0","0","0","0","0","0","3","0","0","0","0","0","0","0","0"
"0x778791773e80","      LDGSTS.E.BYPASS.128 desc[UR18][R4.64+0x40], P1, [R13+0x2000]","3","2","3","4224","135168","135168","32","32","0","Global,Shared","Load,Store","128","33792","8","16896","33792","16896","0","67584","67584","","0","0","0","0","0","0","0","0","0","0","0","0","0","0","0","3","0","0","0","0","0","0","0","0","0","0","0","0","0","0","0","0","0","2","0","0","0","0","0","0","0","0"
"0x778791773e90","      LDGSTS.E.BYPASS.128 desc[UR18][R6.64+0x40], P1, [R15+0x2000]","6","5","6","4224","135168","135168","32","32","0","Global,Shared","Load,Store","128","33792","8","16896","33792","16896","0","67584","67584","","0","0","0","0","0","0","0","0","0","0","0","0","0","0","0","5","0","0","0","1","0","0","0","0","0","0","0","0","0","0","0","0","0","5","0","0","0","0","0","0","0","0"
"0x778791773ea0","      LDGDEPBAR","7","7","7","4224","135168","135168","32","32","0","-","-","-","0","0","0","0","0","0","0","0","-","0","0","0","0","0","0","0","0","0","0","0","1","0","0","0","6","0","0","0","0","0","0","0","0","0","0","0","0","0","1","0","0","0","6","0","0","0","0","0","0","0","0"
"0x778791773eb0","      LDGSTS.E.BYPASS.128 desc[UR18][R8.64+0x40], P1, [R13+0x8000]","10","9","10","4224","135168","135168","32","32","0","Global,Shared","Load,Store","128","33792","8","16896","33792","16896","0","67584","67584","","0","0","0","0","0","0","0","0","0","0","0","1","0","0","0","7","0","0","1","0","0","0","0","1","0","0","0","0","0","1","0","0","0","7","0","0","0","0","0","0","0","1"
"0x778791773ec0","      LDGSTS.E.BYPASS.128 desc[UR18][R10.64+0x40], P1, [R15+0x8000]","11","9","11","4224","135168","135168","32","32","0","Global,Shared","Load,Store","128","33792","8","16896","33792","16896","0","67584","67584","","0","0","0","0","0","0","0","0","0","0","0","0","0","0","0","7","0","0","1","1","0","0","0","2","0","0","0","0","0","0","0","0","0","7","0","0","0","0","0","0","0","2"
"0x778791773ed0","      CS2R R4, SRZ","18","11","18","4224","135168","135168","32","32","0","-","-","-","0","0","0","0","0","0","0","0","-","0","0","0","0","0","0","0","0","0","0","0","0","16","1","0","0","0","0","1","0","0","0","0","0","0","0","0","0","0","0","11","0","0","0","0","0","0","0","0","0","0","0"
"0x778791773ee0","      LDGDEPBAR","0","0","0","4224","135168","135168","32","32","0","-","-","-","0","0","0","0","0","0","0","0","-","0","0","0","0","0","0","0","0","0","0","0","0","0","0","0","0","0","0","0","0","0","0","0","0","0","0","0","0","0","0","0","0","0","0","0","0","0","0","0","0","0","0"
"0x778791773ef0","      CS2R R6, SRZ","1","1","1","4224","135168","135168","32","32","0","-","-","-","0","0","0","0","0","0","0","0","-","0","0","0","0","0","0","0","0","0","0","0","0","0","1","0","0","0","0","0","0","0","0","0","0","0","0","0","0","0","0","0","1","0","0","0","0","0","0","0","0","0","0"
"0x778791773f00","      CS2R R12, SRZ","11","9","11","4224","135168","135168","32","32","0","-","-","-","0","0","0","0","0","0","0","0","-","0","0","0","0","0","0","0","0","0","0","0","0","11","0","0","0","0","0","0","0","0","0","0","0","0","0","0","0","0","0","9","0","0","0","0","0","0","0","0","0","0","0"
"0x778791773f10","      CS2R R8, SRZ","1","1","1","4224","135168","135168","32","32","0","-","-","-","0","0","0","0","0","0","0","0","-","0","0","0","0","0","0","0","0","0","0","0","0","0","0","0","0","0","0","0","0","0","0","0","1","0","0","0","0","0","0","0","0","0","0","0","0","0","0","0","0","0","1"
"0x778791773f20","      CS2R R14, SRZ","3","2","3","4224","135168","135168","32","32","0","-","-","-","0","0","0","0","0","0","0","0","-","0","0","0","0","0","0","0","0","0","0","0","0","2","0","0","0","0","0","0","0","0","0","0","1","0","0","0","0","0","0","2","0","0","0","0","0","0","0","0","0","0","0"
"0x778791773f30","      CS2R R10, SRZ","0","0","0","4224","135168","135168","32","32","0","-","-","-","0","0","0","0","0","0","0","0","-","0","0","0","0","0","0","0","0","0","0","0","0","0","0","0","0","0","0","0","0","0","0","0","0","0","0","0","0","0","0","0","0","0","0","0","0","0","0","0","0","0","0"
"0x778791773f40","@P0   BRA 0x778791775e90","0","0","0","4224","135168","0","32","0","0","-","-","-","0","0","0","0","0","0","0","0","-","0","0","0","0","0","0","0","0","0","0","0","0","0","0","0","0","0","0","0","0","0","0","0","0","0","0","0","0","0","0","0","0","0","0","0","0","0","0","0","0","0","0"
"0x778791773f50","      ULDC.64 UR8, c[0x0][0x218]","0","0","0","4224","135168","135168","32","32","0","-","-","-","0","0","0","0","0","0","0","0","-","0","0","0","0","0","0","0","0","0","0","0","0","0","0","0","0","0","0","0","0","0","0","0","0","0","0","0","0","0","0","0","0","0","0","0","0","0","0","0","0","0","0"
"0x778791773f60","      ULDC.64 UR4, c[0x0][0x210]","0","0","0","4224","135168","135168","32","32","0","-","-","-","0","0","0","0","0","0","0","0","-","0","0","0","0","0","0","0","0","0","0","0","0","0","0","0","0","0","0","0","0","0","0","0","0","0","0","0","0","0","0","0","0","0","0","0","0","0","0","0","0","0","0"
"0x778791773f70","      UIADD3 UR8, UP4, UR8, 0x80, URZ","0","0","0","4224","135168","135168","32","32","0","-","-","-","0","0","0","0","0","0","0","0","-","0","0","0","0","0","0","0","0","0","0","0","0","0","0","0","0","0","0","0","0","0","0","0","0","0","0","0","0","0","0","0","0","0","0","0","0","0","0","0","0","0","0"
"0x778791773f80","      IMAD.MOV.U32 R148, RZ, RZ, R2","0","0","0","4224","135168","135168","32","32","0","-","-","-","0","0","0","0","0","0","0","0","-","0","0","0","0","0","0","0","0","0","0","0","0","0","0","0","0","0","0","0","0","0","0","0","0","0","0","0","0","0","0","0","0","0","0","0","0","0","0","0","0","0","0"
"0x778791773f90","      UIADD3 UR4, UP0, UR4, 0x80, URZ","1","0","1","4224","135168","135168","32","32","0","-","-","-","0","0","0","0","0","0","0","0","-","0","0","0","0","0","0","0","0","0","0","0","0","0","0","0","0","0","0","0","1","0","0","0","0","0","0","0","0","0","0","0","0","0","0","0","0","0","0","0","0","0","0"
"0x778791773fa0","      IMAD.MOV.U32 R151, RZ, RZ, R3","0","0","0","4224","135168","135168","32","32","0","-","-","-","0","0","0","0","0","0","0","0","-","0","0","0","0","0","0","0","0","0","0","0","0","0","0","0","0","0","0","0","0","0","0","0","0","0","0","0","0","0","0","0","0","0","0","0","0","0","0","0","0","0","0"
"0x778791773fb0","      UIADD3.X UR9, URZ, UR9, URZ, UP4, !UPT","0","0","0","4224","135168","135168","32","32","0","-","-","-","0","0","0","0","0","0","0","0","-","0","0","0","0","0","0","0","0","0","0","0","0","0","0","0","0","0","0","0","0","0","0","0","0","0","0","0","0","0","0","0","0","0","0","0","0","0","0","0","0","0","0"
"0x778791773fc0","      CS2R R64, SRZ","0","0","0","4224","135168","135168","32","32","0","-","-","-","0","0","0","0","0","0","0","0","-","0","0","0","0","0","0","0","0","0","0","0","0","0","0","0","0","0","0","0","0","0","0","0","0","0","0","0","0","0","0","0","0","0","0","0","0","0","0","0","0","0","0"
"0x778791773fd0","      UIADD3.X UR5, URZ, UR5, URZ, UP0, !UPT","0","0","0","4224","135168","135168","32","32","0","-","-","-","0","0","0","0","0","0","0","0","-","0","0","0","0","0","0","0","0","0","0","0","0","0","0","0","0","0","0","0","0","0","0","0","0","0","0","0","0","0","0","0","0","0","0","0","0","0","0","0","0","0","0"
"0x778791773fe0","      IADD3 R149, P0, R149, UR8, RZ","0","0","0","4224","135168","135168","32","32","0","-","-","-","0","0","0","0","0","0","0","0","-","0","0","0","0","0","0","0","0","0","0","0","0","0","0","0","0","0","0","0","0","0","0","0","0","0","0","0","0","0","0","0","0","0","0","0","0","0","0","0","0","0","0"
"0x778791773ff0","      CS2R R66, SRZ","1","1","1","4224","135168","135168","32","32","0","-","-","-","0","0","0","0","0","0","0","0","-","0","0","0","0","0","0","0","0","0","0","0","0","0","0","0","0","0","0","0","0","0","0","0","1","0","0","0","0","0","0","0","0","0","0","0","0","0","0","0","0","0","1"
"0x778791774000","      IADD3 R166, P1, R166, UR8, RZ","1","1","1","4224","135168","135168","32","32","0","-","-","-","0","0","0","0","0","0","0","0","-","0","0","0","0","0","0","0","0","0","0","0","0","0","0","0","0","0","0","0","0","0","0","0","1","0","0","0","0","0","0","0","0","0","0","0","0","0","0","0","0","0","1"
"0x778791774010","      CS2R R60, SRZ","0","0","0","4224","135168","135168","32","32","0","-","-","-","0","0","0","0","0","0","0","0","-","0","0","0","0","0","0","0","0","0","0","0","0","0","0","0","0","0","0","0","0","0","0","0","0","0","0","0","0","0","0","0","0","0","0","0","0","0","0","0","0","0","0"
"0x778791774020","      IADD3 R164, P2, R164, UR4, RZ","0","0","0","4224","135168","135168","32","32","0","-","-","-","0","0","0","0","0","0","0","0","-","0","0","0","0","0","0","0","0","0","0","0","0","0","0","0","0","0","0","0","0","0","0","0","0","0","0","0","0","0","0","0","0","0","0","0","0","0","0","0","0","0","0"
"0x778791774030","      CS2R R62, SRZ","0","0","0","4224","135168","135168","32","32","0","-","-","-","0","0","0","0","0","0","0","0","-","0","0","0","0","0","0","0","0","0","0","0","0","0","0","0","0","0","0","0","0","0","0","0","0","0","0","0","0","0","0","0","0","0","0","0","0","0","0","0","0","0","0"
"0x778791774040","      IADD3 R165, P3, R165, UR4, RZ","1","0","1","4224","135168","135168","32","32","0","-","-","-","0","0","0","0","0","0","0","0","-","0","0","0","0","0","0","0","0","0","0","0","0","0","0","0","0","0","0","0","1","0","0","0","0","0","0","0","0","0","0","0","0","0","0","0","0","0","0","0","0","0","0"
"0x778791774050","      CS2R R56, SRZ","0","0","0","4224","135168","135168","32","32","0","-","-","-","0","0","0","0","0","0","0","0","-","0","0","0","0","0","0","0","0","0","0","0","0","0","0","0","0","0","0","0","0","0","0","0","0","0","0","0","0","0","0","0","0","0","0","0","0","0","0","0","0","0","0"
"0x778791774060","      CS2R R58, SRZ","1","0","1","4224","135168","135168","32","32","0","-","-","-","0","0","0","0","0","0","0","0","-","0","0","0","0","0","0","0","0","0","0","0","0","0","0","0","0","0","0","0","1","0","0","0","0","0","0","0","0","0","0","0","0","0","0","0","0","0","0","0","0","0","0"
"0x778791774070","      CS2R R20, SRZ","1","0","1","4224","135168","135168","32","32","0","-","-","-","0","0","0","0","0","0","0","0","-","0","0","0","0","0","0","0","0","0","0","0","0","0","0","0","0","0","0","0","1","0","0","0","0","0","0","0","0","0","0","0","0","0","0","0","0","0","0","0","0","0","0"
"0x778791774080","      CS2R R22, SRZ","0","0","0","4224","135168","135168","32","32","0","-","-","-","0","0","0","0","0","0","0","0","-","0","0","0","0","0","0","0","0","0","0","0","0","0","0","0","0","0","0","0","0","0","0","0","0","0","0","0","0","0","0","0","0","0","0","0","0","0","0","0","0","0","0"
"0x778791774090","      CS2R R16, SRZ","0","0","0","4224","135168","135168","32","32","0","-","-","-","0","0","0","0","0","0","0","0","-","0","0","0","0","0","0","0","0","0","0","0","0","0","0","0","0","0","0","0","0","0","0","0","0","0","0","0","0","0","0","0","0","0","0","0","0","0","0","0","0","0","0"
"0x7787917740a0","      CS2R R18, SRZ","1","1","1","4224","135168","135168","32","32","0","-","-","-","0","0","0","0","0","0","0","0","-","0","0","0","0","0","0","0","0","0","0","0","0","0","0","0","0","0","0","0","0","0","0","0","1","0","0","0","0","0","0","0","0","0","0","0","0","0","0","0","0","0","1"
"0x7787917740b0","      CS2R R12, SRZ","0","0","0","4224","135168","135168","32","32","0","-","-","-","0","0","0","0","0","0","0","0","-","0","0","0","0","0","0","0","0","0","0","0","0","0","0","0","0","0","0","0","0","0","0","0","0","0","0","0","0","0","0","0","0","0","0","0","0","0","0","0","0","0","0"
"0x7787917740c0","      CS2R R14, SRZ","1","0","1","4224","135168","135168","32","32","0","-","-","-","0","0","0","0","0","0","0","0","-","0","0","0","0","0","0","0","0","0","0","0","0","0","0","0","0","0","0","1","0","0","0","0","0","0","0","0","0","0","0","0","0","0","0","0","0","0","0","0","0","0","0"
"0x7787917740d0","      CS2R R8, SRZ","1","1","1","4224","135168","135168","32","32","0","-","-","-","0","0","0","0","0","0","0","0","-","0","0","0","0","0","0","0","0","0","0","0","0","0","0","0","0","0","0","0","0","0","0","0","1","0","0","0","0","0","0","0","0","0","0","0","0","0","0","0","0","0","1"
"0x7787917740e0","      CS2R R10, SRZ","0","0","0","4224","135168","135168","32","32","0","-","-","-","0","0","0","0","0","0","0","0","-","0","0","0","0","0","0","0","0","0","0","0","0","0","0","0","0","0","0","0","0","0","0","0","0","0","0","0","0","0","0","0","0","0","0","0","0","0","0","0","0","0","0"
"0x7787917740f0","      CS2R R4, SRZ","0","0","0","4224","135168","135168","32","32","0","-","-","-","0","0","0","0","0","0","0","0","-","0","0","0","0","0","0","0","0","0","0","0","0","0","0","0","0","0","0","0","0","0","0","0","0","0","0","0","0","0","0","0","0","0","0","0","0","0","0","0","0","0","0"
"0x778791774100","      CS2R R6, SRZ","0","0","0","4224","135168","135168","32","32","0","-","-","-","0","0","0","0","0","0","0","0","-","0","0","0","0","0","0","0","0","0","0","0","0","0","0","0","0","0","0","0","0","0","0","0","0","0","0","0","0","0","0","0","0","0","0","0","0","0","0","0","0","0","0"
"0x778791774110","      IADD3.X R150, R150, UR9, RZ, P0, !PT","2","0","2","4224","135168","135168","32","32","0","-","-","-","0","0","0","0","0","0","0","0","-","0","0","0","0","0","0","0","0","0","0","0","0","0","0","0","0","0","0","0","2","0","0","0","0","0","0","0","0","0","0","0","0","0","0","0","0","0","0","0","0","0","0"
"0x778791774120","      UIADD3 UR15, UR15, -0x80, URZ","0","0","0","4224","135168","135168","32","32","0","-","-","-","0","0","0","0","0","0","0","0","-","0","0","0","0","0","0","0","0","0","0","0","0","0","0","0","0","0","0","0","0","0","0","0","0","0","0","0","0","0","0","0","0","0","0","0","0","0","0","0","0","0","0"
"0x778791774130","      IADD3.X R167, R167, UR9, RZ, P1, !PT","0","0","0","4224","135168","135168","32","32","0","-","-","-","0","0","0","0","0","0","0","0","-","0","0","0","0","0","0","0","0","0","0","0","0","0","0","0","0","0","0","0","0","0","0","0","0","0","0","0","0","0","0","0","0","0","0","0","0","0","0","0","0","0","0"
"0x778791774140","      UMOV UR13, 0x1","0","0","0","4224","135168","135168","32","32","0","-","-","-","0","0","0","0","0","0","0","0","-","0","0","0","0","0","0","0","0","0","0","0","0","0","0","0","0","0","0","0","0","0","0","0","0","0","0","0","0","0","0","0","0","0","0","0","0","0","0","0","0","0","0"
"0x778791774150","      IADD3.X R169, R169, UR5, RZ, P2, !PT","0","0","0","4224","135168","135168","32","32","0","-","-","-","0","0","0","0","0","0","0","0","-","0","0","0","0","0","0","0","0","0","0","0","0","0","0","0","0","0","0","0","0","0","0","0","0","0","0","0","0","0","0","0","0","0","0","0","0","0","0","0","0","0","0"
"0x778791774160","      UMOV UR14, 0xffffffff","0","0","0","4224","135168","135168","32","32","0","-","-","-","0","0","0","0","0","0","0","0","-","0","0","0","0","0","0","0","0","0","0","0","0","0","0","0","0","0","0","0","0","0","0","0","0","0","0","0","0","0","0","0","0","0","0","0","0","0","0","0","0","0","0"
"0x778791774170","      IADD3.X R170, R170, UR5, RZ, P3, !PT","1","0","1","4224","135168","135168","32","32","0","-","-","-","0","0","0","0","0","0","0","0","-","0","0","0","0","0","0","0","0","0","0","0","0","0","0","0","0","0","0","0","1","0","0","0","0","0","0","0","0","0","0","0","0","0","0","0","0","0","0","0","0","0","0"
"0x778791774180","      UMOV UR4, URZ","0","0","0","4224","135168","135168","32","32","0","-","-","-","0","0","0","0","0","0","0","0","-","0","0","0","0","0","0","0","0","0","0","0","0","0","0","0","0","0","0","0","0","0","0","0","0","0","0","0","0","0","0","0","0","0","0","0","0","0","0","0","0","0","0"
"0x778791774190","      UMOV UR5, URZ","0","0","0","4224","135168","135168","32","32","0","-","-","-","0","0","0","0","0","0","0","0","-","0","0","0","0","0","0","0","0","0","0","0","0","0","0","0","0","0","0","0","0","0","0","0","0","0","0","0","0","0","0","0","0","0","0","0","0","0","0","0","0","0","0"
"0x7787917741a0","      UIADD3 UR14, UR14, 0x1, URZ","240","165","240","270336","8650752","8650752","32","32","0","-","-","-","0","0","0","0","0","0","0","0","-","0","0","0","0","0","0","0","40","0","0","0","0","0","15","0","0","0","164","20","0","0","0","0","1","0","26","0","0","0","0","0","0","0","0","0","138","0","0","0","0","0","1"
"0x7787917741b0","      DEPBAR.LE SB0, 0x2","17","0","17","270336","8650752","8650752","32","32","0","-","-","-","0","0","0","0","0","0","0","0","-","0","0","0","0","0","0","0","0","0","0","0","0","0","0","0","0","0","0","0","17","0","0","0","0","0","0","0","0","0","0","0","0","0","0","0","0","0","0","0","0","0","0"
"0x7787917741c0","      UISETP.GT.AND UP0, UPT, UR14, 0x2, UPT","138","83","138","270336","8650752","8650752","32","32","0","-","-","-","0","0","0","0","0","0","0","0","-","0","0","0","0","0","0","0","0","0","0","0","0","50","19","0","0","0","0","6","18","0","0","0","45","0","0","0","0","0","0","44","6","0","0","0","0","0","0","0","0","0","33"
"0x7787917741d0","      BAR.SYNC.DEFER_BLOCKING 0x0","15","0","15","270336","8650752","8650752","32","32","0","-","-","-","0","0","0","0","0","0","0","0","-","0","0","0","0","0","0","0","0","0","0","0","0","0","0","0","0","0","0","0","15","0","0","0","0","0","0","0","0","0","0","0","0","0","0","0","0","0","0","0","0","0","0"
"0x7787917741e0","      USHF.L.U32 UR8, UR20, 0xa, URZ","16","0","16","270336","8650752","8650752","32","32","0","-","-","-","0","0","0","0","0","0","0","0","-","0","0","0","0","0","0","0","0","0","0","0","0","0","0","0","0","0","0","0","16","0","0","0","0","0","0","0","0","0","0","0","0","0","0","0","0","0","0","0","0","0","0"
"0x7787917741f0","      ISETP.GE.AND P0, PT, R73, UR15, PT","21","0","21","270336","8650752","8650752","32","32","0","-","-","-","0","0","0","0","0","0","0","0","-","0","0","0","0","0","0","0","0","0","0","0","0","0","0","0","0","0","0","0","21","0","0","0","0","0","0","0","0","0","0","0","0","0","0","0","0","0","0","0","0","0","0"
"0x778791774200","      USEL UR14, UR14, URZ, !UP0","35","2","35","270336","8650752","8650752","32","32","0","-","-","-","0","0","0","0","0","0","0","0","-","0","0","0","0","0","0","0","0","0","0","0","0","0","1","0","0","0","14","2","18","0","0","0","0","0","0","0","0","0","0","0","0","0","0","0","2","0","0","0","0","0","0"
"0x778791774210","      IMAD.MOV.U32 R3, RZ, RZ, R170","21","0","21","270336","8650752","8650752","32","32","0","-","-","-","0","0","0","0","0","0","0","0","-","0","0","0","0","0","0","0","0","0","0","0","0","0","0","0","0","0","0","0","21","0","0","0","0","0","0","0","0","0","0","0","0","0","0","0","0","0","0","0","0","0","0"
"0x778791774220","      ULOP3.LUT UR8, UR8, 0x1000, URZ, 0xc0, !UPT","25","0","25","270336","8650752","8650752","32","32","0","-","-","-","0","0","0","0","0","0","0","0","-","0","0","0","0","0","0","0","0","0","0","0","0","0","0","0","0","0","0","0","25","0","0","0","0","0","0","0","0","0","0","0","0","0","0","0","0","0","0","0","0","0","0"
"0x778791774230","      SEL R2, RZ, 0x10, P0","14","0","14","270336","8650752","8650752","32","32","0","-","-","-","0","0","0","0","0","0","0","0","-","0","0","0","0","0","0","0","0","0","0","0","0","0","0","0","0","0","0","0","14","0","0","0","0","0","0","0","0","0","0","0","0","0","0","0","0","0","0","0","0","0","0"
"0x778791774240","      ULEA UR16, UR14, UR6, 0xd","16","0","16","270336","8650752","8650752","32","32","0","-","-","-","0","0","0","0","0","0","0","0","-","0","0","0","0","0","0","0","0","0","0","0","0","0","0","0","0","0","0","0","16","0","0","0","0","0","0","0","0","0","0","0","0","0","0","0","0","0","0","0","0","0","0"
"0x778791774250","      UMOV UR11, 0x80000020","436","308","436","270336","8650752","8650752","32","32","0","-","-","-","0","0","0","0","0","0","0","0","-","0","0","0","0","0","0","402","0","0","0","0","0","0","0","0","0","0","0","16","18","0","0","0","0","308","0","0","0","0","0","0","0","0","0","0","0","0","0","0","0","0","0"
"0x778791774260","      UIADD3 UR13, UR13, 0x1, URZ","14","0","14","270336","8650752","8650752","32","32","0","-","-","-","0","0","0","0","0","0","0","0","-","0","0","0","0","0","0","0","0","0","0","0","0","0","0","0","0","0","0","0","14","0","0","0","0","0","0","0","0","0","0","0","0","0","0","0","0","0","0","0","0","0","0"
"0x778791774270","      UIADD3 UR17, UR16, UR8, URZ","159","67","159","270336","8650752","8650752","32","32","0","-","-","-","0","0","0","0","0","0","0","0","-","0","0","0","0","0","0","0","0","0","0","0","0","0","62","0","0","0","0","65","14","0","0","0","18","0","0","0","0","0","0","0","57","0","0","0","0","0","0","0","0","0","10"
"0x778791774280","      UIADD3 UR8, UR16, 0x6000, URZ","42","22","42","270336","8650752","8650752","32","32","0","-","-","-","0","0","0","0","0","0","0","0","-","0","0","0","0","0","0","0","0","0","0","0","0","0","1","0","0","0","0","2","18","0","0","0","21","0","0","0","0","0","0","0","1","0","0","0","0","0","0","0","0","0","21"
"0x778791774290","      USHF.R.U32.HI UR9, URZ, 0x4, UR17","24","15","24","270336","8650752","8650752","32","32","0","-","-","-","0","0","0","0","0","0","0","0","-","0","0","0","0","0","0","0","0","0","0","0","0","0","0","0","0","0","0","0","9","0","0","0","15","0","0","0","0","0","0","0","0","0","0","0","0","0","0","0","0","0","15"
"0x7787917742a0","      USHF.R.U32.HI UR10, URZ, 0x4, UR8","43","23","43","270336","8650752","8650752","32","32","0","-","-","-","0","0","0","0","0","0","0","0","-","0","0","0","0","0","0","0","0","0","0","0","0","0","0","0","0","0","0","0","20","0","0","0","23","0","0","0","0","0","0","0","0","0","0","0","0","0","0","0","0","0","23"
"0x7787917742b0","      USGXT.U32 UR8, UR9, 0xe","24","11","24","270336","8650752","8650752","32","32","0","-","-","-","0","0","0","0","0","0","0","0","-","0","0","0","0","0","0","0","0","0","0","0","0","0","0","0","0","0","0","0","13","0","0","0","11","0","0","0","0","0","0","0","0","0","0","0","0","0","0","0","0","0","11"
"0x7787917742c0","      USGXT.U32 UR9, UR10, 0xe","38","19","38","270336","8650752","8650752","32","32","0","-","-","-","0","0","0","0","0","0","0","0","-","0","0","0","0","0","0","0","0","0","0","0","0","0","0","0","0","0","0","0","19","0","0","0","19","0","0","0","0","0","0","0","0","0","0","0","0","0","0","0","0","0","19"
"0x7787917742d0","      ULOP3.LUT UR8, UR8, 0x2000000, URZ, 0xfc, !UPT","187","78","187","270336","8650752","8650752","32","32","0","-","-","-","0","0","0","0","0","0","0","0","-","0","0","0","0","0","0","0","0","0","0","0","0","0","74","0","0","0","0","73","18","0","0","0","22","0","0","0","0","0","0","0","56","0","0","0","0","0","0","0","0","0","22"
"0x7787917742e0","      WARPGROUP.ARRIVE","20","0","20","270336","8650752","8650752","32","32","0","-","-","-","0","0","0","0","0","0","0","0","-","0","0","0","0","0","0","0","0","0","0","0","0","0","0","0","0","0","0","0","20","0","0","0","0","0","0","0","0","0","0","0","0","0","0","0","0","0","0","0","0","0","0"
"0x7787917742f0","      ULOP3.LUT UR10, UR9, 0x2000000, URZ, 0xfc, !UPT","15","0","15","270336","8650752","8650752","32","32","0","-","-","-","0","0","0","0","0","0","0","0","-","0","0","0","0","0","0","0","0","0","0","0","0","0","0","0","0","0","0","0","15","0","0","0","0","0","0","0","0","0","0","0","0","0","0","0","0","0","0","0","0","0","0"
"0x778791774300","      UIADD3 UR16, UR16, 0x6020, URZ","97","40","97","270336","8650752","8650752","32","32","0","-","-","-","0","0","0","0","0","0","0","0","-","0","0","0","0","0","0","0","0","0","0","0","0","0","23","0","0","0","0","31","22","0","0","0","21","0","0","0","0","0","0","0","23","0","0","0","0","0","0","0","0","0","17"
"0x778791774310","      UMOV UR9, 0x80000020","9","0","9","270336","8650752","8650752","32","32","0","-","-","-","0","0","0","0","0","0","0","0","-","0","0","0","0","0","0","0","0","0","0","0","0","0","0","0","0","0","0","0","9","0","0","0","0","0","0","0","0","0","0","0","0","0","0","0","0","0","0","0","0","0","0"
"0x778791774320","      UIADD3 UR17, UR17, 0x20, URZ","12","0","12","270336","8650752","8650752","32","32","0","-","-","-","0","0","0","0","0","0","0","0","-","0","0","0","0","0","0","0","0","1","0","0","0","0","0","0","0","0","0","0","11","0","0","0","0","0","0","0","0","0","0","0","0","0","0","0","0","0","0","0","0","0","0"
"0x778791774330","      UISETP.GT.AND UP0, UPT, UR13, 0x2, UPT","31","15","31","270336","8650752","8650752","32","32","0","-","-","-","0","0","0","0","0","0","0","0","-","0","0","0","0","0","0","0","0","0","0","0","0","0","0","0","0","0","0","0","16","0","0","0","15","0","0","0","0","0","0","0","0","0","0","0","0","0","0","0","0","0","15"
"0x778791774340","      QGMMA.64x128x32.F16.E4M3.E4M3 R24, gdesc[UR8], RZ, !UPT","116","41","116","270336","8650752","8650752","32","32","0","Shared","Load","-","0","12","0","3244032","3244032","0","0","0","-","0","0","0","0","0","0","0","0","0","0","0","0","0","0","0","0","0","0","11","19","0","0","0","13","0","0","0","0","0","0","0","0","0","0","0","0","0","0","0","0","0","8"
"0x778791774350","      USHF.R.U32.HI UR9, URZ, 0x4, UR16","17","0","17","270336","8650752","8650752","32","32","0","-","-","-","0","0","0","0","0","0","0","0","-","0","0","0","0","0","0","0","0","0","0","0","0","0","0","0","0","0","0","0","17","0","0","0","0","0","0","0","0","0","0","0","0","0","0","0","0","0","0","0","0","0","0"
"0x778791774360","      USHF.R.U32.HI UR8, URZ, 0x4, UR17","118","31","118","270336","8650752","8650752","32","32","0","-","-","-","0","0","0","0","0","0","0","0","-","0","0","0","0","0","0","0","0","0","0","0","0","0","36","0","0","0","0","51","20","0","0","0","11","0","0","0","0","0","0","0","26","0","0","0","0","0","0","0","0","0","5"
"0x778791774370","      USGXT.U32 UR9, UR9, 0xe","41","13","41","270336","8650752","8650752","32","32","0","-","-","-","0","0","0","0","0","0","0","0","-","0","0","0","0","0","0","0","0","2","0","0","0","0","4","0","0","0","0","7","20","0","0","0","8","0","0","2","0","0","0","0","4","0","0","0","0","0","0","0","0","0","7"
"0x778791774380","      USGXT.U32 UR8, UR8, 0xe","44","25","44","270336","8650752","8650752","32","32","0","-","-","-","0","0","0","0","0","0","0","0","-","0","0","0","0","0","0","0","0","0","0","0","0","0","0","0","0","0","0","0","19","0","0","0","25","0","0","0","0","0","0","0","0","0","0","0","0","0","0","0","0","0","25"
"0x778791774390","      ULOP3.LUT UR10, UR9, 0x2000000, URZ, 0xfc, !UPT","27","19","27","270336","8650752","8650752","32","32","0","-","-","-","0","0","0","0","0","0","0","0","-","0","0","0","0","0","0","0","0","0","0","0","0","0","0","0","0","0","0","0","8","0","0","0","19","0","0","0","0","0","0","0","0","0","0","0","0","0","0","0","0","0","19"
"0x7787917743a0","      ULOP3.LUT UR8, UR8, 0x2000000, URZ, 0xfc, !UPT","36","17","36","270336","8650752","8650752","32","32","0","-","-","-","0","0","0","0","0","0","0","0","-","0","0","0","0","0","0","0","0","0","0","0","0","0","0","0","0","0","0","0","19","0","0","0","17","0","0","0","0","0","0","0","0","0","0","0","0","0","0","0","0","0","17"
"0x7787917743b0","      UMOV UR11, 0x80000020","11","0","11","270336","8650752","8650752","32","32","0","-","-","-","0","0","0","0","0","0","0","0","-","0","0","0","0","0","0","0","0","0","0","0","0","0","0","0","0","0","0","0","11","0","0","0","0","0","0","0","0","0","0","0","0","0","0","0","0","0","0","0","0","0","0"
"0x7787917743c0","      UMOV UR9, 0x80000020","19","0","19","270336","8650752","8650752","32","32","0","-","-","-","0","0","0","0","0","0","0","0","-","0","0","0","0","0","0","0","0","0","0","0","0","0","0","0","0","0","0","0","19","0","0","0","0","0","0","0","0","0","0","0","0","0","0","0","0","0","0","0","0","0","0"
"0x7787917743d0","      USEL UR13, UR13, URZ, !UP0","12","0","12","270336","8650752","8650752","32","32","0","-","-","-","0","0","0","0","0","0","0","0","-","0","0","0","0","0","0","0","0","0","0","0","0","0","0","0","0","0","0","0","12","0","0","0","0","0","0","0","0","0","0","0","0","0","0","0","0","0","0","0","0","0","0"
"0x7787917743e0","      UIADD3 UR15, UR15, -0x40, URZ","191","98","191","270336","8650752","8650752","32","32","0","-","-","-","0","0","0","0","0","0","0","0","-","0","0","0","0","0","0","0","0","24","0","0","0","0","69","0","0","0","0","58","19","0","0","0","21","0","0","18","0","0","0","0","59","0","0","0","0","0","0","0","0","0","21"
"0x7787917743f0","      QGMMA.64x128x32.F16.E4M3.E4M3 R24, gdesc[UR8], R24, gsb0","82","33","82","270336","8650752","8650752","32","32","0","Shared","Load","-","0","12","0","3244032","3244032","0","0","0","-","0","0","0","0","0","0","0","0","0","0","0","0","0","0","0","0","0","0","8","16","0","0","0","58","0","0","0","0","0","0","0","0","0","0","0","0","0","0","0","0","0","33"
"0x778791774400","      UIADD3 UR8, UR7, -0x2, URZ","16","0","16","270336","8650752","8650752","32","32","0","-","-","-","0","0","0","0","0","0","0","0","-","0","0","0","0","0","0","0","0","0","0","0","0","0","0","0","0","0","0","0","16","0","0","0","0","0","0","0","0","0","0","0","0","0","0","0","0","0","0","0","0","0","0"
"0x778791774410","      UISETP.GE.AND UP4, UPT, UR5, UR8, UPT","130","53","130","270336","8650752","8650752","32","32","0","-","-","-","0","0","0","0","0","0","0","0","-","0","0","0","0","0","0","0","0","4","0","0","0","0","22","0","0","0","0","31","15","0","0","0","58","0","0","4","0","0","0","0","19","0","0","0","0","0","0","0","0","0","30"
"0x778791774420","      ULEA UR8, UR13, UR6, 0xd","46","17","46","270336","8650752","8650752","32","32","0","-","-","-","0","0","0","0","0","0","0","0","-","0","0","0","0","0","0","0","0","5","0","0","0","0","0","0","0","0","0","0","24","0","0","0","17","0","0","5","0","0","0","0","0","0","0","0","0","0","0","0","0","0","12"
"0x778791774430","      UIADD3 UR5, UR5, 0x1, URZ","32","17","32","270336","8650752","8650752","32","32","0","-","-","-","0","0","0","0","0","0","0","0","-","0","0","0","0","0","0","0","0","0","0","0","0","0","0","0","0","0","0","0","15","0","0","0","17","0","0","0","0","0","0","0","0","0","0","0","0","0","0","0","0","0","17"
"0x778791774440","      PLOP3.LUT P0, PT, PT, PT, UP4, 0x80, 0x0","33","16","33","270336","8650752","8650752","32","32","0","-","-","-","0","0","0","0","0","0","0","0","-","0","0","0","0","0","0","0","0","0","0","0","0","0","0","0","0","0","0","0","17","0","0","0","16","0","0","0","0","0","0","0","0","0","0","0","0","0","0","0","0","0","16"
"0x778791774450","      UISETP.NE.AND UP4, UPT, UR7, UR5, UPT","68","22","68","270336","8650752","8650752","32","32","0","-","-","-","0","0","0","0","0","0","0","0","-","0","0","0","0","0","0","0","0","0","0","0","0","0","19","0","0","0","0","22","11","0","0","0","16","0","0","0","0","0","0","0","19","0","0","0","0","0","0","0","0","0","3"
"0x778791774460","      SEL R2, R2, RZ, !P0","32","18","32","270336","8650752","8650752","32","32","0","-","-","-","0","0","0","0","0","0","0","0","-","0","0","0","0","0","0","0","0","0","0","0","0","0","0","0","0","0","0","0","14","0","0","0","18","0","0","0","0","0","0","0","0","0","0","0","0","0","0","0","0","0","18"
"0x778791774470","      ISETP.NE.U32.AND P0, PT, R2, RZ, PT","92","45","92","270336","8650752","8650752","32","32","0","-","-","-","0","0","0","0","0","0","0","0","-","0","0","0","0","0","0","0","0","8","0","0","0","0","14","0","0","0","0","13","7","0","0","0","50","0","0","8","0","0","0","0","13","0","0","0","0","0","0","0","0","0","24"
"0x778791774480","      IMAD.MOV.U32 R2, RZ, RZ, R165","20","0","20","270336","8650752","8650752","32","32","0","-","-","-","0","0","0","0","0","0","0","0","-","0","0","0","0","0","0","0","0","0","0","0","0","0","0","0","0","0","0","0","20","0","0","0","0","0","0","0","0","0","0","0","0","0","0","0","0","0","0","0","0","0","0"
"0x778791774490","      PLOP3.LUT P2, PT, PT, PT, UP4, 0x80, 0x0","10","0","10","270336","8650752","8650752","32","32","0","-","-","-","0","0","0","0","0","0","0","0","-","0","0","0","0","0","0","0","0","0","0","0","0","0","0","0","0","0","0","0","10","0","0","0","0","0","0","0","0","0","0","0","0","0","0","0","0","0","0","0","0","0","0"
"0x7787917744a0","      IADD3 R165, P1, R165, 0x40, RZ","49","16","49","270336","8650752","8650752","32","32","0","-","-","-","0","0","0","0","0","0","0","0","-","0","0","0","0","0","0","0","0","0","0","0","0","0","0","0","0","0","0","0","21","0","0","0","28","0","0","0","0","0","0","0","0","0","0","0","0","0","0","0","0","0","16"
"0x7787917744b0","      WARPGROUP.DEPBAR.LE gsb0, 0x0","3173","2768","3173","270336","8650752","8650752","32","32","0","-","-","-","0","0","0","0","0","0","0","0","-","0","0","0","0","0","0","3153","0","0","0","0","0","0","0","0","0","0","0","0","20","0","0","0","0","2768","0","0","0","0","0","0","0","0","0","0","0","0","0","0","0","0","0"
"0x7787917744c0","      WARPGROUP.DEPBAR.LE gsb0, 0x0","34","17","34","270336","8650752","8650752","32","32","0","-","-","-","0","0","0","0","0","0","0","0","-","0","0","0","0","0","0","0","0","0","0","0","0","0","0","0","0","0","0","0","17","0","0","0","17","0","0","0","0","0","0","0","0","0","0","0","0","0","0","0","0","0","17"
"0x7787917744d0","      LOP3.LUT R199, R25, 0xffff, RZ, 0xc0, !PT","34","17","34","270336","8650752","8650752","32","32","0","-","-","-","0","0","0","0","0","0","0","0","-","0","0","0","0","0","0","0","0","0","0","0","0","0","0","0","0","0","0","0","17","0","0","0","17","0","0","0","0","0","0","0","0","0","0","0","0","0","0","0","0","0","17"
"0x7787917744e0","      PRMT R200, R25, 0x7732, RZ","33","19","33","270336","8650752","8650752","32","32","0","-","-","-","0","0","0","0","0","0","0","0","-","0","0","0","0","0","0","0","0","0","0","0","0","0","0","0","0","0","0","0","14","0","0","0","19","0","0","0","0","0","0","0","0","0","0","0","0","0","0","0","0","0","19"
"0x7787917744f0","      LOP3.LUT R25, R26, 0xffff, RZ, 0xc0, !PT","29","20","29","270336","8650752","8650752","32","32","0","-","-","-","0","0","0","0","0","0","0","0","-","0","0","0","0","0","0","0","0","0","0","0","0","0","0","0","0","0","0","0","9","0","0","0","20","0","0","0","0","0","0","0","0","0","0","0","0","0","0","0","0","0","20"
"0x778791774500","      PRMT R26, R26, 0x7732, RZ","27","14","27","270336","8650752","8650752","32","32","0","-","-","-","0","0","0","0","0","0","0","0","-","0","0","0","0","0","0","0","0","0","0","0","0","0","0","0","0","0","0","0","13","0","0","0","14","0","0","0","0","0","0","0","0","0","0","0","0","0","0","0","0","0","14"
"0x778791774510","      LOP3.LUT R201, R27, 0xffff, RZ, 0xc0, !PT","34","19","34","270336","8650752","8650752","32","32","0","-","-","-","0","0","0","0","0","0","0","0","-","0","0","0","0","0","0","0","0","0","0","0","0","0","0","0","0","0","0","0","15","0","0","0","19","0","0","0","0","0","0","0","0","0","0","0","0","0","0","0","0","0","19"
"0x778791774520","      PRMT R27, R27, 0x7732, RZ","33","15","33","270336","8650752","8650752","32","32","0","-","-","-","0","0","0","0","0","0","0","0","-","0","0","0","0","0","0","0","0","0","0","0","0","0","0","0","0","0","0","0","18","0","0","0","15","0","0","0","0","0","0","0","0","0","0","0","0","0","0","0","0","0","15"
"0x778791774530","      LOP3.LUT R202, R28, 0xffff, RZ, 0xc0, !PT","37","22","37","270336","8650752","8650752","32","32","0","-","-","-","0","0","0","0","0","0","0","0","-","0","0","0","0","0","0","0","0","0","0","0","0","0","0","0","0","0","0","0","15","0","0","0","22","0","0","0","0","0","0","0","0","0","0","0","0","0","0","0","0","0","22"
"0x778791774540","      PRMT R28, R28, 0x7732, RZ","28","13","28","270336","8650752","8650752","32","32","0","-","-","-","0","0","0","0","0","0","0","0","-","0","0","0","0","0","0","0","0","0","0","0","0","0","0","0","0","0","0","0","15","0","0","0","13","0","0","0","0","0","0","0","0","0","0","0","0","0","0","0","0","0","13"
"0x778791774550","      LOP3.LUT R203, R29, 0xffff, RZ, 0xc0, !PT","33","17","33","270336","8650752","8650752","32","32","0","-","-","-","0","0","0","0","0","0","0","0","-","0","0","0","0","0","0","0","0","0","0","0","0","0","0","0","0","0","0","0","16","0","0","0","17","0","0","0","0","0","0","0","0","0","0","0","0","0","0","0","0","0","17"
"0x778791774560","      PRMT R29, R29, 0x7732, RZ","40","19","40","270336","8650752","8650752","32","32","0","-","-","-","0","0","0","0","0","0","0","0","-","0","0","0","0","0","0","0","0","0","0","0","0","0","0","0","0","0","0","0","21","0","0","0","19","0","0","0","0","0","0","0","0","0","0","0","0","0","0","0","0","0","19"
"0x778791774570","      LOP3.LUT R204, R30, 0xffff, RZ, 0xc0, !PT","27","11","27","270336","8650752","8650752","32","32","0","-","-","-","0","0","0","0","0","0","0","0","-","0","0","0","0","0","0","0","0","0","0","0","0","0","0","0","0","0","0","0","16","0","0","0","11","0","0","0","0","0","0","0","0","0","0","0","0","0","0","0","0","0","11"
"0x778791774580","      LOP3.LUT R225, R51, 0xffff, RZ, 0xc0, !PT","39","13","39","270336","8650752","8650752","32","32","0","-","-","-","0","0","0","0","0","0","0","0","-","0","0","0","0","0","0","0","0","0","0","0","0","0","0","0","0","0","0","0","26","0","0","0","13","0","0","0","0","0","0","0","0","0","0","0","0","0","0","0","0","0","13"
"0x778791774590","      PRMT R226, R51, 0x7732, RZ","32","14","32","270336","8650752","8650752","32","32","0","-","-","-","0","0","0","0","0","0","0","0","-","0","0","0","0","0","0","0","0","0","0","0","0","0","0","0","0","0","0","0","18","0","0","0","14","0","0","0","0","0","0","0","0","0","0","0","0","0","0","0","0","0","14"
"0x7787917745a0","      VIADD R51, R71, UR8","12","0","12","270336","8650752","8650752","32","32","0","-","-","-","0","0","0","0","0","0","0","0","-","0","0","0","0","0","0","0","0","0","0","0","0","0","0","0","0","0","0","0","12","0","0","0","0","0","0","0","0","0","0","0","0","0","0","0","0","0","0","0","0","0","0"
"0x7787917745b0","      BAR.SYNC.DEFER_BLOCKING 0x0","21","0","21","270336","8650752","8650752","32","32","0","-","-","-","0","0","0","0","0","0","0","0","-","0","0","0","0","0","0","0","0","0","0","0","0","0","0","0","0","0","0","0","21","0","0","0","0","0","0","0","0","0","0","0","0","0","0","0","0","0","0","0","0","0","0"
"0x7787917745c0","      PRMT R30, R30, 0x7732, RZ","21","0","21","270336","8650752","8650752","32","32","0","-","-","-","0","0","0","0","0","0","0","0","-","0","0","0","0","0","0","0","0","0","0","0","0","0","0","0","0","0","0","0","21","0","0","0","0","0","0","0","0","0","0","0","0","0","0","0","0","0","0","0","0","0","0"
"0x7787917745d0","      LOP3.LUT R205, R31, 0xffff, RZ, 0xc0, !PT","34","16","34","270336","8650752","8650752","32","32","0","-","-","-","0","0","0","0","0","0","0","0","-","0","0","0","0","0","0","0","0","0","0","0","0","0","0","0","0","0","0","0","18","0","0","0","16","0","0","0","0","0","0","0","0","0","0","0","0","0","0","0","0","0","16"
"0x7787917745e0","      PRMT R25, R25, 0x5410, R26","36","21","36","270336","8650752","8650752","32","32","0","-","-","-","0","0","0","0","0","0","0","0","-","0","0","0","0","0","0","0","0","0","0","0","0","0","0","0","0","0","0","0","15","0","0","0","21","0","0","0","0","0","0","0","0","0","0","0","0","0","0","0","0","0","21"
"0x7787917745f0","      PRMT R31, R31, 0x7732, RZ","34","14","34","270336","8650752","8650752","32","32","0","-","-","-","0","0","0","0","0","0","0","0","-","0","0","0","0","0","0","0","0","0","0","0","0","0","0","0","0","0","0","0","12","0","0","0","22","0","0","0","0","0","0","0","0","0","0","0","0","0","0","0","0","0","14"
"0x778791774600","      PRMT R26, R201, 0x5410, R27","37","16","37","270336","8650752","8650752","32","32","0","-","-","-","0","0","0","0","0","0","0","0","-","0","0","0","0","0","0","0","0","0","0","0","0","0","0","0","0","0","0","0","21","0","0","0","16","0","0","0","0","0","0","0","0","0","0","0","0","0","0","0","0","0","16"
"0x778791774610","      FMUL R201, R152, R162","22","5","22","270336","8650752","8650752","32","32","0","-","-","-","0","0","0","0","0","0","0","0","-","0","0","0","0","0","0","0","0","0","0","0","0","5","0","0","0","0","0","0","17","0","0","0","0","0","0","0","0","0","0","5","0","0","0","0","0","0","0","0","0","0","0"
"0x778791774620","      PRMT R27, R202, 0x5410, R28","14","0","14","270336","8650752","8650752","32","32","0","-","-","-","0","0","0","0","0","0","0","0","-","0","0","0","0","0","0","0","0","0","0","0","0","0","0","0","0","0","0","0","14","0","0","0","0","0","0","0","0","0","0","0","0","0","0","0","0","0","0","0","0","0","0"
"0x778791774630","      FMUL R202, R152, R163","19","0","19","270336","8650752","8650752","32","32","0","-","-","-","0","0","0","0","0","0","0","0","-","0","0","0","0","0","0","0","0","0","0","0","0","0","0","0","0","0","0","0","19","0","0","0","0","0","0","0","0","0","0","0","0","0","0","0","0","0","0","0","0","0","0"
"0x778791774640","      PRMT R28, R203, 0x5410, R29","18","0","18","270336","8650752","8650752","32","32","0","-","-","-","0","0","0","0","0","0","0","0","-","0","0","0","0","0","0","0","0","0","0","0","0","0","0","0","0","0","0","0","18","0","0","0","0","0","0","0","0","0","0","0","0","0","0","0","0","0","0","0","0","0","0"
"0x778791774650","      FMUL R203, R153, R160","22","0","22","270336","8650752","8650752","32","32","0","-","-","-","0","0","0","0","0","0","0","0","-","0","0","0","0","0","0","0","0","0","0","0","0","0","0","0","0","0","0","0","22","0","0","0","0","0","0","0","0","0","0","0","0","0","0","0","0","0","0","0","0","0","0"
"0x778791774660","      PRMT R29, R204, 0x5410, R30","14","0","14","270336","8650752","8650752","32","32","0","-","-","-","0","0","0","0","0","0","0","0","-","0","0","0","0","0","0","0","0","0","0","0","0","0","0","0","0","0","0","0","14","0","0","0","0","0","0","0","0","0","0","0","0","0","0","0","0","0","0","0","0","0","0"
"0x778791774670","      FMUL R204, R153, R161","36","0","36","270336","8650752","8650752","32","32","0","-","-","-","0","0","0","0","0","0","0","0","-","0","0","0","0","0","0","0","0","14","0","0","0","0","0","0","0","0","0","0","22","0","0","0","0","0","0","0","0","0","0","0","0","0","0","0","0","0","0","0","0","0","0"
"0x778791774680","      PRMT R30, R205, 0x5410, R31","21","0","21","270336","8650752","8650752","32","32","0","-","-","-","0","0","0","0","0","0","0","0","-","0","0","0","0","0","0","0","0","0","0","0","0","0","0","0","0","0","0","0","21","0","0","0","0","0","0","0","0","0","0","0","0","0","0","0","0","0","0","0","0","0","0"
"0x778791774690","      VIADD R205, R70, UR8","13","0","13","270336","8650752","8650752","32","32","0","-","-","-","0","0","0","0","0","0","0","0","-","0","0","0","0","0","0","0","0","0","0","0","0","0","0","0","0","0","0","0","13","0","0","0","0","0","0","0","0","0","0","0","0","0","0","0","0","0","0","0","0","0","0"
"0x7787917746a0","      LOP3.LUT R198, R24, 0xffff, RZ, 0xc0, !PT","28","0","28","270336","8650752","8650752","32","32","0","-","-","-","0","0","0","0","0","0","0","0","-","0","0","0","0","0","0","0","0","13","0","0","0","0","0","0","0","0","0","0","15","0","0","0","0","0","0","0","0","0","0","0","0","0","0","0","0","0","0","0","0","0","0"
"0x7787917746b0","      USHF.R.U32.HI UR8, URZ, 0x1, UR5","25","0","25","270336","8650752","8650752","32","32","0","-","-","-","0","0","0","0","0","0","0","0","-","0","0","0","0","0","0","0","0","0","0","0","0","0","0","0","0","0","0","0","25","0","0","0","0","0","0","0","0","0","0","0","0","0","0","0","0","0","0","0","0","0","0"
"0x7787917746c0","      PRMT R24, R24, 0x7732, RZ","13","0","13","270336","8650752","8650752","32","32","0","-","-","-","0","0","0","0","0","0","0","0","-","0","0","0","0","0","0","0","0","0","0","0","0","0","0","0","0","0","0","0","13","0","0","0","0","0","0","0","0","0","0","0","0","0","0","0","0","0","0","0","0","0","0"
"0x7787917746d0","      LOP3.LUT R227, R52, 0xffff, RZ, 0xc0, !PT","179","26","179","270336","8650752","8650752","32","32","0","-","-","-","0","0","0","0","0","0","0","0","-","0","0","0","0","0","0","0","0","0","0","0","0","0","48","0","0","0","0","79","25","0","0","0","27","0","0","0","0","0","0","0","19","0","0","0","0","0","0","0","0","0","7"
"0x7787917746e0","@!PT  LDS RZ, [RZ]","473","185","473","270336","8650752","0","32","0","0","","Load","32","0","0","0","0","0","0","0","0","-","0","0","0","0","0","0","444","0","3","0","0","0","0","0","0","0","0","0","11","15","0","0","0","0","185","0","0","0","0","0","0","0","0","0","0","0","0","0","0","0","0","0"
"0x7787917746f0","@!PT  LDS RZ, [RZ]","12","0","12","270336","8650752","0","32","0","0","","Load","32","0","0","0","0","0","0","0","0","-","0","0","0","0","0","0","0","0","0","0","0","0","0","0","0","0","0","0","0","12","0","0","0","0","0","0","0","0","0","0","0","0","0","0","0","0","0","0","0","0","0","0"
"0x778791774700","@!PT  LDS RZ, [RZ]","16","0","16","270336","8650752","0","32","0","0","","Load","32","0","0","0","0","0","0","0","0","-","0","0","0","0","0","0","0","0","0","0","0","0","0","0","0","0","0","0","0","16","0","0","0","0","0","0","0","0","0","0","0","0","0","0","0","0","0","0","0","0","0","0"
"0x778791774710","      LDGSTS.E.BYPASS.128 desc[UR18][R2.64], P0, [R51]","15","0","15","270336","8650752","8650752","32","32","0","Global,Shared","Load,Store","128","2095104","4","0","1081344","1081344","0","3820864","3820864","","0","0","0","0","0","0","0","0","0","0","0","0","0","0","0","0","0","0","0","15","0","0","0","0","0","0","0","0","0","0","0","0","0","0","0","0","0","0","0","0","0","0"
"0x778791774720","      LOP3.LUT R228, R53, 0xffff, RZ, 0xc0, !PT","14","0","14","270336","8650752","8650752","32","32","0","-","-","-","0","0","0","0","0","0","0","0","-","0","0","0","0","0","0","0","0","0","0","0","0","0","0","0","0","0","0","0","14","0","0","0","0","0","0","0","0","0","0","0","0","0","0","0","0","0","0","0","0","0","0"
"0x778791774730","      USGXT.U32 UR8, UR8, 0x19","22","0","22","270336","8650752","8650752","32","32","0","-","-","-","0","0","0","0","0","0","0","0","-","0","0","0","0","0","0","0","0","0","0","0","0","0","0","0","0","0","0","0","22","0","0","0","0","0","0","0","0","0","0","0","0","0","0","0","0","0","0","0","0","0","0"
"0x778791774740","      PRMT R52, R52, 0x7732, RZ","15","0","15","270336","8650752","8650752","32","32","0","-","-","-","0","0","0","0","0","0","0","0","-","0","0","0","0","0","0","0","0","0","0","0","0","0","0","0","0","0","0","0","15","0","0","0","0","0","0","0","0","0","0","0","0","0","0","0","0","0","0","0","0","0","0"
"0x778791774750","      PRMT R53, R53, 0x7732, RZ","42","10","42","270336","8650752","8650752","32","32","0","-","-","-","0","0","0","0","0","0","0","0","-","0","0","0","0","0","0","0","0","0","0","0","0","0","4","0","0","0","0","5","18","0","0","0","15","0","0","0","0","0","0","0","0","0","0","0","0","0","0","0","0","0","10"
"0x778791774760","      UISETP.GT.U32.AND UP0, UPT, UR8, UR4, UPT","14","0","14","270336","8650752","8650752","32","32","0","-","-","-","0","0","0","0","0","0","0","0","-","0","0","0","0","0","0","0","0","0","0","0","0","0","0","0","0","0","0","0","14","0","0","0","0","0","0","0","0","0","0","0","0","0","0","0","0","0","0","0","0","0","0"
"0x778791774770","      PRMT R231, R198, 0x5410, R24","23","0","23","270336","8650752","8650752","32","32","0","-","-","-","0","0","0","0","0","0","0","0","-","0","0","0","0","0","0","0","0","0","0","0","0","0","0","0","0","0","0","0","23","0","0","0","0","0","0","0","0","0","0","0","0","0","0","0","0","0","0","0","0","0","0"
"0x778791774780","      FMUL R198, R152, R172","16","0","16","270336","8650752","8650752","32","32","0","-","-","-","0","0","0","0","0","0","0","0","-","0","0","0","0","0","0","0","0","0","0","0","0","0","0","0","0","0","0","0","16","0","0","0","0","0","0","0","0","0","0","0","0","0","0","0","0","0","0","0","0","0","0"
"0x778791774790","      PRMT R24, R199, 0x5410, R200","13","0","13","270336","8650752","8650752","32","32","0","-","-","-","0","0","0","0","0","0","0","0","-","0","0","0","0","0","0","0","0","0","0","0","0","0","0","0","0","0","0","0","13","0","0","0","0","0","0","0","0","0","0","0","0","0","0","0","0","0","0","0","0","0","0"
"0x7787917747a0","      FMUL R199, R152, R173","21","0","21","270336","8650752","8650752","32","32","0","-","-","-","0","0","0","0","0","0","0","0","-","0","0","0","0","0","0","0","0","0","0","0","0","0","0","0","0","0","0","0","21","0","0","0","0","0","0","0","0","0","0","0","0","0","0","0","0","0","0","0","0","0","0"
"0x7787917747b0","      PRMT R227, R227, 0x5410, R52","13","0","13","270336","8650752","8650752","32","32","0","-","-","-","0","0","0","0","0","0","0","0","-","0","0","0","0","0","0","0","0","0","0","0","0","0","0","0","0","0","0","0","13","0","0","0","0","0","0","0","0","0","0","0","0","0","0","0","0","0","0","0","0","0","0"
"0x7787917747c0","      IMAD.MOV.U32 R2, RZ, RZ, R164","254","14","254","270336","8650752","8650752","32","32","0","-","-","-","0","0","0","0","0","0","0","0","-","0","0","0","0","0","0","0","0","0","0","0","0","183","0","0","0","0","0","53","18","0","0","0","0","0","0","0","0","0","0","14","0","0","0","0","0","0","0","0","0","0","0"
"0x7787917747d0","      PRMT R228, R228, 0x5410, R53","18","0","18","270336","8650752","8650752","32","32","0","-","-","-","0","0","0","0","0","0","0","0","-","0","0","0","0","0","0","0","0","0","0","0","0","0","0","0","0","0","0","0","18","0","0","0","0","0","0","0","0","0","0","0","0","0","0","0","0","0","0","0","0","0","0"
"0x7787917747e0","      IMAD.MOV.U32 R3, RZ, RZ, R169","10","0","10","270336","8650752","8650752","32","32","0","-","-","-","0","0","0","0","0","0","0","0","-","0","0","0","0","0","0","0","0","0","0","0","0","0","0","0","0","0","0","0","10","0","0","0","0","0","0","0","0","0","0","0","0","0","0","0","0","0","0","0","0","0","0"
"0x7787917747f0","      FMUL R52, R153, R172","74","1","74","270336","8650752","8650752","32","32","0","-","-","-","0","0","0","0","0","0","0","0","-","0","0","0","0","0","0","0","0","2","0","0","0","0","0","0","0","0","0","50","11","0","0","0","11","0","0","0","0","0","0","0","0","0","0","0","0","0","0","0","0","0","1"
"0x778791774800","      FMUL R53, R153, R173","16","0","16","270336","8650752","8650752","32","32","0","-","-","-","0","0","0","0","0","0","0","0","-","0","0","0","0","0","0","0","0","0","0","0","0","0","0","0","0","0","0","0","16","0","0","0","0","0","0","0","0","0","0","0","0","0","0","0","0","0","0","0","0","0","0"
"0x778791774810","      LOP3.LUT R229, R54, 0xffff, RZ, 0xc0, !PT","15","0","15","270336","8650752","8650752","32","32","0","-","-","-","0","0","0","0","0","0","0","0","-","0","0","0","0","0","0","0","0","1","0","0","0","0","0","0","0","0","0","0","14","0","0","0","0","0","0","0","0","0","0","0","0","0","0","0","0","0","0","0","0","0","0"
"0x778791774820","      FMUL R200, R153, R163","24","0","24","270336","8650752","8650752","32","32","0","-","-","-","0","0","0","0","0","0","0","0","-","0","0","0","0","0","0","0","0","1","0","0","0","0","0","0","0","0","0","0","23","0","0","0","0","0","0","0","0","0","0","0","0","0","0","0","0","0","0","0","0","0","0"
"0x778791774830","      LDGSTS.E.BYPASS.128 desc[UR18][R2.64], P0, [R205]","16","0","16","270336","8650752","8650752","32","32","0","Global,Shared","Load,Store","128","2095104","4","0","1081344","1081344","0","3967904","3967904","","0","0","0","0","0","0","0","0","0","0","0","0","0","0","0","0","0","0","0","16","0","0","0","0","0","0","0","0","0","0","0","0","0","0","0","0","0","0","0","0","0","0"
"0x778791774840","      PRMT R230, R54, 0x7732, RZ","21","0","21","270336","8650752","8650752","32","32","0","-","-","-","0","0","0","0","0","0","0","0","-","0","0","0","0","0","0","0","0","0","0","0","0","0","0","0","0","0","0","0","21","0","0","0","0","0","0","0","0","0","0","0","0","0","0","0","0","0","0","0","0","0","0"
"0x778791774850","      UISETP.GE.OR UP0, UPT, UR5, UR7, !UP0","15","0","15","270336","8650752","8650752","32","32","0","-","-","-","0","0","0","0","0","0","0","0","-","0","0","0","0","0","0","0","0","0","0","0","0","0","0","0","0","0","0","0","15","0","0","0","0","0","0","0","0","0","0","0","0","0","0","0","0","0","0","0","0","0","0"
"0x778791774860","      LOP3.LUT R54, R55, 0xffff, RZ, 0xc0, !PT","14","0","14","270336","8650752","8650752","32","32","0","-","-","-","0","0","0","0","0","0","0","0","-","0","0","0","0","0","0","0","0","0","0","0","0","0","0","0","0","0","0","0","14","0","0","0","0","0","0","0","0","0","0","0","0","0","0","0","0","0","0","0","0","0","0"
"0x778791774870","      LDGDEPBAR","19","0","19","270336","8650752","8650752","32","32","0","-","-","-","0","0","0","0","0","0","0","0","-","0","0","0","0","0","0","0","0","0","0","0","0","0","0","0","0","0","0","0","19","0","0","0","0","0","0","0","0","0","0","0","0","0","0","0","0","0","0","0","0","0","0"
"0x778791774880","      F2FP.F16.F32.PACK_AB R198, R199, R198","10","0","10","270336","8650752","8650752","32","32","0","-","-","-","0","0","0","0","0","0","0","0","-","0","0","0","0","0","0","0","0","0","0","0","0","0","0","0","0","0","0","0","10","0","0","0","0","0","0","0","0","0","0","0","0","0","0","0","0","0","0","0","0","0","0"
"0x778791774890","      FMUL R199, R153, R162","22","0","22","270336","8650752","8650752","32","32","0","-","-","-","0","0","0","0","0","0","0","0","-","0","0","0","0","0","0","0","0","0","0","0","0","0","0","0","0","0","0","0","22","0","0","0","0","0","0","0","0","0","0","0","0","0","0","0","0","0","0","0","0","0","0"
"0x7787917748a0","      PRMT R55, R55, 0x7732, RZ","14","0","14","270336","8650752","8650752","32","32","0","-","-","-","0","0","0","0","0","0","0","0","-","0","0","0","0","0","0","0","0","0","0","0","0","0","0","0","0","0","0","0","14","0","0","0","0","0","0","0","0","0","0","0","0","0","0","0","0","0","0","0","0","0","0"
"0x7787917748b0","      F2FP.F16.F32.PACK_AB R52, R53, R52","147","48","147","270336","8650752","8650752","32","32","0","-","-","-","0","0","0","0","0","0","0","0","-","0","0","0","0","0","0","0","0","6","0","0","0","0","55","0","0","0","0","62","9","0","0","0","15","0","0","3","0","0","0","0","45","0","0","0","0","0","0","0","0","0","0"
"0x7787917748c0","      FMUL R53, R153, R171","17","0","17","270336","8650752","8650752","32","32","0","-","-","-","0","0","0","0","0","0","0","0","-","0","0","0","0","0","0","0","0","4","0","0","0","0","0","0","0","0","0","0","13","0","0","0","0","0","0","0","0","0","0","0","0","0","0","0","0","0","0","0","0","0","0"
"0x7787917748d0","      PRMT R54, R54, 0x5410, R55","23","0","23","270336","8650752","8650752","32","32","0","-","-","-","0","0","0","0","0","0","0","0","-","0","0","0","0","0","0","0","0","2","0","0","0","0","0","0","0","0","0","0","21","0","0","0","0","0","0","0","0","0","0","0","0","0","0","0","0","0","0","0","0","0","0"
"0x7787917748e0","      IMAD.MOV.U32 R2, RZ, RZ, R166","44","1","44","270336","8650752","8650752","32","32","0","-","-","-","0","0","0","0","0","0","0","0","-","0","0","0","0","0","0","0","0","1","0","0","0","9","6","0","0","0","0","17","11","0","0","0","0","0","0","0","0","0","0","1","0","0","0","0","0","0","0","0","0","0","0"
"0x7787917748f0","      FMUL R55, R152, R168","106","1","106","270336","8650752","8650752","32","32","0","-","-","-","0","0","0","0","0","0","0","0","-","0","0","0","0","0","0","0","0","6","0","0","0","0","0","0","0","0","0","71","17","0","0","0","12","0","0","0","0","0","0","0","0","0","0","0","0","0","0","0","0","0","1"
"0x778791774900","      IMAD.MOV.U32 R3, RZ, RZ, R167","22","0","22","270336","8650752","8650752","32","32","0","-","-","-","0","0","0","0","0","0","0","0","-","0","0","0","0","0","0","0","0","2","0","0","0","0","0","0","0","0","0","0","20","0","0","0","0","0","0","0","0","0","0","0","0","0","0","0","0","0","0","0","0","0","0"
"0x778791774910","      LOP3.LUT R206, R32, 0xffff, RZ, 0xc0, !PT","17","0","17","270336","8650752","8650752","32","32","0","-","-","-","0","0","0","0","0","0","0","0","-","0","0","0","0","0","0","0","0","0","0","0","0","0","0","0","0","0","0","0","17","0","0","0","0","0","0","0","0","0","0","0","0","0","0","0","0","0","0","0","0","0","0"
"0x778791774920","      PRMT R32, R32, 0x7732, RZ","84","15","84","270336","8650752","8650752","32","32","0","-","-","-","0","0","0","0","0","0","0","0","-","0","0","0","0","0","0","0","0","0","0","0","0","0","16","0","0","0","0","29","23","0","0","0","16","0","0","0","0","0","0","0","5","0","0","0","0","0","0","0","0","0","10"
"0x778791774930","      LDGSTS.E.BYPASS.128 desc[UR18][R2.64], P0, [R51+0x6000]","38","12","38","270336","8650752","8650752","32","32","0","Global,Shared","Load,Store","128","2095104","4","0","1081344","1081344","0","4161120","4161120","","0","0","0","0","0","0","0","0","0","0","0","0","0","0","0","0","0","0","4","17","0","0","0","17","0","0","0","0","0","0","0","0","0","0","0","0","0","0","0","0","0","12"
"0x778791774940","      LOP3.LUT R207, R33, 0xffff, RZ, 0xc0, !PT","19","0","19","270336","8650752","8650752","32","32","0","-","-","-","0","0","0","0","0","0","0","0","-","0","0","0","0","0","0","0","0","0","0","0","0","0","0","0","0","0","0","0","19","0","0","0","0","0","0","0","0","0","0","0","0","0","0","0","0","0","0","0","0","0","0"
"0x778791774950","      PRMT R33, R33, 0x7732, RZ","108","44","108","270336","8650752","8650752","32","32","0","-","-","-","0","0","0","0","0","0","0","0","-","0","0","0","0","0","0","0","0","0","0","0","0","0","29","0","0","0","0","38","20","0","0","0","21","0","0","0","0","0","0","0","24","0","0","0","0","0","0","0","0","0","20"
"0x778791774960","      LOP3.LUT R208, R34, 0xffff, RZ, 0xc0, !PT","35","12","35","270336","8650752","8650752","32","32","0","-","-","-","0","0","0","0","0","0","0","0","-","0","0","0","0","0","0","0","0","0","0","0","0","0","6","0","0","0","0","7","10","0","0","0","12","0","0","0","0","0","0","0","5","0","0","0","0","0","0","0","0","0","7"
"0x778791774970","      PRMT R34, R34, 0x7732, RZ","30","13","30","270336","8650752","8650752","32","32","0","-","-","-","0","0","0","0","0","0","0","0","-","0","0","0","0","0","0","0","0","0","0","0","0","0","3","0","0","0","0","1","13","0","0","0","13","0","0","0","0","0","0","0","0","0","0","0","0","0","0","0","0","0","13"
"0x778791774980","      LOP3.LUT R209, R35, 0xffff, RZ, 0xc0, !PT","40","21","40","270336","8650752","8650752","32","32","0","-","-","-","0","0","0","0","0","0","0","0","-","0","0","0","0","0","0","0","0","0","0","0","0","0","0","0","0","0","0","0","19","0","0","0","21","0","0","0","0","0","0","0","0","0","0","0","0","0","0","0","0","0","21"
"0x778791774990","      PRMT R35, R35, 0x7732, RZ","46","13","46","270336","8650752","8650752","32","32","0","-","-","-","0","0","0","0","0","0","0","0","-","0","0","0","0","0","0","0","0","0","0","0","0","0","9","0","0","0","0","8","16","0","0","0","13","0","0","0","0","0","0","0","0","0","0","0","0","0","0","0","0","0","13"
"0x7787917749a0","      IMAD.MOV.U32 R2, RZ, RZ, R149","394","84","394","270336","8650752","8650752","32","32","0","-","-","-","0","0","0","0","0","0","0","0","-","0","0","0","0","0","0","0","0","12","0","0","0","217","56","0","0","0","0","97","12","0","0","0","0","0","0","0","0","0","0","81","3","0","0","0","0","0","0","0","0","0","0"
"0x7787917749b0","      PRMT R31, R206, 0x5410, R32","17","0","17","270336","8650752","8650752","32","32","0","-","-","-","0","0","0","0","0","0","0","0","-","0","0","0","0","0","0","0","0","0","0","0","0","0","0","0","0","0","0","0","17","0","0","0","0","0","0","0","0","0","0","0","0","0","0","0","0","0","0","0","0","0","0"
"0x7787917749c0","      IMAD.MOV.U32 R3, RZ, RZ, R150","19","0","19","270336","8650752","8650752","32","32","0","-","-","-","0","0","0","0","0","0","0","0","-","0","0","0","0","0","0","0","0","0","0","0","0","0","0","0","0","0","0","0","19","0","0","0","0","0","0","0","0","0","0","0","0","0","0","0","0","0","0","0","0","0","0"
"0x7787917749d0","      PRMT R32, R207, 0x5410, R33","22","0","22","270336","8650752","8650752","32","32","0","-","-","-","0","0","0","0","0","0","0","0","-","0","0","0","0","0","0","0","0","0","0","0","0","0","0","0","0","0","0","0","22","0","0","0","0","0","0","0","0","0","0","0","0","0","0","0","0","0","0","0","0","0","0"
"0x7787917749e0","      FMUL R206, R153, R157","19","0","19","270336","8650752","8650752","32","32","0","-","-","-","0","0","0","0","0","0","0","0","-","0","0","0","0","0","0","0","0","0","0","0","0","0","0","0","0","0","0","0","19","0","0","0","0","0","0","0","0","0","0","0","0","0","0","0","0","0","0","0","0","0","0"
"0x7787917749f0","      LOP3.LUT R210, R36, 0xffff, RZ, 0xc0, !PT","24","0","24","270336","8650752","8650752","32","32","0","-","-","-","0","0","0","0","0","0","0","0","-","0","0","0","0","0","0","0","0","0","0","0","0","0","0","0","0","0","0","0","24","0","0","0","0","0","0","0","0","0","0","0","0","0","0","0","0","0","0","0","0","0","0"
"0x778791774a00","      FMUL R207, R152, R156","10","0","10","270336","8650752","8650752","32","32","0","-","-","-","0","0","0","0","0","0","0","0","-","0","0","0","0","0","0","0","0","0","0","0","0","0","0","0","0","0","0","0","10","0","0","0","0","0","0","0","0","0","0","0","0","0","0","0","0","0","0","0","0","0","0"
"0x778791774a10","      LDGSTS.E.BYPASS.128 desc[UR18][R2.64], P0, [R205+0x6000]","19","0","19","270336","8650752","8650752","32","32","0","Global,Shared","Load,Store","128","2095104","4","0","1081344","1081344","0","4155632","4155632","","0","0","0","0","0","0","0","0","0","0","0","0","0","0","0","0","0","0","0","19","0","0","0","0","0","0","0","0","0","0","0","0","0","0","0","0","0","0","0","0","0","0"
"0x778791774a20","      PRMT R33, R208, 0x5410, R34","24","0","24","270336","8650752","8650752","32","32","0","-","-","-","0","0","0","0","0","0","0","0","-","0","0","0","0","0","0","0","0","0","0","0","0","0","0","0","0","0","0","0","24","0","0","0","0","0","0","0","0","0","0","0","0","0","0","0","0","0","0","0","0","0","0"
"0x778791774a30","      FMUL R208, R152, R157","13","0","13","270336","8650752","8650752","32","32","0","-","-","-","0","0","0","0","0","0","0","0","-","0","0","0","0","0","0","0","0","1","0","0","0","0","0","0","0","0","0","0","12","0","0","0","0","0","0","0","0","0","0","0","0","0","0","0","0","0","0","0","0","0","0"
"0x778791774a40","      PRMT R36, R36, 0x7732, RZ","18","0","18","270336","8650752","8650752","32","32","0","-","-","-","0","0","0","0","0","0","0","0","-","0","0","0","0","0","0","0","0","0","0","0","0","0","0","0","0","0","0","0","18","0","0","0","0","0","0","0","0","0","0","0","0","0","0","0","0","0","0","0","0","0","0"
"0x778791774a50","      LDGDEPBAR","17","0","17","270336","8650752","8650752","32","32","0","-","-","-","0","0","0","0","0","0","0","0","-","0","0","0","0","0","0","0","0","0","0","0","0","0","0","0","0","0","0","0","17","0","0","0","0","0","0","0","0","0","0","0","0","0","0","0","0","0","0","0","0","0","0"
"0x778791774a60","      LOP3.LUT R211, R37, 0xffff, RZ, 0xc0, !PT","18","0","18","270336","8650752","8650752","32","32","0","-","-","-","0","0","0","0","0","0","0","0","-","0","0","0","0","0","0","0","0","0","0","0","0","0","0","0","0","0","0","0","18","0","0","0","0","0","0","0","0","0","0","0","0","0","0","0","0","0","0","0","0","0","0"
"0x778791774a70","      PRMT R34, R209, 0x5410, R35","199","68","199","270336","8650752","8650752","32","32","0","-","-","-","0","0","0","0","0","0","0","0","-","0","0","0","0","0","0","0","0","1","0","0","0","0","80","0","0","0","0","85","11","0","0","0","22","0","0","1","0","0","0","0","52","0","0","0","0","0","0","0","0","0","15"
"0x778791774a80","      PRMT R37, R37, 0x7732, RZ","41","14","41","270336","8650752","8650752","32","32","0","-","-","-","0","0","0","0","0","0","0","0","-","0","0","0","0","0","0","0","0","0","0","0","0","0","0","0","0","0","0","4","19","0","0","0","18","0","0","0","0","0","0","0","0","0","0","0","0","0","0","0","0","0","14"
"0x778791774a90","      LOP3.LUT R212, R38, 0xffff, RZ, 0xc0, !PT","48","24","48","270336","8650752","8650752","32","32","0","-","-","-","0","0","0","0","0","0","0","0","-","0","0","0","0","0","0","0","0","0","0","0","0","0","8","0","0","0","0","1","18","0","0","0","21","0","0","0","0","0","0","0","5","0","0","0","0","0","0","0","0","0","19"
"0x778791774aa0","      IMAD.MOV.U32 R3, RZ, RZ, R198","404","43","404","270336","8650752","8650752","32","32","0","-","-","-","0","0","0","0","0","0","0","0","-","0","0","0","0","0","0","0","0","7","0","0","0","146","66","0","0","0","0","166","19","0","0","0","0","0","0","0","0","0","0","43","0","0","0","0","0","0","0","0","0","0","0"
"0x778791774ab0","      FMUL R198, R152, R171","37","12","37","270336","8650752","8650752","32","32","0","-","-","-","0","0","0","0","0","0","0","0","-","0","0","0","0","0","0","0","0","0","0","0","0","0","0","0","0","0","0","2","14","0","0","0","21","0","0","0","0","0","0","0","0","0","0","0","0","0","0","0","0","0","12"
"0x778791774ac0","      IMAD.MOV.U32 R2, RZ, RZ, R52","15","0","15","270336","8650752","8650752","32","32","0","-","-","-","0","0","0","0","0","0","0","0","-","0","0","0","0","0","0","0","0","0","0","0","0","0","0","0","0","0","0","0","15","0","0","0","0","0","0","0","0","0","0","0","0","0","0","0","0","0","0","0","0","0","0"
"0x778791774ad0","      FMUL R52, R153, R168","331","3","331","270336","8650752","8650752","32","32","0","-","-","-","0","0","0","0","0","0","0","0","-","0","0","0","0","0","0","0","0","20","0","0","0","0","42","0","0","0","0","247","11","0","0","0","11","0","0","0","0","0","0","0","0","0","0","0","0","0","0","0","0","0","3"
"0x778791774ae0","      FMUL R205, R153, R156","23","0","23","270336","8650752","8650752","32","32","0","-","-","-","0","0","0","0","0","0","0","0","-","0","0","0","0","0","0","0","0","5","0","0","0","0","0","0","0","0","0","0","18","0","0","0","0","0","0","0","0","0","0","0","0","0","0","0","0","0","0","0","0","0","0"
"0x778791774af0","      PRMT R38, R38, 0x7732, RZ","18","0","18","270336","8650752","8650752","32","32","0","-","-","-","0","0","0","0","0","0","0","0","-","0","0","0","0","0","0","0","0","0","0","0","0","0","0","0","0","0","0","0","18","0","0","0","0","0","0","0","0","0","0","0","0","0","0","0","0","0","0","0","0","0","0"
"0x778791774b00","      F2FP.F16.F32.PACK_AB R198, R198, R55","72","22","72","270336","8650752","8650752","32","32","0","-","-","-","0","0","0","0","0","0","0","0","-","0","0","0","0","0","0","0","0","3","0","0","0","0","15","0","0","0","0","16","17","0","0","0","21","0","0","2","0","0","0","0","4","0","0","0","0","0","0","0","0","0","16"
"0x778791774b10","      F2FP.F16.F32.PACK_AB R51, R53, R52","27","15","27","270336","8650752","8650752","32","32","0","-","-","-","0","0","0","0","0","0","0","0","-","0","0","0","0","0","0","0","0","0","0","0","0","0","0","0","0","0","0","0","12","0","0","0","15","0","0","0","0","0","0","0","0","0","0","0","0","0","0","0","0","0","15"
"0x778791774b20","      F2FP.F16.F32.PACK_AB R55, R200, R199","31","16","31","270336","8650752","8650752","32","32","0","-","-","-","0","0","0","0","0","0","0","0","-","0","0","0","0","0","0","0","0","0","0","0","0","0","0","0","0","0","0","0","15","0","0","0","16","0","0","0","0","0","0","0","0","0","0","0","0","0","0","0","0","0","16"
"0x778791774b30","      FMUL R199, R152, R160","15","0","15","270336","8650752","8650752","32","32","0","-","-","-","0","0","0","0","0","0","0","0","-","0","0","0","0","0","0","0","0","0","0","0","0","0","0","0","0","0","0","0","15","0","0","0","0","0","0","0","0","0","0","0","0","0","0","0","0","0","0","0","0","0","0"
"0x778791774b40","      F2FP.F16.F32.PACK_AB R53, R202, R201","19","0","19","270336","8650752","8650752","32","32","0","-","-","-","0","0","0","0","0","0","0","0","-","0","0","0","0","0","0","0","0","0","0","0","0","0","0","0","0","0","0","0","19","0","0","0","0","0","0","0","0","0","0","0","0","0","0","0","0","0","0","0","0","0","0"
"0x778791774b50","      FMUL R200, R152, R161","17","0","17","270336","8650752","8650752","32","32","0","-","-","-","0","0","0","0","0","0","0","0","-","0","0","0","0","0","0","0","0","0","0","0","0","0","0","0","0","0","0","0","17","0","0","0","0","0","0","0","0","0","0","0","0","0","0","0","0","0","0","0","0","0","0"
"0x778791774b60","      F2FP.F16.F32.PACK_AB R52, R204, R203","10","0","10","270336","8650752","8650752","32","32","0","-","-","-","0","0","0","0","0","0","0","0","-","0","0","0","0","0","0","0","0","0","0","0","0","0","0","0","0","0","0","0","10","0","0","0","0","0","0","0","0","0","0","0","0","0","0","0","0","0","0","0","0","0","0"
"0x778791774b70","      FMUL R201, R153, R158","15","0","15","270336","8650752","8650752","32","32","0","-","-","-","0","0","0","0","0","0","0","0","-","0","0","0","0","0","0","0","0","0","0","0","0","0","0","0","0","0","0","0","15","0","0","0","0","0","0","0","0","0","0","0","0","0","0","0","0","0","0","0","0","0","0"
"0x778791774b80","      FMUL R202, R153, R159","19","0","19","270336","8650752","8650752","32","32","0","-","-","-","0","0","0","0","0","0","0","0","-","0","0","0","0","0","0","0","0","3","0","0","0","0","0","0","0","0","0","0","16","0","0","0","0","0","0","0","0","0","0","0","0","0","0","0","0","0","0","0","0","0","0"
"0x778791774b90","      FMUL R203, R152, R158","16","0","16","270336","8650752","8650752","32","32","0","-","-","-","0","0","0","0","0","0","0","0","-","0","0","0","0","0","0","0","0","1","0","0","0","0","0","0","0","0","0","0","15","0","0","0","0","0","0","0","0","0","0","0","0","0","0","0","0","0","0","0","0","0","0"
"0x778791774ba0","      FMUL R204, R152, R159","21","0","21","270336","8650752","8650752","32","32","0","-","-","-","0","0","0","0","0","0","0","0","-","0","0","0","0","0","0","0","0","0","0","0","0","0","0","0","0","0","0","0","21","0","0","0","0","0","0","0","0","0","0","0","0","0","0","0","0","0","0","0","0","0","0"
"0x778791774bb0","      F2FP.F16.F32.PACK_AB R209, R200, R199","19","0","19","270336","8650752","8650752","32","32","0","-","-","-","0","0","0","0","0","0","0","0","-","0","0","0","0","0","0","0","0","0","0","0","0","0","0","0","0","0","0","0","19","0","0","0","0","0","0","0","0","0","0","0","0","0","0","0","0","0","0","0","0","0","0"
"0x778791774bc0","      HFMA2 R59, R34, R51, R59","12","0","12","270336","8650752","8650752","32","32","0","-","-","-","0","0","0","0","0","0","0","0","-","0","0","0","0","0","0","0","0","1","0","0","0","0","0","0","0","0","0","0","11","0","0","0","0","0","0","0","0","0","0","0","0","0","0","0","0","0","0","0","0","0","0"
"0x778791774bd0","      LOP3.LUT R213, R39, 0xffff, RZ, 0xc0, !PT","11","0","11","270336","8650752","8650752","32","32","0","-","-","-","0","0","0","0","0","0","0","0","-","0","0","0","0","0","0","0","0","0","0","0","0","0","0","0","0","0","0","0","11","0","0","0","0","0","0","0","0","0","0","0","0","0","0","0","0","0","0","0","0","0","0"
"0x778791774be0","      HFMA2 R58, R33, R198, R58","12","0","12","270336","8650752","8650752","32","32","0","-","-","-","0","0","0","0","0","0","0","0","-","0","0","0","0","0","0","0","0","0","0","0","0","0","0","0","0","0","0","0","12","0","0","0","0","0","0","0","0","0","0","0","0","0","0","0","0","0","0","0","0","0","0"
"0x778791774bf0","      F2FP.F16.F32.PACK_AB R202, R202, R201","21","0","21","270336","8650752","8650752","32","32","0","-","-","-","0","0","0","0","0","0","0","0","-","0","0","0","0","0","0","0","0","0","0","0","0","0","0","0","0","0","0","0","21","0","0","0","0","0","0","0","0","0","0","0","0","0","0","0","0","0","0","0","0","0","0"
"0x778791774c00","      HFMA2 R57, R32, R55, R57","14","0","14","270336","8650752","8650752","32","32","0","-","-","-","0","0","0","0","0","0","0","0","-","0","0","0","0","0","0","0","0","0","0","0","0","0","0","0","0","0","0","0","14","0","0","0","0","0","0","0","0","0","0","0","0","0","0","0","0","0","0","0","0","0","0"
"0x778791774c10","      PRMT R39, R39, 0x7732, RZ","18","0","18","270336","8650752","8650752","32","32","0","-","-","-","0","0","0","0","0","0","0","0","-","0","0","0","0","0","0","0","0","4","0","0","0","0","0","0","0","0","0","0","14","0","0","0","0","0","0","0","0","0","0","0","0","0","0","0","0","0","0","0","0","0","0"
"0x778791774c20","      HFMA2 R56, R31, R53, R56","18","0","18","270336","8650752","8650752","32","32","0","-","-","-","0","0","0","0","0","0","0","0","-","0","0","0","0","0","0","0","0","0","0","0","0","0","0","0","0","0","0","0","18","0","0","0","0","0","0","0","0","0","0","0","0","0","0","0","0","0","0","0","0","0","0"
"0x778791774c30","      LOP3.LUT R214, R40, 0xffff, RZ, 0xc0, !PT","18","0","18","270336","8650752","8650752","32","32","0","-","-","-","0","0","0","0","0","0","0","0","-","0","0","0","0","0","0","0","0","0","0","0","0","0","0","0","0","0","0","0","18","0","0","0","0","0","0","0","0","0","0","0","0","0","0","0","0","0","0","0","0","0","0"
"0x778791774c40","      HFMA2 R63, R30, R52, R63","22","0","22","270336","8650752","8650752","32","32","0","-","-","-","0","0","0","0","0","0","0","0","-","0","0","0","0","0","0","0","0","0","0","0","0","0","0","0","0","0","0","0","22","0","0","0","0","0","0","0","0","0","0","0","0","0","0","0","0","0","0","0","0","0","0"
"0x778791774c50","      F2FP.F16.F32.PACK_AB R201, R204, R203","34","0","34","270336","8650752","8650752","32","32","0","-","-","-","0","0","0","0","0","0","0","0","-","0","0","0","0","0","0","0","0","11","0","0","0","0","0","0","0","0","0","0","23","0","0","0","0","0","0","0","0","0","0","0","0","0","0","0","0","0","0","0","0","0","0"
"0x778791774c60","      FMUL R204, R153, R154","9","0","9","270336","8650752","8650752","32","32","0","-","-","-","0","0","0","0","0","0","0","0","-","0","0","0","0","0","0","0","0","0","0","0","0","0","0","0","0","0","0","0","9","0","0","0","0","0","0","0","0","0","0","0","0","0","0","0","0","0","0","0","0","0","0"
"0x778791774c70","      F2FP.F16.F32.PACK_AB R200, R206, R205","35","0","35","270336","8650752","8650752","32","32","0","-","-","-","0","0","0","0","0","0","0","0","-","0","0","0","0","0","0","0","0","18","0","0","0","0","0","0","0","0","0","0","17","0","0","0","0","0","0","0","0","0","0","0","0","0","0","0","0","0","0","0","0","0","0"
"0x778791774c80","      FMUL R205, R153, R155","19","0","19","270336","8650752","8650752","32","32","0","-","-","-","0","0","0","0","0","0","0","0","-","0","0","0","0","0","0","0","0","0","0","0","0","0","0","0","0","0","0","0","19","0","0","0","0","0","0","0","0","0","0","0","0","0","0","0","0","0","0","0","0","0","0"
"0x778791774c90","      PRMT R40, R40, 0x7732, RZ","15","0","15","270336","8650752","8650752","32","32","0","-","-","-","0","0","0","0","0","0","0","0","-","0","0","0","0","0","0","0","0","0","0","0","0","0","0","0","0","0","0","0","15","0","0","0","0","0","0","0","0","0","0","0","0","0","0","0","0","0","0","0","0","0","0"
"0x778791774ca0","      IMAD.MOV.U32 R203, RZ, RZ, R209","24","0","24","270336","8650752","8650752","32","32","0","-","-","-","0","0","0","0","0","0","0","0","-","0","0","0","0","0","0","0","0","0","0","0","0","0","0","0","0","0","0","0","24","0","0","0","0","0","0","0","0","0","0","0","0","0","0","0","0","0","0","0","0","0","0"
"0x778791774cb0","      PRMT R35, R210, 0x5410, R36","14","0","14","270336","8650752","8650752","32","32","0","-","-","-","0","0","0","0","0","0","0","0","-","0","0","0","0","0","0","0","0","0","0","0","0","0","0","0","0","0","0","0","14","0","0","0","0","0","0","0","0","0","0","0","0","0","0","0","0","0","0","0","0","0","0"
"0x778791774cc0","      FMUL R206, R152, R154","20","0","20","270336","8650752","8650752","32","32","0","-","-","-","0","0","0","0","0","0","0","0","-","0","0","0","0","0","0","0","0","0","0","0","0","0","0","0","0","0","0","0","20","0","0","0","0","0","0","0","0","0","0","0","0","0","0","0","0","0","0","0","0","0","0"
"0x778791774cd0","      PRMT R36, R211, 0x5410, R37","15","0","15","270336","8650752","8650752","32","32","0","-","-","-","0","0","0","0","0","0","0","0","-","0","0","0","0","0","0","0","0","0","0","0","0","0","0","0","0","0","0","0","15","0","0","0","0","0","0","0","0","0","0","0","0","0","0","0","0","0","0","0","0","0","0"
"0x778791774ce0","      FMUL R210, R152, R174","14","0","14","270336","8650752","8650752","32","32","0","-","-","-","0","0","0","0","0","0","0","0","-","0","0","0","0","0","0","0","0","0","0","0","0","0","0","0","0","0","0","0","14","0","0","0","0","0","0","0","0","0","0","0","0","0","0","0","0","0","0","0","0","0","0"
"0x778791774cf0","      F2FP.F16.F32.PACK_AB R199, R208, R207","12","0","12","270336","8650752","8650752","32","32","0","-","-","-","0","0","0","0","0","0","0","0","-","0","0","0","0","0","0","0","0","0","0","0","0","0","0","0","0","0","0","0","12","0","0","0","0","0","0","0","0","0","0","0","0","0","0","0","0","0","0","0","0","0","0"
"0x778791774d00","      FMUL R207, R152, R155","18","0","18","270336","8650752","8650752","32","32","0","-","-","-","0","0","0","0","0","0","0","0","-","0","0","0","0","0","0","0","0","0","0","0","0","0","0","0","0","0","0","2","16","0","0","0","0","0","0","0","0","0","0","0","0","0","0","0","0","0","0","0","0","0","0"
"0x778791774d10","      PRMT R37, R212, 0x5410, R38","15","0","15","270336","8650752","8650752","32","32","0","-","-","-","0","0","0","0","0","0","0","0","-","0","0","0","0","0","0","0","0","0","0","0","0","0","0","0","0","0","0","0","15","0","0","0","0","0","0","0","0","0","0","0","0","0","0","0","0","0","0","0","0","0","0"
"0x778791774d20","      FMUL R208, R153, R174","19","0","19","270336","8650752","8650752","32","32","0","-","-","-","0","0","0","0","0","0","0","0","-","0","0","0","0","0","0","0","0","0","0","0","0","0","0","0","0","0","0","0","19","0","0","0","0","0","0","0","0","0","0","0","0","0","0","0","0","0","0","0","0","0","0"
"0x778791774d30","      LOP3.LUT R215, R41, 0xffff, RZ, 0xc0, !PT","31","0","31","270336","8650752","8650752","32","32","0","-","-","-","0","0","0","0","0","0","0","0","-","0","0","0","0","0","0","0","0","0","0","0","0","0","0","0","0","0","0","0","31","0","0","0","0","0","0","0","0","0","0","0","0","0","0","0","0","0","0","0","0","0","0"
"0x778791774d40","      FMUL R209, R153, R175","17","0","17","270336","8650752","8650752","32","32","0","-","-","-","0","0","0","0","0","0","0","0","-","0","0","0","0","0","0","0","0","0","0","0","0","0","0","0","0","0","0","0","17","0","0","0","0","0","0","0","0","0","0","0","0","0","0","0","0","0","0","0","0","0","0"
"0x778791774d50","      PRMT R38, R213, 0x5410, R39","14","0","14","270336","8650752","8650752","32","32","0","-","-","-","0","0","0","0","0","0","0","0","-","0","0","0","0","0","0","0","0","0","0","0","0","0","0","0","0","0","0","0","14","0","0","0","0","0","0","0","0","0","0","0","0","0","0","0","0","0","0","0","0","0","0"
"0x778791774d60","      FMUL R211, R152, R175","34","0","34","270336","8650752","8650752","32","32","0","-","-","-","0","0","0","0","0","0","0","0","-","0","0","0","0","0","0","0","0","10","0","0","0","0","0","0","0","0","0","0","24","0","0","0","0","0","0","0","0","0","0","0","0","0","0","0","0","0","0","0","0","0","0"
"0x778791774d70","      PRMT R41, R41, 0x7732, RZ","14","0","14","270336","8650752","8650752","32","32","0","-","-","-","0","0","0","0","0","0","0","0","-","0","0","0","0","0","0","0","0","0","0","0","0","0","0","0","0","0","0","0","14","0","0","0","0","0","0","0","0","0","0","0","0","0","0","0","0","0","0","0","0","0","0"
"0x778791774d80","      FMUL R212, R153, R176","9","0","9","270336","8650752","8650752","32","32","0","-","-","-","0","0","0","0","0","0","0","0","-","0","0","0","0","0","0","0","0","0","0","0","0","0","0","0","0","0","0","0","9","0","0","0","0","0","0","0","0","0","0","0","0","0","0","0","0","0","0","0","0","0","0"
"0x778791774d90","      LOP3.LUT R216, R42, 0xffff, RZ, 0xc0, !PT","21","0","21","270336","8650752","8650752","32","32","0","-","-","-","0","0","0","0","0","0","0","0","-","0","0","0","0","0","0","0","0","0","0","0","0","0","0","0","0","0","0","0","21","0","0","0","0","0","0","0","0","0","0","0","0","0","0","0","0","0","0","0","0","0","0"
"0x778791774da0","      FMUL R213, R153, R177","35","0","35","270336","8650752","8650752","32","32","0","-","-","-","0","0","0","0","0","0","0","0","-","0","0","0","0","0","0","0","0","18","0","0","0","0","0","0","0","0","0","0","17","0","0","0","0","0","0","0","0","0","0","0","0","0","0","0","0","0","0","0","0","0","0"
"0x778791774db0","      PRMT R39, R214, 0x5410, R40","18","0","18","270336","8650752","8650752","32","32","0","-","-","-","0","0","0","0","0","0","0","0","-","0","0","0","0","0","0","0","0","0","0","0","0","0","0","0","0","0","0","0","18","0","0","0","0","0","0","0","0","0","0","0","0","0","0","0","0","0","0","0","0","0","0"
"0x778791774dc0","      HFMA2 R21, R36, R2, R21","23","0","23","270336","8650752","8650752","32","32","0","-","-","-","0","0","0","0","0","0","0","0","-","0","0","0","0","0","0","0","0","0","0","0","0","0","0","0","0","0","0","0","23","0","0","0","0","0","0","0","0","0","0","0","0","0","0","0","0","0","0","0","0","0","0"
"0x778791774dd0","      PRMT R42, R42, 0x7732, RZ","16","0","16","270336","8650752","8650752","32","32","0","-","-","-","0","0","0","0","0","0","0","0","-","0","0","0","0","0","0","0","0","0","0","0","0","0","0","0","0","0","0","0","16","0","0","0","0","0","0","0","0","0","0","0","0","0","0","0","0","0","0","0","0","0","0"
"0x778791774de0","      HFMA2 R20, R35, R3, R20","8","0","8","270336","8650752","8650752","32","32","0","-","-","-","0","0","0","0","0","0","0","0","-","0","0","0","0","0","0","0","0","0","0","0","0","0","0","0","0","0","0","0","8","0","0","0","0","0","0","0","0","0","0","0","0","0","0","0","0","0","0","0","0","0","0"
"0x778791774df0","      LOP3.LUT R217, R43, 0xffff, RZ, 0xc0, !PT","16","0","16","270336","8650752","8650752","32","32","0","-","-","-","0","0","0","0","0","0","0","0","-","0","0","0","0","0","0","0","0","0","0","0","0","0","0","0","0","0","0","0","16","0","0","0","0","0","0","0","0","0","0","0","0","0","0","0","0","0","0","0","0","0","0"
"0x778791774e00","      HFMA2 R62, R29, R203, R62","19","1","19","270336","8650752","8650752","32","32","0","-","-","-","0","0","0","0","0","0","0","0","-","0","0","0","0","0","0","0","0","0","0","0","0","0","3","0","0","0","0","2","14","0","0","0","0","0","0","0","0","0","0","0","1","0","0","0","0","0","0","0","0","0","0"
"0x778791774e10","      F2FP.F16.F32.PACK_AB R214, R205, R204","18","0","18","270336","8650752","8650752","32","32","0","-","-","-","0","0","0","0","0","0","0","0","-","0","0","0","0","0","0","0","0","0","0","0","0","0","0","0","0","0","0","0","18","0","0","0","0","0","0","0","0","0","0","0","0","0","0","0","0","0","0","0","0","0","0"
"0x778791774e20","      HFMA2 R61, R28, R202, R61","18","0","18","270336","8650752","8650752","32","32","0","-","-","-","0","0","0","0","0","0","0","0","-","0","0","0","0","0","0","0","0","0","0","0","0","0","0","0","0","0","0","0","18","0","0","0","0","0","0","0","0","0","0","0","0","0","0","0","0","0","0","0","0","0","0"
"0x778791774e30","      PRMT R43, R43, 0x7732, RZ","21","0","21","270336","8650752","8650752","32","32","0","-","-","-","0","0","0","0","0","0","0","0","-","0","0","0","0","0","0","0","0","0","0","0","0","0","0","0","0","0","0","0","21","0","0","0","0","0","0","0","0","0","0","0","0","0","0","0","0","0","0","0","0","0","0"
"0x778791774e40","      HFMA2 R60, R27, R201, R60","12","0","12","270336","8650752","8650752","32","32","0","-","-","-","0","0","0","0","0","0","0","0","-","0","0","0","0","0","0","0","0","0","0","0","0","0","0","0","0","0","0","0","12","0","0","0","0","0","0","0","0","0","0","0","0","0","0","0","0","0","0","0","0","0","0"
"0x778791774e50","      LOP3.LUT R218, R44, 0xffff, RZ, 0xc0, !PT","48","0","48","270336","8650752","8650752","32","32","0","-","-","-","0","0","0","0","0","0","0","0","-","0","0","0","0","0","0","0","0","20","0","0","0","0","0","0","0","0","0","0","28","0","0","0","0","0","0","0","0","0","0","0","0","0","0","0","0","0","0","0","0","0","0"
"0x778791774e60","      HFMA2 R67, R26, R200, R67","20","0","20","270336","8650752","8650752","32","32","0","-","-","-","0","0","0","0","0","0","0","0","-","0","0","0","0","0","0","0","0","0","0","0","0","0","0","0","0","0","0","0","20","0","0","0","0","0","0","0","0","0","0","0","0","0","0","0","0","0","0","0","0","0","0"
"0x778791774e70","      PRMT R44, R44, 0x7732, RZ","21","0","21","270336","8650752","8650752","32","32","0","-","-","-","0","0","0","0","0","0","0","0","-","0","0","0","0","0","0","0","0","0","0","0","0","0","0","0","0","0","0","0","21","0","0","0","0","0","0","0","0","0","0","0","0","0","0","0","0","0","0","0","0","0","0"
"0x778791774e80","      HFMA2 R66, R25, R199, R66","27","0","27","270336","8650752","8650752","32","32","0","-","-","-","0","0","0","0","0","0","0","0","-","0","0","0","0","0","0","0","0","0","0","0","0","0","0","0","0","0","2","1","24","0","0","0","0","0","0","0","0","0","0","0","0","0","0","0","0","0","0","0","0","0","0"
"0x778791774e90","      F2FP.F16.F32.PACK_AB R207, R207, R206","39","0","39","270336","8650752","8650752","32","32","0","-","-","-","0","0","0","0","0","0","0","0","-","0","0","0","0","0","0","0","0","22","0","0","0","0","0","0","0","0","0","0","17","0","0","0","0","0","0","0","0","0","0","0","0","0","0","0","0","0","0","0","0","0","0"
"0x778791774ea0","      LOP3.LUT R219, R45, 0xffff, RZ, 0xc0, !PT","407","17","407","270336","8650752","8650752","32","32","0","-","-","-","0","0","0","0","0","0","0","0","-","0","0","0","0","0","0","0","0","16","0","0","0","0","177","0","0","0","0","182","12","0","0","0","20","0","0","0","0","0","0","0","7","0","0","0","0","0","0","0","0","0","10"
"0x778791774eb0","      PRMT R40, R215, 0x5410, R41","48","2","48","270336","8650752","8650752","32","32","0","-","-","-","0","0","0","0","0","0","0","0","-","0","0","0","0","0","0","0","0","0","0","0","0","0","0","0","0","0","0","13","21","0","0","0","14","0","0","0","0","0","0","0","0","0","0","0","0","0","0","0","0","0","2"
"0x778791774ec0","      FMUL R215, R153, R180","21","0","21","270336","8650752","8650752","32","32","0","-","-","-","0","0","0","0","0","0","0","0","-","0","0","0","0","0","0","0","0","0","0","0","0","0","0","0","0","0","0","0","21","0","0","0","0","0","0","0","0","0","0","0","0","0","0","0","0","0","0","0","0","0","0"
"0x778791774ed0","      F2FP.F16.F32.PACK_AB R206, R209, R208","16","0","16","270336","8650752","8650752","32","32","0","-","-","-","0","0","0","0","0","0","0","0","-","0","0","0","0","0","0","0","0","0","0","0","0","0","0","0","0","0","0","0","16","0","0","0","0","0","0","0","0","0","0","0","0","0","0","0","0","0","0","0","0","0","0"
"0x778791774ee0","      FMUL R209, R152, R176","23","0","23","270336","8650752","8650752","32","32","0","-","-","-","0","0","0","0","0","0","0","0","-","0","0","0","0","0","0","0","0","0","0","0","0","0","0","0","0","0","0","0","23","0","0","0","0","0","0","0","0","0","0","0","0","0","0","0","0","0","0","0","0","0","0"
"0x778791774ef0","      F2FP.F16.F32.PACK_AB R205, R211, R210","22","0","22","270336","8650752","8650752","32","32","0","-","-","-","0","0","0","0","0","0","0","0","-","0","0","0","0","0","0","0","0","0","0","0","0","0","0","0","0","0","0","0","22","0","0","0","0","0","0","0","0","0","0","0","0","0","0","0","0","0","0","0","0","0","0"
"0x778791774f00","      FMUL R210, R152, R177","18","0","18","270336","8650752","8650752","32","32","0","-","-","-","0","0","0","0","0","0","0","0","-","0","0","0","0","0","0","0","0","0","0","0","0","0","0","0","0","0","0","0","18","0","0","0","0","0","0","0","0","0","0","0","0","0","0","0","0","0","0","0","0","0","0"
"0x778791774f10","      PRMT R45, R45, 0x7732, RZ","14","0","14","270336","8650752","8650752","32","32","0","-","-","-","0","0","0","0","0","0","0","0","-","0","0","0","0","0","0","0","0","0","0","0","0","0","0","0","0","0","0","0","14","0","0","0","0","0","0","0","0","0","0","0","0","0","0","0","0","0","0","0","0","0","0"
"0x778791774f20","      IMAD.MOV.U32 R208, RZ, RZ, R214","18","0","18","270336","8650752","8650752","32","32","0","-","-","-","0","0","0","0","0","0","0","0","-","0","0","0","0","0","0","0","0","0","0","0","0","0","0","0","0","0","0","0","18","0","0","0","0","0","0","0","0","0","0","0","0","0","0","0","0","0","0","0","0","0","0"
"0x778791774f30","      LOP3.LUT R220, R46, 0xffff, RZ, 0xc0, !PT","14","0","14","270336","8650752","8650752","32","32","0","-","-","-","0","0","0","0","0","0","0","0","-","0","0","0","0","0","0","0","0","0","0","0","0","0","0","0","0","0","0","0","14","0","0","0","0","0","0","0","0","0","0","0","0","0","0","0","0","0","0","0","0","0","0"
"0x778791774f40","      FMUL R211, R153, R178","12","0","12","270336","8650752","8650752","32","32","0","-","-","-","0","0","0","0","0","0","0","0","-","0","0","0","0","0","0","0","0","0","0","0","0","0","0","0","0","0","0","0","12","0","0","0","0","0","0","0","0","0","0","0","0","0","0","0","0","0","0","0","0","0","0"
"0x778791774f50","      PRMT R41, R216, 0x5410, R42","8","0","8","270336","8650752","8650752","32","32","0","-","-","-","0","0","0","0","0","0","0","0","-","0","0","0","0","0","0","0","0","0","0","0","0","0","0","0","0","0","0","0","8","0","0","0","0","0","0","0","0","0","0","0","0","0","0","0","0","0","0","0","0","0","0"
"0x778791774f60","      FMUL R214, R152, R179","19","0","19","270336","8650752","8650752","32","32","0","-","-","-","0","0","0","0","0","0","0","0","-","0","0","0","0","0","0","0","0","0","0","0","0","0","0","0","0","0","0","0","19","0","0","0","0","0","0","0","0","0","0","0","0","0","0","0","0","0","0","0","0","0","0"
"0x778791774f70","      F2FP.F16.F32.PACK_AB R204, R213, R212","11","0","11","270336","8650752","8650752","32","32","0","-","-","-","0","0","0","0","0","0","0","0","-","0","0","0","0","0","0","0","0","0","0","0","0","0","0","0","0","0","0","0","11","0","0","0","0","0","0","0","0","0","0","0","0","0","0","0","0","0","0","0","0","0","0"
"0x778791774f80","      FMUL R212, R153, R179","16","0","16","270336","8650752","8650752","32","32","0","-","-","-","0","0","0","0","0","0","0","0","-","0","0","0","0","0","0","0","0","0","0","0","0","0","0","0","0","0","0","0","16","0","0","0","0","0","0","0","0","0","0","0","0","0","0","0","0","0","0","0","0","0","0"
"0x778791774f90","      PRMT R46, R46, 0x7732, RZ","12","0","12","270336","8650752","8650752","32","32","0","-","-","-","0","0","0","0","0","0","0","0","-","0","0","0","0","0","0","0","0","0","0","0","0","0","0","0","0","0","0","0","12","0","0","0","0","0","0","0","0","0","0","0","0","0","0","0","0","0","0","0","0","0","0"
"0x778791774fa0","      FMUL R213, R152, R178","8","0","8","270336","8650752","8650752","32","32","0","-","-","-","0","0","0","0","0","0","0","0","-","0","0","0","0","0","0","0","0","0","0","0","0","0","0","0","0","0","0","0","8","0","0","0","0","0","0","0","0","0","0","0","0","0","0","0","0","0","0","0","0","0","0"
"0x778791774fb0","      LOP3.LUT R221, R47, 0xffff, RZ, 0xc0, !PT","20","0","20","270336","8650752","8650752","32","32","0","-","-","-","0","0","0","0","0","0","0","0","-","0","0","0","0","0","0","0","0","0","0","0","0","0","0","0","0","0","0","0","20","0","0","0","0","0","0","0","0","0","0","0","0","0","0","0","0","0","0","0","0","0","0"
"0x778791774fc0","      FMUL R216, R153, R181","12","0","12","270336","8650752","8650752","32","32","0","-","-","-","0","0","0","0","0","0","0","0","-","0","0","0","0","0","0","0","0","0","0","0","0","0","0","0","0","0","0","0","12","0","0","0","0","0","0","0","0","0","0","0","0","0","0","0","0","0","0","0","0","0","0"
"0x778791774fd0","      PRMT R42, R217, 0x5410, R43","10","0","10","270336","8650752","8650752","32","32","0","-","-","-","0","0","0","0","0","0","0","0","-","0","0","0","0","0","0","0","0","0","0","0","0","0","0","0","0","0","0","0","10","0","0","0","0","0","0","0","0","0","0","0","0","0","0","0","0","0","0","0","0","0","0"
"0x778791774fe0","      FMUL R217, R152, R180","16","0","16","270336","8650752","8650752","32","32","0","-","-","-","0","0","0","0","0","0","0","0","-","0","0","0","0","0","0","0","0","0","0","0","0","0","0","0","0","0","0","0","16","0","0","0","0","0","0","0","0","0","0","0","0","0","0","0","0","0","0","0","0","0","0"
"0x778791774ff0","      PRMT R47, R47, 0x7732, RZ","20","0","20","270336","8650752","8650752","32","32","0","-","-","-","0","0","0","0","0","0","0","0","-","0","0","0","0","0","0","0","0","0","0","0","0","0","0","0","0","0","0","0","20","0","0","0","0","0","0","0","0","0","0","0","0","0","0","0","0","0","0","0","0","0","0"
"0x778791775000","      HFMA2 R65, R24, R208, R65","18","0","18","270336","8650752","8650752","32","32","0","-","-","-","0","0","0","0","0","0","0","0","-","0","0","0","0","0","0","0","0","0","0","0","0","0","3","0","0","0","2","0","13","0","0","0","0","0","0","0","0","0","0","0","0","0","0","0","0","0","0","0","0","0","0"
"0x778791775010","      LOP3.LUT R222, R48, 0xffff, RZ, 0xc0, !PT","17","0","17","270336","8650752","8650752","32","32","0","-","-","-","0","0","0","0","0","0","0","0","-","0","0","0","0","0","0","0","0","0","0","0","0","0","0","0","0","0","0","0","17","0","0","0","0","0","0","0","0","0","0","0","0","0","0","0","0","0","0","0","0","0","0"
"0x778791775020","      HFMA2 R64, R231, R207, R64","18","0","18","270336","8650752","8650752","32","32","0","-","-","-","0","0","0","0","0","0","0","0","-","0","0","0","0","0","0","0","0","0","0","0","0","0","0","0","0","0","0","0","18","0","0","0","0","0","0","0","0","0","0","0","0","0","0","0","0","0","0","0","0","0","0"
"0x778791775030","      PRMT R43, R218, 0x5410, R44","11","0","11","270336","8650752","8650752","32","32","0","-","-","-","0","0","0","0","0","0","0","0","-","0","0","0","0","0","0","0","0","0","0","0","0","0","0","0","0","0","0","0","11","0","0","0","0","0","0","0","0","0","0","0","0","0","0","0","0","0","0","0","0","0","0"
"0x778791775040","      FMUL R218, R152, R181","22","0","22","270336","8650752","8650752","32","32","0","-","-","-","0","0","0","0","0","0","0","0","-","0","0","0","0","0","0","0","0","0","0","0","0","0","0","0","0","0","0","0","22","0","0","0","0","0","0","0","0","0","0","0","0","0","0","0","0","0","0","0","0","0","0"
"0x778791775050","      PRMT R48, R48, 0x7732, RZ","16","0","16","270336","8650752","8650752","32","32","0","-","-","-","0","0","0","0","0","0","0","0","-","0","0","0","0","0","0","0","0","0","0","0","0","0","0","0","0","0","0","0","16","0","0","0","0","0","0","0","0","0","0","0","0","0","0","0","0","0","0","0","0","0","0"
"0x778791775060","      HFMA2 R23, R38, R206, R23","20","0","20","270336","8650752","8650752","32","32","0","-","-","-","0","0","0","0","0","0","0","0","-","0","0","0","0","0","0","0","0","0","0","0","0","0","0","0","0","0","0","0","20","0","0","0","0","0","0","0","0","0","0","0","0","0","0","0","0","0","0","0","0","0","0"
"0x778791775070","      LOP3.LUT R223, R49, 0xffff, RZ, 0xc0, !PT","12","0","12","270336","8650752","8650752","32","32","0","-","-","-","0","0","0","0","0","0","0","0","-","0","0","0","0","0","0","0","0","0","0","0","0","0","0","0","0","0","0","0","12","0","0","0","0","0","0","0","0","0","0","0","0","0","0","0","0","0","0","0","0","0","0"
"0x778791775080","      HFMA2 R22, R37, R205, R22","34","0","34","270336","8650752","8650752","32","32","0","-","-","-","0","0","0","0","0","0","0","0","-","0","0","0","0","0","0","0","0","17","0","0","0","0","3","0","0","0","0","0","14","0","0","0","0","0","0","0","0","0","0","0","0","0","0","0","0","0","0","0","0","0","0"
"0x778791775090","      PRMT R49, R49, 0x7732, RZ","19","0","19","270336","8650752","8650752","32","32","0","-","-","-","0","0","0","0","0","0","0","0","-","0","0","0","0","0","0","0","0","0","0","0","0","0","0","0","0","0","0","0","19","0","0","0","0","0","0","0","0","0","0","0","0","0","0","0","0","0","0","0","0","0","0"
"0x7787917750a0","      HFMA2 R17, R40, R204, R17","13","0","13","270336","8650752","8650752","32","32","0","-","-","-","0","0","0","0","0","0","0","0","-","0","0","0","0","0","0","0","0","0","0","0","0","0","0","0","0","0","0","0","13","0","0","0","0","0","0","0","0","0","0","0","0","0","0","0","0","0","0","0","0","0","0"
"0x7787917750b0","      PRMT R44, R219, 0x5410, R45","28","0","28","270336","8650752","8650752","32","32","0","-","-","-","0","0","0","0","0","0","0","0","-","0","0","0","0","0","0","0","0","14","0","0","0","0","0","0","0","0","0","0","14","0","0","0","0","0","0","0","0","0","0","0","0","0","0","0","0","0","0","0","0","0","0"
"0x7787917750c0","      FMUL R219, R153, R185","14","0","14","270336","8650752","8650752","32","32","0","-","-","-","0","0","0","0","0","0","0","0","-","0","0","0","0","0","0","0","0","0","0","0","0","0","0","0","0","0","0","0","14","0","0","0","0","0","0","0","0","0","0","0","0","0","0","0","0","0","0","0","0","0","0"
"0x7787917750d0","      PRMT R45, R220, 0x5410, R46","21","0","21","270336","8650752","8650752","32","32","0","-","-","-","0","0","0","0","0","0","0","0","-","0","0","0","0","0","0","0","0","0","0","0","0","0","0","0","0","0","0","0","21","0","0","0","0","0","0","0","0","0","0","0","0","0","0","0","0","0","0","0","0","0","0"
"0x7787917750e0","      FMUL R220, R152, R184","12","0","12","270336","8650752","8650752","32","32","0","-","-","-","0","0","0","0","0","0","0","0","-","0","0","0","0","0","0","0","0","0","0","0","0","0","0","0","0","0","0","0","12","0","0","0","0","0","0","0","0","0","0","0","0","0","0","0","0","0","0","0","0","0","0"
"0x7787917750f0","      F2FP.F16.F32.PACK_AB R209, R210, R209","16","0","16","270336","8650752","8650752","32","32","0","-","-","-","0","0","0","0","0","0","0","0","-","0","0","0","0","0","0","0","0","0","0","0","0","0","0","0","0","0","0","0","16","0","0","0","0","0","0","0","0","0","0","0","0","0","0","0","0","0","0","0","0","0","0"
"0x778791775100","      PRMT R46, R221, 0x5410, R47","693","40","693","270336","8650752","8650752","32","32","0","-","-","-","0","0","0","0","0","0","0","0","-","0","0","0","0","0","0","0","0","41","0","0","0","0","303","0","0","0","0","283","16","0","0","0","50","0","0","2","0","0","0","0","33","0","0","0","0","0","0","0","0","0","5"
"0x778791775110","      FMUL R221, R152, R185","17","0","17","270336","8650752","8650752","32","32","0","-","-","-","0","0","0","0","0","0","0","0","-","0","0","0","0","0","0","0","0","0","0","0","0","0","0","0","0","0","0","0","17","0","0","0","0","0","0","0","0","0","0","0","0","0","0","0","0","0","0","0","0","0","0"
"0x778791775120","      F2FP.F16.F32.PACK_AB R210, R212, R211","15","0","15","270336","8650752","8650752","32","32","0","-","-","-","0","0","0","0","0","0","0","0","-","0","0","0","0","0","0","0","0","0","0","0","0","0","0","0","0","0","0","0","15","0","0","0","0","0","0","0","0","0","0","0","0","0","0","0","0","0","0","0","0","0","0"
"0x778791775130","      HFMA2 R16, R39, R209, R16","14","0","14","270336","8650752","8650752","32","32","0","-","-","-","0","0","0","0","0","0","0","0","-","0","0","0","0","0","0","0","0","0","0","0","0","0","0","0","0","0","0","0","14","0","0","0","0","0","0","0","0","0","0","0","0","0","0","0","0","0","0","0","0","0","0"
"0x778791775140","      PRMT R47, R222, 0x5410, R48","18","0","18","270336","8650752","8650752","32","32","0","-","-","-","0","0","0","0","0","0","0","0","-","0","0","0","0","0","0","0","0","0","0","0","0","0","0","0","0","0","0","0","18","0","0","0","0","0","0","0","0","0","0","0","0","0","0","0","0","0","0","0","0","0","0"
"0x778791775150","      FMUL R222, R153, R186","16","0","16","270336","8650752","8650752","32","32","0","-","-","-","0","0","0","0","0","0","0","0","-","0","0","0","0","0","0","0","0","0","0","0","0","0","0","0","0","0","0","0","16","0","0","0","0","0","0","0","0","0","0","0","0","0","0","0","0","0","0","0","0","0","0"
"0x778791775160","      F2FP.F16.F32.PACK_AB R211, R214, R213","21","0","21","270336","8650752","8650752","32","32","0","-","-","-","0","0","0","0","0","0","0","0","-","0","0","0","0","0","0","0","0","0","0","0","0","0","0","0","0","0","0","0","21","0","0","0","0","0","0","0","0","0","0","0","0","0","0","0","0","0","0","0","0","0","0"
"0x778791775170","      FMUL R214, R153, R182","15","0","15","270336","8650752","8650752","32","32","0","-","-","-","0","0","0","0","0","0","0","0","-","0","0","0","0","0","0","0","0","0","0","0","0","0","0","0","0","0","0","0","15","0","0","0","0","0","0","0","0","0","0","0","0","0","0","0","0","0","0","0","0","0","0"
"0x778791775180","      PRMT R48, R223, 0x5410, R49","20","0","20","270336","8650752","8650752","32","32","0","-","-","-","0","0","0","0","0","0","0","0","-","0","0","0","0","0","0","0","0","8","0","0","0","0","0","0","0","0","0","0","12","0","0","0","0","0","0","0","0","0","0","0","0","0","0","0","0","0","0","0","0","0","0"
"0x778791775190","      FMUL R223, R153, R187","13","0","13","270336","8650752","8650752","32","32","0","-","-","-","0","0","0","0","0","0","0","0","-","0","0","0","0","0","0","0","0","0","0","0","0","0","0","0","0","0","0","0","13","0","0","0","0","0","0","0","0","0","0","0","0","0","0","0","0","0","0","0","0","0","0"
"0x7787917751a0","      F2FP.F16.F32.PACK_AB R212, R216, R215","14","0","14","270336","8650752","8650752","32","32","0","-","-","-","0","0","0","0","0","0","0","0","-","0","0","0","0","0","0","0","0","0","0","0","0","0","0","0","0","0","0","0","14","0","0","0","0","0","0","0","0","0","0","0","0","0","0","0","0","0","0","0","0","0","0"
"0x7787917751b0","      FMUL R216, R152, R182","15","0","15","270336","8650752","8650752","32","32","0","-","-","-","0","0","0","0","0","0","0","0","-","0","0","0","0","0","0","0","0","0","0","0","0","0","0","0","0","0","0","0","15","0","0","0","0","0","0","0","0","0","0","0","0","0","0","0","0","0","0","0","0","0","0"
"0x7787917751c0","      F2FP.F16.F32.PACK_AB R213, R218, R217","9","0","9","270336","8650752","8650752","32","32","0","-","-","-","0","0","0","0","0","0","0","0","-","0","0","0","0","0","0","0","0","0","0","0","0","0","0","0","0","0","0","0","9","0","0","0","0","0","0","0","0","0","0","0","0","0","0","0","0","0","0","0","0","0","0"
"0x7787917751d0","      FMUL R218, R153, R184","16","0","16","270336","8650752","8650752","32","32","0","-","-","-","0","0","0","0","0","0","0","0","-","0","0","0","0","0","0","0","0","0","0","0","0","0","0","0","0","0","0","0","16","0","0","0","0","0","0","0","0","0","0","0","0","0","0","0","0","0","0","0","0","0","0"
"0x7787917751e0","      FMUL R215, R153, R183","17","0","17","270336","8650752","8650752","32","32","0","-","-","-","0","0","0","0","0","0","0","0","-","0","0","0","0","0","0","0","0","0","0","0","0","0","0","0","0","0","0","0","17","0","0","0","0","0","0","0","0","0","0","0","0","0","0","0","0","0","0","0","0","0","0"
"0x7787917751f0","      FMUL R217, R152, R183","18","0","18","270336","8650752","8650752","32","32","0","-","-","-","0","0","0","0","0","0","0","0","-","0","0","0","0","0","0","0","0","0","0","0","0","0","0","0","0","0","0","0","18","0","0","0","0","0","0","0","0","0","0","0","0","0","0","0","0","0","0","0","0","0","0"
"0x778791775200","      LOP3.LUT R224, R50, 0xffff, RZ, 0xc0, !PT","20","0","20","270336","8650752","8650752","32","32","0","-","-","-","0","0","0","0","0","0","0","0","-","0","0","0","0","0","0","0","0","0","0","0","0","0","0","0","0","0","0","0","20","0","0","0","0","0","0","0","0","0","0","0","0","0","0","0","0","0","0","0","0","0","0"
"0x778791775210","      HFMA2 R19, R42, R210, R19","19","0","19","270336","8650752","8650752","32","32","0","-","-","-","0","0","0","0","0","0","0","0","-","0","0","0","0","0","0","0","0","0","0","0","0","0","0","0","0","0","0","0","19","0","0","0","0","0","0","0","0","0","0","0","0","0","0","0","0","0","0","0","0","0","0"
"0x778791775220","      PRMT R50, R50, 0x7732, RZ","17","0","17","270336","8650752","8650752","32","32","0","-","-","-","0","0","0","0","0","0","0","0","-","0","0","0","0","0","0","0","0","0","0","0","0","0","0","0","0","0","0","0","17","0","0","0","0","0","0","0","0","0","0","0","0","0","0","0","0","0","0","0","0","0","0"
"0x778791775230","      HFMA2 R18, R41, R211, R18","11","0","11","270336","8650752","8650752","32","32","0","-","-","-","0","0","0","0","0","0","0","0","-","0","0","0","0","0","0","0","0","0","0","0","0","0","0","0","0","0","0","0","11","0","0","0","0","0","0","0","0","0","0","0","0","0","0","0","0","0","0","0","0","0","0"
"0x778791775240","      F2FP.F16.F32.PACK_AB R214, R215, R214","21","0","21","270336","8650752","8650752","32","32","0","-","-","-","0","0","0","0","0","0","0","0","-","0","0","0","0","0","0","0","0","0","0","0","0","0","0","0","0","0","0","0","21","0","0","0","0","0","0","0","0","0","0","0","0","0","0","0","0","0","0","0","0","0","0"
"0x778791775250","      FMUL R215, R152, R187","15","0","15","270336","8650752","8650752","32","32","0","-","-","-","0","0","0","0","0","0","0","0","-","0","0","0","0","0","0","0","0","0","0","0","0","0","0","0","0","0","0","0","15","0","0","0","0","0","0","0","0","0","0","0","0","0","0","0","0","0","0","0","0","0","0"
"0x778791775260","      F2FP.F16.F32.PACK_AB R216, R217, R216","15","0","15","270336","8650752","8650752","32","32","0","-","-","-","0","0","0","0","0","0","0","0","-","0","0","0","0","0","0","0","0","0","0","0","0","0","0","0","0","0","0","0","15","0","0","0","0","0","0","0","0","0","0","0","0","0","0","0","0","0","0","0","0","0","0"
"0x778791775270","      FMUL R217, R153, R189","16","0","16","270336","8650752","8650752","32","32","0","-","-","-","0","0","0","0","0","0","0","0","-","0","0","0","0","0","0","0","0","0","0","0","0","0","0","0","0","0","0","0","16","0","0","0","0","0","0","0","0","0","0","0","0","0","0","0","0","0","0","0","0","0","0"
"0x778791775280","      F2FP.F16.F32.PACK_AB R218, R219, R218","57","3","57","270336","8650752","8650752","32","32","0","-","-","-","0","0","0","0","0","0","0","0","-","0","0","0","0","0","0","0","0","6","0","0","0","0","18","0","0","0","0","17","16","0","0","0","0","0","0","2","0","0","0","0","1","0","0","0","0","0","0","0","0","0","0"
"0x778791775290","      FMUL R219, R152, R189","17","0","17","270336","8650752","8650752","32","32","0","-","-","-","0","0","0","0","0","0","0","0","-","0","0","0","0","0","0","0","0","0","0","0","0","0","0","0","0","0","0","0","17","0","0","0","0","0","0","0","0","0","0","0","0","0","0","0","0","0","0","0","0","0","0"
"0x7787917752a0","      F2FP.F16.F32.PACK_AB R220, R221, R220","20","0","20","270336","8650752","8650752","32","32","0","-","-","-","0","0","0","0","0","0","0","0","-","0","0","0","0","0","0","0","0","0","0","0","0","0","0","0","0","0","0","0","20","0","0","0","0","0","0","0","0","0","0","0","0","0","0","0","0","0","0","0","0","0","0"
"0x7787917752b0","      FMUL R221, R153, R191","14","0","14","270336","8650752","8650752","32","32","0","-","-","-","0","0","0","0","0","0","0","0","-","0","0","0","0","0","0","0","0","0","0","0","0","0","0","0","0","0","0","0","14","0","0","0","0","0","0","0","0","0","0","0","0","0","0","0","0","0","0","0","0","0","0"
"0x7787917752c0","      F2FP.F16.F32.PACK_AB R222, R223, R222","37","0","37","270336","8650752","8650752","32","32","0","-","-","-","0","0","0","0","0","0","0","0","-","0","0","0","0","0","0","0","0","16","0","0","0","0","0","0","0","0","0","0","21","0","0","0","0","0","0","0","0","0","0","0","0","0","0","0","0","0","0","0","0","0","0"
"0x7787917752d0","      FMUL R223, R152, R191","14","0","14","270336","8650752","8650752","32","32","0","-","-","-","0","0","0","0","0","0","0","0","-","0","0","0","0","0","0","0","0","0","0","0","0","0","0","0","0","0","0","0","14","0","0","0","0","0","0","0","0","0","0","0","0","0","0","0","0","0","0","0","0","0","0"
"0x7787917752e0","      PLOP3.LUT P5, PT, PT, PT, UP0, 0x80, 0x0","8","0","8","270336","8650752","8650752","32","32","0","-","-","-","0","0","0","0","0","0","0","0","-","0","0","0","0","0","0","0","0","0","0","0","0","0","0","0","0","0","0","0","8","0","0","0","0","0","0","0","0","0","0","0","0","0","0","0","0","0","0","0","0","0","0"
"0x7787917752f0","      HFMA2 R13, R44, R212, R13","10","0","10","270336","8650752","8650752","32","32","0","-","-","-","0","0","0","0","0","0","0","0","-","0","0","0","0","0","0","0","0","0","0","0","0","0","0","0","0","0","0","0","10","0","0","0","0","0","0","0","0","0","0","0","0","0","0","0","0","0","0","0","0","0","0"
"0x778791775300","      PRMT R49, R224, 0x5410, R50","31","1","31","270336","8650752","8650752","32","32","0","-","-","-","0","0","0","0","0","0","0","0","-","0","0","0","0","0","0","0","0","0","0","0","0","0","5","0","0","0","0","5","21","0","0","0","0","0","0","0","0","0","0","0","1","0","0","0","0","0","0","0","0","0","0"
"0x778791775310","      IMAD.MOV.U32 R224, RZ, RZ, R214","16","0","16","270336","8650752","8650752","32","32","0","-","-","-","0","0","0","0","0","0","0","0","-","0","0","0","0","0","0","0","0","0","0","0","0","0","0","0","0","0","0","0","16","0","0","0","0","0","0","0","0","0","0","0","0","0","0","0","0","0","0","0","0","0","0"
"0x778791775320","      PRMT R50, R225, 0x5410, R226","20","0","20","270336","8650752","8650752","32","32","0","-","-","-","0","0","0","0","0","0","0","0","-","0","0","0","0","0","0","0","0","0","0","0","0","0","0","0","0","0","0","0","20","0","0","0","0","0","0","0","0","0","0","0","0","0","0","0","0","0","0","0","0","0","0"
"0x778791775330","      IMAD.MOV.U32 R225, RZ, RZ, R216","14","0","14","270336","8650752","8650752","32","32","0","-","-","-","0","0","0","0","0","0","0","0","-","0","0","0","0","0","0","0","0","0","0","0","0","0","0","0","0","0","0","0","14","0","0","0","0","0","0","0","0","0","0","0","0","0","0","0","0","0","0","0","0","0","0"
"0x778791775340","      PRMT R229, R229, 0x5410, R230","12","0","12","270336","8650752","8650752","32","32","0","-","-","-","0","0","0","0","0","0","0","0","-","0","0","0","0","0","0","0","0","0","0","0","0","0","0","0","0","0","0","0","12","0","0","0","0","0","0","0","0","0","0","0","0","0","0","0","0","0","0","0","0","0","0"
"0x778791775350","      IMAD.MOV.U32 R226, RZ, RZ, R218","10","0","10","270336","8650752","8650752","32","32","0","-","-","-","0","0","0","0","0","0","0","0","-","0","0","0","0","0","0","0","0","0","0","0","0","0","0","0","0","0","0","0","10","0","0","0","0","0","0","0","0","0","0","0","0","0","0","0","0","0","0","0","0","0","0"
"0x778791775360","      FMUL R218, R152, R188","265","7","265","270336","8650752","8650752","32","32","0","-","-","-","0","0","0","0","0","0","0","0","-","0","0","0","0","0","0","0","0","1","0","0","0","0","98","0","0","0","0","129","22","0","0","0","15","0","0","0","0","0","0","0","7","0","0","0","0","0","0","0","0","0","0"
"0x778791775370","      IMAD.MOV.U32 R230, RZ, RZ, R220","22","0","22","270336","8650752","8650752","32","32","0","-","-","-","0","0","0","0","0","0","0","0","-","0","0","0","0","0","0","0","0","7","0","0","0","0","0","0","0","0","0","0","15","0","0","0","0","0","0","0","0","0","0","0","0","0","0","0","0","0","0","0","0","0","0"
"0x778791775380","      FMUL R220, R153, R190","297","18","297","270336","8650752","8650752","32","32","0","-","-","-","0","0","0","0","0","0","0","0","-","0","0","0","0","0","0","0","0","25","0","0","0","0","42","0","0","0","0","200","17","0","0","0","13","0","0","9","0","0","0","0","0","0","0","0","0","0","0","0","0","0","9"
"0x778791775390","      IMAD.MOV.U32 R232, RZ, RZ, R222","24","0","24","270336","8650752","8650752","32","32","0","-","-","-","0","0","0","0","0","0","0","0","-","0","0","0","0","0","0","0","0","13","0","0","0","0","0","0","0","0","0","0","11","0","0","0","0","0","0","0","0","0","0","0","0","0","0","0","0","0","0","0","0","0","0"
"0x7787917753a0","      FMUL R222, R152, R190","325","12","325","270336","8650752","8650752","32","32","0","-","-","-","0","0","0","0","0","0","0","0","-","0","0","0","0","0","0","0","0","1","0","0","0","0","53","0","0","0","0","233","18","0","0","0","20","0","0","0","0","0","0","0","1","0","0","0","0","0","0","0","0","0","11"
"0x7787917753b0","      FMUL R216, R153, R188","20","0","20","270336","8650752","8650752","32","32","0","-","-","-","0","0","0","0","0","0","0","0","-","0","0","0","0","0","0","0","0","7","0","0","0","0","0","0","0","0","0","0","13","0","0","0","0","0","0","0","0","0","0","0","0","0","0","0","0","0","0","0","0","0","0"
"0x7787917753c0","      FMUL R214, R152, R186","10","0","10","270336","8650752","8650752","32","32","0","-","-","-","0","0","0","0","0","0","0","0","-","0","0","0","0","0","0","0","0","0","0","0","0","0","0","0","0","0","0","0","10","0","0","0","0","0","0","0","0","0","0","0","0","0","0","0","0","0","0","0","0","0","0"
"0x7787917753d0","      F2FP.F16.F32.PACK_AB R218, R219, R218","21","0","21","270336","8650752","8650752","32","32","0","-","-","-","0","0","0","0","0","0","0","0","-","0","0","0","0","0","0","0","0","1","0","0","0","0","0","0","0","0","0","0","20","0","0","0","0","0","0","0","0","0","0","0","0","0","0","0","0","0","0","0","0","0","0"
"0x7787917753e0","      HFMA2 R12, R43, R213, R12","26","0","26","270336","8650752","8650752","32","32","0","-","-","-","0","0","0","0","0","0","0","0","-","0","0","0","0","0","0","0","0","0","0","0","0","0","0","0","0","0","0","0","26","0","0","0","0","0","0","0","0","0","0","0","0","0","0","0","0","0","0","0","0","0","0"
"0x7787917753f0","      F2FP.F16.F32.PACK_AB R220, R221, R220","20","0","20","270336","8650752","8650752","32","32","0","-","-","-","0","0","0","0","0","0","0","0","-","0","0","0","0","0","0","0","0","4","0","0","0","0","0","0","0","0","0","0","16","0","0","0","0","0","0","0","0","0","0","0","0","0","0","0","0","0","0","0","0","0","0"
"0x778791775400","      HFMA2 R15, R46, R224, R15","13","0","13","270336","8650752","8650752","32","32","0","-","-","-","0","0","0","0","0","0","0","0","-","0","0","0","0","0","0","0","0","0","0","0","0","0","0","0","0","0","0","0","13","0","0","0","0","0","0","0","0","0","0","0","0","0","0","0","0","0","0","0","0","0","0"
"0x778791775410","      F2FP.F16.F32.PACK_AB R214, R215, R214","16","0","16","270336","8650752","8650752","32","32","0","-","-","-","0","0","0","0","0","0","0","0","-","0","0","0","0","0","0","0","0","0","0","0","0","0","0","0","0","0","0","0","16","0","0","0","0","0","0","0","0","0","0","0","0","0","0","0","0","0","0","0","0","0","0"
"0x778791775420","      HFMA2 R14, R45, R225, R14","17","0","17","270336","8650752","8650752","32","32","0","-","-","-","0","0","0","0","0","0","0","0","-","0","0","0","0","0","0","0","0","0","0","0","0","0","0","0","0","0","0","0","17","0","0","0","0","0","0","0","0","0","0","0","0","0","0","0","0","0","0","0","0","0","0"
"0x778791775430","      F2FP.F16.F32.PACK_AB R216, R217, R216","15","0","15","270336","8650752","8650752","32","32","0","-","-","-","0","0","0","0","0","0","0","0","-","0","0","0","0","0","0","0","0","0","0","0","0","0","0","0","0","0","0","0","15","0","0","0","0","0","0","0","0","0","0","0","0","0","0","0","0","0","0","0","0","0","0"
"0x778791775440","      HFMA2 R9, R48, R226, R9","14","0","14","270336","8650752","8650752","32","32","0","-","-","-","0","0","0","0","0","0","0","0","-","0","0","0","0","0","0","0","0","0","0","0","0","0","0","0","0","0","0","0","14","0","0","0","0","0","0","0","0","0","0","0","0","0","0","0","0","0","0","0","0","0","0"
"0x778791775450","      F2FP.F16.F32.PACK_AB R222, R223, R222","37","0","37","270336","8650752","8650752","32","32","0","-","-","-","0","0","0","0","0","0","0","0","-","0","0","0","0","0","0","0","0","17","0","0","0","0","0","0","0","0","0","0","20","0","0","0","0","0","0","0","0","0","0","0","0","0","0","0","0","0","0","0","0","0","0"
"0x778791775460","      HFMA2 R8, R47, R230, R8","25","0","25","270336","8650752","8650752","32","32","0","-","-","-","0","0","0","0","0","0","0","0","-","0","0","0","0","0","0","0","0","0","0","0","0","0","0","0","0","0","0","0","25","0","0","0","0","0","0","0","0","0","0","0","0","0","0","0","0","0","0","0","0","0","0"
"0x778791775470","      IADD3 R149, P3, R149, 0x40, RZ","19","0","19","270336","8650752","8650752","32","32","0","-","-","-","0","0","0","0","0","0","0","0","-","0","0","0","0","0","0","0","0","0","0","0","0","0","0","0","0","0","0","0","19","0","0","0","0","0","0","0","0","0","0","0","0","0","0","0","0","0","0","0","0","0","0"
"0x778791775480","      HFMA2 R11, R50, R232, R11","14","0","14","270336","8650752","8650752","32","32","0","-","-","-","0","0","0","0","0","0","0","0","-","0","0","0","0","0","0","0","0","0","0","0","0","0","0","0","0","0","0","0","14","0","0","0","0","0","0","0","0","0","0","0","0","0","0","0","0","0","0","0","0","0","0"
"0x778791775490","      IADD3 R166, P4, R166, 0x40, RZ","27","0","27","270336","8650752","8650752","32","32","0","-","-","-","0","0","0","0","0","0","0","0","-","0","0","0","0","0","0","0","0","10","0","0","0","0","0","0","0","0","0","0","17","0","0","0","0","0","0","0","0","0","0","0","0","0","0","0","0","0","0","0","0","0","0"
"0x7787917754a0","      HFMA2 R10, R49, R214, R10","21","0","21","270336","8650752","8650752","32","32","0","-","-","-","0","0","0","0","0","0","0","0","-","0","0","0","0","0","0","0","0","0","0","0","0","0","0","0","0","0","0","0","21","0","0","0","0","0","0","0","0","0","0","0","0","0","0","0","0","0","0","0","0","0","0"
"0x7787917754b0","      IADD3 R164, P0, R164, 0x40, RZ","29","0","29","270336","8650752","8650752","32","32","0","-","-","-","0","0","0","0","0","0","0","0","-","0","0","0","0","0","0","0","0","12","0","0","0","0","0","0","0","0","0","0","17","0","0","0","0","0","0","0","0","0","0","0","0","0","0","0","0","0","0","0","0","0","0"
"0x7787917754c0","      HFMA2 R5, R228, R216, R5","23","0","23","270336","8650752","8650752","32","32","0","-","-","-","0","0","0","0","0","0","0","0","-","0","0","0","0","0","0","0","0","0","0","0","0","0","0","0","0","0","0","0","23","0","0","0","0","0","0","0","0","0","0","0","0","0","0","0","0","0","0","0","0","0","0"
"0x7787917754d0","      IMAD.X R150, RZ, RZ, R150, P3","373","80","373","270336","8650752","8650752","32","32","0","-","-","-","0","0","0","0","0","0","0","0","-","0","0","0","0","0","0","0","0","15","0","0","0","0","159","0","0","0","0","166","18","0","0","0","15","0","0","4","0","0","0","0","61","0","0","0","0","0","0","0","0","0","15"
"0x7787917754e0","      HFMA2 R4, R227, R218, R4","29","12","29","270336","8650752","8650752","32","32","0","-","-","-","0","0","0","0","0","0","0","0","-","0","0","0","0","0","0","0","0","0","0","0","0","0","0","0","0","0","0","1","12","0","0","0","16","0","0","0","0","0","0","0","0","0","0","0","0","0","0","0","0","0","12"
"0x7787917754f0","      IMAD.X R167, RZ, RZ, R167, P4","35","15","35","270336","8650752","8650752","32","32","0","-","-","-","0","0","0","0","0","0","0","0","-","0","0","0","0","0","0","0","0","0","0","0","0","0","0","0","0","0","0","0","17","0","0","0","18","0","0","0","0","0","0","0","0","0","0","0","0","0","0","0","0","0","15"
"0x778791775500","      HFMA2 R7, R54, R220, R7","35","19","35","270336","8650752","8650752","32","32","0","-","-","-","0","0","0","0","0","0","0","0","-","0","0","0","0","0","0","0","0","0","0","0","0","0","1","0","0","0","0","0","15","0","0","0","19","0","0","0","0","0","0","0","0","0","0","0","0","0","0","0","0","0","19"
"0x778791775510","      HFMA2 R6, R229, R222, R6","37","19","37","270336","8650752","8650752","32","32","0","-","-","-","0","0","0","0","0","0","0","0","-","0","0","0","0","0","0","0","0","0","0","0","0","0","0","0","0","0","0","0","18","0","0","0","19","0","0","0","0","0","0","0","0","0","0","0","0","0","0","0","0","0","19"
"0x778791775520","@P5   BRA 0x778791775e50","9","0","9","270336","8650752","4460544","32","16","0","-","-","-","0","0","0","0","0","0","0","0","-","0","0","0","0","0","0","0","0","0","0","0","0","0","0","0","0","0","0","0","9","0","0","0","0","0","0","0","0","0","0","0","0","0","0","0","0","0","0","0","0","0","0"
"0x778791775530","      IMAD.MOV.U32 R2, RZ, RZ, R106","101","49","101","130944","4190208","4190208","32","32","0","-","-","-","0","0","0","0","0","0","0","0","-","0","0","0","0","0","0","0","0","0","0","0","0","0","10","0","0","0","0","8","14","0","0","0","69","0","0","0","0","0","0","0","6","0","0","0","0","0","0","0","0","0","43"
"0x778791775540","      LDG.E R152, desc[UR18][R82.64+0x4]","12","0","12","130944","4190208","4190208","32","32","0","Global","Load","32","1047552","0","0","0","0","523776","1047552","523776","","0","0","0","0","0","0","0","0","0","0","0","0","0","0","0","0","0","0","0","12","0","0","0","0","0","0","0","0","0","0","0","0","0","0","0","0","0","0","0","0","0","0"
"0x778791775550","      IMAD.MOV.U32 R3, RZ, RZ, R107","9","0","9","130944","4190208","4190208","32","32","0","-","-","-","0","0","0","0","0","0","0","0","-","0","0","0","0","0","0","0","0","0","0","0","0","0","0","0","0","0","0","0","9","0","0","0","0","0","0","0","0","0","0","0","0","0","0","0","0","0","0","0","0","0","0"
"0x778791775560","      LDG.E R153, desc[UR18][R84.64+0x4]","34","11","34","130944","4190208","4190208","32","32","0","Global","Load","32","1047552","0","0","0","0","523776","1047552","523776","","0","0","0","0","0","0","0","0","0","0","0","0","0","0","0","0","0","0","8","11","0","0","0","15","0","0","0","0","0","0","0","0","0","0","0","0","0","0","0","0","0","11"
"0x778791775570","      LDG.E R168, desc[UR18][R2.64+0x4]","26","11","26","130944","4190208","4190208","32","32","0","Global","Load","32","130944","0","0","0","0","0","130944","130944","","0","0","0","0","0","0","0","0","0","0","0","0","0","0","0","0","0","0","0","10","0","0","0","16","0","0","0","0","0","0","0","0","0","0","0","0","0","0","0","0","0","11"
"0x778791775580","      LDG.E R154, desc[UR18][R86.64+0x4]","38","19","38","130944","4190208","4190208","32","32","0","Global","Load","32","130944","0","0","0","0","0","130944","130944","","0","0","0","0","0","0","0","0","0","0","0","0","0","0","0","0","0","0","0","10","0","0","0","28","0","0","0","0","0","0","0","0","0","0","0","0","0","0","0","0","0","19"
"0x778791775590","      LDG.E R155, desc[UR18][R88.64+0x4]","23","9","23","130944","4190208","4190208","32","32","0","Global","Load","32","130944","0","0","0","0","0","130944","130944","","0","0","0","0","0","0","0","0","0","0","0","0","0","0","0","0","0","0","0","6","0","0","0","17","0","0","0","0","0","0","0","0","0","0","0","0","0","0","0","0","0","9"
"0x7787917755a0","      IMAD.MOV.U32 R2, RZ, RZ, R108","87","64","87","130944","4190208","4190208","32","32","0","-","-","-","0","0","0","0","0","0","0","0","-","0","0","0","0","0","0","0","0","0","0","0","0","81","0","0","0","0","0","0","6","0","0","0","0","0","0","0","0","0","0","64","0","0","0","0","0","0","0","0","0","0","0"
"0x7787917755b0","      IMAD.MOV.U32 R3, RZ, RZ, R109","23","13","23","130944","4190208","4190208","32","32","0","-","-","-","0","0","0","0","0","0","0","0","-","0","0","0","0","0","0","0","0","0","0","0","0","0","0","0","0","0","0","0","10","0","0","0","13","0","0","0","0","0","0","0","0","0","0","0","0","0","0","0","0","0","13"
"0x7787917755c0","      LDG.E R156, desc[UR18][R90.64+0x4]","6","0","6","130944","4190208","4190208","32","32","0","Global","Load","32","130944","0","0","0","0","0","130944","130944","","0","0","0","0","0","0","0","0","0","0","0","0","0","0","0","0","0","0","0","6","0","0","0","0","0","0","0","0","0","0","0","0","0","0","0","0","0","0","0","0","0","0"
"0x7787917755d0","      LDG.E R171, desc[UR18][R2.64+0x4]","37","10","37","130944","4190208","4190208","32","32","0","Global","Load","32","130944","0","0","0","0","0","130944","130944","","0","0","0","0","0","0","0","0","0","0","0","0","0","0","0","0","0","0","7","10","0","0","0","20","0","0","0","0","0","0","0","0","0","0","0","0","0","0","0","0","0","10"
"0x7787917755e0","      LDG.E R157, desc[UR18][R92.64+0x4]","48","33","48","130944","4190208","4190208","32","32","0","Global","Load","32","130944","0","0","0","0","0","130944","130944","","0","0","0","0","0","0","0","0","0","0","0","14","0","0","0","0","0","0","0","8","0","0","0","26","0","0","0","0","0","14","0","0","0","0","0","0","0","0","0","0","0","19"
"0x7787917755f0","      LDG.E R158, desc[UR18][R94.64+0x4]","77","64","77","130944","4190208","4190208","32","32","0","Global","Load","32","130944","0","0","0","0","0","130944","130944","","0","0","0","0","0","0","0","0","0","0","0","44","0","0","0","0","0","0","0","9","0","0","0","24","0","0","0","0","0","44","0","0","0","0","0","0","0","0","0","0","0","20"
"0x778791775600","      IMAD.MOV.U32 R2, RZ, RZ, R110","870","838","870","130944","4190208","4190208","32","32","0","-","-","-","0","0","0","0","0","0","0","0","-","0","0","0","0","0","0","0","0","0","0","0","0","866","0","0","0","0","0","0","4","0","0","0","0","0","0","0","0","0","0","838","0","0","0","0","0","0","0","0","0","0","0"
"0x778791775610","      IMAD.MOV.U32 R3, RZ, RZ, R111","16","8","16","130944","4190208","4190208","32","32","0","-","-","-","0","0","0","0","0","0","0","0","-","0","0","0","0","0","0","0","0","0","0","0","0","0","0","0","0","0","0","2","6","0","0","0","8","0","0","0","0","0","0","0","0","0","0","0","0","0","0","0","0","0","8"
"0x778791775620","      LDG.E R159, desc[UR18][R96.64+0x4]","5","0","5","130944","4190208","4190208","32","32","0","Global","Load","32","130944","0","0","0","0","0","130944","130944","","0","0","0","0","0","0","0","0","0","0","0","0","0","0","0","0","0","0","0","5","0","0","0","0","0","0","0","0","0","0","0","0","0","0","0","0","0","0","0","0","0","0"
"0x778791775630","      LDG.E R172, desc[UR18][R2.64+0x4]","30","14","30","130944","4190208","4190208","32","32","0","Global","Load","32","130944","0","0","0","0","0","130944","130944","","0","0","0","0","0","0","0","0","0","0","0","0","0","0","0","0","0","0","0","10","0","0","0","20","0","0","0","0","0","0","0","0","0","0","0","0","0","0","0","0","0","14"
"0x778791775640","      LDG.E R160, desc[UR18][R98.64+0x4]","37","23","37","130944","4190208","4190208","32","32","0","Global","Load","32","130944","0","0","0","0","0","130944","130944","","0","0","0","0","0","0","0","0","0","0","0","2","0","0","0","0","0","0","0","8","0","0","0","27","0","0","0","0","0","2","0","0","0","0","0","0","0","0","0","0","0","21"
"0x778791775650","      LDG.E R161, desc[UR18][R100.64+0x4]","38","26","38","130944","4190208","4190208","32","32","0","Global","Load","32","130944","0","0","0","0","0","130944","130944","","0","0","0","0","0","0","0","0","0","0","0","3","0","0","0","0","0","0","0","6","0","0","0","29","0","0","0","0","0","3","0","0","0","0","0","0","0","0","0","0","0","23"
"0x778791775660","      IMAD.MOV.U32 R2, RZ, RZ, R112","204","154","204","130944","4190208","4190208","32","32","0","-","-","-","0","0","0","0","0","0","0","0","-","0","0","0","0","0","0","0","0","0","0","0","0","192","0","0","0","0","0","0","12","0","0","0","0","0","0","0","0","0","0","154","0","0","0","0","0","0","0","0","0","0","0"
"0x778791775670","      IMAD.MOV.U32 R3, RZ, RZ, R113","19","15","19","130944","4190208","4190208","32","32","0","-","-","-","0","0","0","0","0","0","0","0","-","0","0","0","0","0","0","0","0","0","0","0","0","0","0","0","0","0","0","0","4","0","0","0","15","0","0","0","0","0","0","0","0","0","0","0","0","0","0","0","0","0","15"
"0x778791775680","      LDG.E R162, desc[UR18][R102.64+0x4]","7","0","7","130944","4190208","4190208","32","32","0","Global","Load","32","130944","0","0","0","0","0","130944","130944","","0","0","0","0","0","0","0","0","0","0","0","0","0","0","0","0","0","0","0","7","0","0","0","0","0","0","0","0","0","0","0","0","0","0","0","0","0","0","0","0","0","0"
"0x778791775690","      LDG.E R173, desc[UR18][R2.64+0x4]","37","31","37","130944","4190208","4190208","32","32","0","Global","Load","32","130944","0","0","0","0","0","130944","130944","","0","0","0","0","0","0","0","0","0","0","0","0","0","0","0","0","0","0","0","4","0","0","0","33","0","0","0","0","0","0","0","0","0","0","0","0","0","0","0","0","0","31"
"0x7787917756a0","      LDG.E R163, desc[UR18][R104.64+0x4]","24","19","24","130944","4190208","4190208","32","32","0","Global","Load","32","130944","0","0","0","0","0","130944","130944","","0","0","0","0","0","0","0","0","0","0","0","0","0","0","0","0","0","0","0","4","0","0","0","20","0","0","0","0","0","0","0","0","0","0","0","0","0","0","0","0","0","19"
"0x7787917756b0","      IMAD.MOV.U32 R2, RZ, RZ, R114","174","136","174","130944","4190208","4190208","32","32","0","-","-","-","0","0","0","0","0","0","0","0","-","0","0","0","0","0","0","0","0","0","0","0","0","167","0","0","0","0","0","0","7","0","0","0","0","0","0","0","0","0","0","136","0","0","0","0","0","0","0","0","0","0","0"
"0x7787917756c0","      IMAD.MOV.U32 R3, RZ, RZ, R115","10","7","10","130944","4190208","4190208","32","32","0","-","-","-","0","0","0","0","0","0","0","0","-","0","0","0","0","0","0","0","0","0","0","0","0","0","0","0","0","0","0","0","3","0","0","0","7","0","0","0","0","0","0","0","0","0","0","0","0","0","0","0","0","0","7"
"0x7787917756d0","      LDG.E R174, desc[UR18][R2.64+0x4]","38","25","38","130944","4190208","4190208","32","32","0","Global","Load","32","130944","0","0","0","0","0","130944","130944","","0","0","0","0","0","0","0","0","0","0","0","0","0","0","0","0","0","0","0","9","0","0","0","29","0","0","0","0","0","0","0","0","0","0","0","0","0","0","0","0","0","25"
"0x7787917756e0","      IMAD.MOV.U32 R2, RZ, RZ, R116","79","49","79","130944","4190208","4190208","32","32","0","-","-","-","0","0","0","0","0","0","0","0","-","0","0","0","0","0","0","0","0","0","0","0","0","56","0","0","0","0","0","0","14","0","0","0","9","0","0","0","0","0","0","42","0","0","0","0","0","0","0","0","0","0","7"
"0x7787917756f0","      IMAD.MOV.U32 R3, RZ, RZ, R117","14","3","14","130944","4190208","4190208","32","32","0","-","-","-","0","0","0","0","0","0","0","0","-","0","0","0","0","0","0","0","0","0","0","0","0","0","0","0","0","0","0","0","11","0","0","0","3","0","0","0","0","0","0","0","0","0","0","0","0","0","0","0","0","0","3"
"0x778791775700","      LDG.E R175, desc[UR18][R2.64+0x4]","45","31","45","130944","4190208","4190208","32","32","0","Global","Load","32","130944","0","0","0","0","0","130944","130944","","0","0","0","0","0","0","0","0","0","0","0","0","0","0","0","0","0","0","0","12","0","0","0","33","0","0","0","0","0","0","0","0","0","0","0","0","0","0","0","0","0","31"
"0x778791775710","      IMAD.MOV.U32 R2, RZ, RZ, R118","72","49","72","130944","4190208","4190208","32","32","0","-","-","-","0","0","0","0","0","0","0","0","-","0","0","0","0","0","0","0","0","0","0","0","0","54","0","0","0","0","0","0","5","0","0","0","13","0","0","0","0","0","0","42","0","0","0","0","0","0","0","0","0","0","7"
"0x778791775720","      IMAD.MOV.U32 R3, RZ, RZ, R119","20","11","20","130944","4190208","4190208","32","32","0","-","-","-","0","0","0","0","0","0","0","0","-","0","0","0","0","0","0","0","0","0","0","0","0","0","0","0","0","0","0","0","9","0","0","0","11","0","0","0","0","0","0","0","0","0","0","0","0","0","0","0","0","0","11"
"0x778791775730","      LDG.E R176, desc[UR18][R2.64+0x4]","43","32","43","130944","4190208","4190208","32","32","0","Global","Load","32","130944","0","0","0","0","0","130944","130944","","0","0","0","0","0","0","0","0","0","0","0","0","0","0","0","0","0","0","0","9","0","0","0","34","0","0","0","0","0","0","0","0","0","0","0","0","0","0","0","0","0","32"
"0x778791775740","      IMAD.MOV.U32 R2, RZ, RZ, R120","81","54","81","130944","4190208","4190208","32","32","0","-","-","-","0","0","0","0","0","0","0","0","-","0","0","0","0","0","0","0","0","0","0","0","0","65","0","0","0","0","0","0","7","0","0","0","9","0","0","0","0","0","0","48","0","0","0","0","0","0","0","0","0","0","6"
"0x778791775750","      IMAD.MOV.U32 R3, RZ, RZ, R121","10","7","10","130944","4190208","4190208","32","32","0","-","-","-","0","0","0","0","0","0","0","0","-","0","0","0","0","0","0","0","0","0","0","0","0","0","0","0","0","0","0","0","3","0","0","0","7","0","0","0","0","0","0","0","0","0","0","0","0","0","0","0","0","0","7"
"0x778791775760","      LDG.E R177, desc[UR18][R2.64+0x4]","39","28","39","130944","4190208","4190208","32","32","0","Global","Load","32","130944","0","0","0","0","0","130944","130944","","0","0","0","0","0","0","0","0","0","0","0","0","0","0","0","0","0","0","0","9","0","0","0","30","0","0","0","0","0","0","0","0","0","0","0","0","0","0","0","0","0","28"
"0x778791775770","      IMAD.MOV.U32 R2, RZ, RZ, R122","81","44","81","130944","4190208","4190208","32","32","0","-","-","-","0","0","0","0","0","0","0","0","-","0","0","0","0","0","0","0","0","0","0","0","0","63","0","0","0","0","0","0","11","0","0","0","7","0","0","0","0","0","0","42","0","0","0","0","0","0","0","0","0","0","2"
"0x778791775780","      IMAD.MOV.U32 R3, RZ, RZ, R123","17","7","17","130944","4190208","4190208","32","32","0","-","-","-","0","0","0","0","0","0","0","0","-","0","0","0","0","0","0","0","0","0","0","0","0","0","0","0","0","0","0","0","10","0","0","0","7","0","0","0","0","0","0","0","0","0","0","0","0","0","0","0","0","0","7"
"0x778791775790","      LDG.E R178, desc[UR18][R2.64+0x4]","45","33","45","130944","4190208","4190208","32","32","0","Global","Load","32","130944","0","0","0","0","0","130944","130944","","0","0","0","0","0","0","0","0","0","0","0","0","0","0","0","0","0","0","0","11","0","0","0","34","0","0","0","0","0","0","0","0","0","0","0","0","0","0","0","0","0","33"
"0x7787917757a0","      IMAD.MOV.U32 R2, RZ, RZ, R124","75","48","75","130944","4190208","4190208","32","32","0","-","-","-","0","0","0","0","0","0","0","0","-","0","0","0","0","0","0","0","0","0","0","0","0","64","0","0","0","0","0","0","7","0","0","0","4","0","0","0","0","0","0","46","0","0","0","0","0","0","0","0","0","0","2"
"0x7787917757b0","      IMAD.MOV.U32 R3, RZ, RZ, R125","18","9","18","130944","4190208","4190208","32","32","0","-","-","-","0","0","0","0","0","0","0","0","-","0","0","0","0","0","0","0","0","0","0","0","0","0","0","0","0","0","0","0","9","0","0","0","9","0","0","0","0","0","0","0","0","0","0","0","0","0","0","0","0","0","9"
"0x7787917757c0","      LDG.E R179, desc[UR18][R2.64+0x4]","42","31","42","130944","4190208","4190208","32","32","0","Global","Load","32","130944","0","0","0","0","0","130944","130944","","0","0","0","0","0","0","0","0","0","0","0","0","0","0","0","0","0","0","0","8","0","0","0","34","0","0","0","0","0","0","0","0","0","0","0","0","0","0","0","0","0","31"
"0x7787917757d0","      IMAD.MOV.U32 R2, RZ, RZ, R126","88","49","88","130944","4190208","4190208","32","32","0","-","-","-","0","0","0","0","0","0","0","0","-","0","0","0","0","0","0","0","0","0","0","0","0","69","0","0","0","0","0","0","10","0","0","0","9","0","0","0","0","0","0","45","0","0","0","0","0","0","0","0","0","0","4"
"0x7787917757e0","      IMAD.MOV.U32 R3, RZ, RZ, R127","14","10","14","130944","4190208","4190208","32","32","0","-","-","-","0","0","0","0","0","0","0","0","-","0","0","0","0","0","0","0","0","0","0","0","0","0","0","0","0","0","0","0","4","0","0","0","10","0","0","0","0","0","0","0","0","0","0","0","0","0","0","0","0","0","10"
"0x7787917757f0","      LDG.E R180, desc[UR18][R2.64+0x4]","45","31","45","130944","4190208","4190208","32","32","0","Global","Load","32","130944","0","0","0","0","0","130944","130944","","0","0","0","0","0","0","0","0","0","0","0","0","0","0","0","0","0","0","0","11","0","0","0","34","0","0","0","0","0","0","0","0","0","0","0","0","0","0","0","0","0","31"
"0x778791775800","      IMAD.MOV.U32 R2, RZ, RZ, R128","94","59","94","130944","4190208","4190208","32","32","0","-","-","-","0","0","0","0","0","0","0","0","-","0","0","0","0","0","0","0","0","0","0","0","0","77","0","0","0","0","0","0","10","0","0","0","7","0","0","0","0","0","0","55","0","0","0","0","0","0","0","0","0","0","4"
"0x778791775810","      IMAD.MOV.U32 R3, RZ, RZ, R129","11","6","11","130944","4190208","4190208","32","32","0","-","-","-","0","0","0","0","0","0","0","0","-","0","0","0","0","0","0","0","0","0","0","0","0","0","0","0","0","0","0","0","5","0","0","0","6","0","0","0","0","0","0","0","0","0","0","0","0","0","0","0","0","0","6"
"0x778791775820","      LDG.E R181, desc[UR18][R2.64+0x4]","50","38","50","130944","4190208","4190208","32","32","0","Global","Load","32","130944","0","0","0","0","0","130944","130944","","0","0","0","0","0","0","0","0","0","0","0","0","0","0","0","0","0","0","0","9","0","0","0","41","0","0","0","0","0","0","0","0","0","0","0","0","0","0","0","0","0","38"
"0x778791775830","      IMAD.MOV.U32 R2, RZ, RZ, R130","87","66","87","130944","4190208","4190208","32","32","0","-","-","-","0","0","0","0","0","0","0","0","-","0","0","0","0","0","0","0","0","0","0","0","0","75","0","0","0","0","0","0","3","0","0","0","9","0","0","0","0","0","0","60","0","0","0","0","0","0","0","0","0","0","6"
"0x778791775840","      IMAD.MOV.U32 R3, RZ, RZ, R131","17","7","17","130944","4190208","4190208","32","32","0","-","-","-","0","0","0","0","0","0","0","0","-","0","0","0","0","0","0","0","0","0","0","0","0","0","0","0","0","0","0","0","10","0","0","0","7","0","0","0","0","0","0","0","0","0","0","0","0","0","0","0","0","0","7"
"0x778791775850","      LDG.E R182, desc[UR18][R2.64+0x4]","46","33","46","130944","4190208","4190208","32","32","0","Global","Load","32","130944","0","0","0","0","0","130944","130944","","0","0","0","0","0","0","0","0","0","0","0","0","0","0","0","0","0","0","0","7","0","0","0","39","0","0","0","0","0","0","0","0","0","0","0","0","0","0","0","0","0","33"
"0x778791775860","      IMAD.MOV.U32 R2, RZ, RZ, R132","78","48","78","130944","4190208","4190208","32","32","0","-","-","-","0","0","0","0","0","0","0","0","-","0","0","0","0","0","0","0","0","0","0","0","0","66","0","0","0","0","0","0","7","0","0","0","5","0","0","0","0","0","0","45","0","0","0","0","0","0","0","0","0","0","3"
"0x778791775870","      IMAD.MOV.U32 R3, RZ, RZ, R133","15","6","15","130944","4190208","4190208","32","32","0","-","-","-","0","0","0","0","0","0","0","0","-","0","0","0","0","0","0","0","0","0","0","0","0","0","0","0","0","0","0","0","9","0","0","0","6","0","0","0","0","0","0","0","0","0","0","0","0","0","0","0","0","0","6"
"0x778791775880","      LDG.E R183, desc[UR18][R2.64+0x4]","31","24","31","130944","4190208","4190208","32","32","0","Global","Load","32","130944","0","0","0","0","0","130944","130944","","0","0","0","0","0","0","0","0","0","0","0","0","0","0","0","0","0","0","0","4","0","0","0","27","0","0","0","0","0","0","0","0","0","0","0","0","0","0","0","0","0","24"
"0x778791775890","      IMAD.MOV.U32 R2, RZ, RZ, R134","87","57","87","130944","4190208","4190208","32","32","0","-","-","-","0","0","0","0","0","0","0","0","-","0","0","0","0","0","0","0","0","0","0","0","0","60","0","0","0","0","0","0","11","0","0","0","16","0","0","0","0","0","0","45","0","0","0","0","0","0","0","0","0","0","12"
"0x7787917758a0","      IMAD.MOV.U32 R3, RZ, RZ, R135","16","11","16","130944","4190208","4190208","32","32","0","-","-","-","0","0","0","0","0","0","0","0","-","0","0","0","0","0","0","0","0","0","0","0","0","0","0","0","0","0","0","0","4","0","0","0","12","0","0","0","0","0","0","0","0","0","0","0","0","0","0","0","0","0","11"
"0x7787917758b0","      LDG.E R184, desc[UR18][R2.64+0x4]","38","28","38","130944","4190208","4190208","32","32","0","Global","Load","32","130944","0","0","0","0","0","130944","130944","","0","0","0","0","0","0","0","0","0","0","0","0","0","0","0","0","0","0","0","10","0","0","0","28","0","0","0","0","0","0","0","0","0","0","0","0","0","0","0","0","0","28"
"0x7787917758c0","      IMAD.MOV.U32 R2, RZ, RZ, R136","79","43","79","130944","4190208","4190208","32","32","0","-","-","-","0","0","0","0","0","0","0","0","-","0","0","0","0","0","0","0","0","0","0","0","0","59","0","0","0","0","0","0","10","0","0","0","10","0","0","0","0","0","0","37","0","0","0","0","0","0","0","0","0","0","6"
"0x7787917758d0","      IMAD.MOV.U32 R3, RZ, RZ, R137","21","9","21","130944","4190208","4190208","32","32","0","-","-","-","0","0","0","0","0","0","0","0","-","0","0","0","0","0","0","0","0","0","0","0","0","0","0","0","0","0","0","0","11","0","0","0","10","0","0","0","0","0","0","0","0","0","0","0","0","0","0","0","0","0","9"
"0x7787917758e0","      LDG.E R185, desc[UR18][R2.64+0x4]","42","34","42","130944","4190208","4190208","32","32","0","Global","Load","32","130944","0","0","0","0","0","130944","130944","","0","0","0","0","0","0","0","0","0","0","0","0","0","0","0","0","0","0","0","8","0","0","0","34","0","0","0","0","0","0","0","0","0","0","0","0","0","0","0","0","0","34"
"0x7787917758f0","      IMAD.MOV.U32 R2, RZ, RZ, R138","81","54","81","130944","4190208","4190208","32","32","0","-","-","-","0","0","0","0","0","0","0","0","-","0","0","0","0","0","0","0","0","0","0","0","0","65","0","0","0","0","0","0","4","0","0","0","12","0","0","0","0","0","0","47","0","0","0","0","0","0","0","0","0","0","7"
"0x778791775900","      IMAD.MOV.U32 R3, RZ, RZ, R139","17","9","17","130944","4190208","4190208","32","32","0","-","-","-","0","0","0","0","0","0","0","0","-","0","0","0","0","0","0","0","0","0","0","0","0","0","0","0","0","0","0","0","8","0","0","0","9","0","0","0","0","0","0","0","0","0","0","0","0","0","0","0","0","0","9"
"0x778791775910","      LDG.E R186, desc[UR18][R2.64+0x4]","46","36","46","130944","4190208","4190208","32","32","0","Global","Load","32","130944","0","0","0","0","0","130944","130944","","0","0","0","0","0","0","0","0","0","0","0","0","0","0","0","0","0","0","0","9","0","0","0","37","0","0","0","0","0","0","0","0","0","0","0","0","0","0","0","0","0","36"
"0x778791775920","      IMAD.MOV.U32 R2, RZ, RZ, R140","78","45","78","130944","4190208","4190208","32","32","0","-","-","-","0","0","0","0","0","0","0","0","-","0","0","0","0","0","0","0","0","0","0","0","0","65","0","0","0","0","0","0","4","0","0","0","9","0","0","0","0","0","0","40","0","0","0","0","0","0","0","0","0","0","5"
"0x778791775930","      IMAD.MOV.U32 R3, RZ, RZ, R141","18","8","18","130944","4190208","4190208","32","32","0","-","-","-","0","0","0","0","0","0","0","0","-","0","0","0","0","0","0","0","0","0","0","0","0","0","0","0","0","0","0","0","10","0","0","0","8","0","0","0","0","0","0","0","0","0","0","0","0","0","0","0","0","0","8"
"0x778791775940","      LDG.E R187, desc[UR18][R2.64+0x4]","46","29","46","130944","4190208","4190208","32","32","0","Global","Load","32","130944","0","0","0","0","0","130944","130944","","0","0","0","0","0","0","0","0","0","0","0","0","0","0","0","0","0","0","0","12","0","0","0","34","0","0","0","0","0","0","0","0","0","0","0","0","0","0","0","0","0","29"
"0x778791775950","      IMAD.MOV.U32 R2, RZ, RZ, R142","73","47","73","130944","4190208","4190208","32","32","0","-","-","-","0","0","0","0","0","0","0","0","-","0","0","0","0","0","0","0","0","0","0","0","0","65","0","0","0","0","0","0","4","0","0","0","4","0","0","0","0","0","0","44","0","0","0","0","0","0","0","0","0","0","3"
"0x778791775960","      IMAD.MOV.U32 R3, RZ, RZ, R143","21","8","21","130944","4190208","4190208","32","32","0","-","-","-","0","0","0","0","0","0","0","0","-","0","0","0","0","0","0","0","0","0","0","0","0","0","0","0","0","0","0","0","13","0","0","0","8","0","0","0","0","0","0","0","0","0","0","0","0","0","0","0","0","0","8"
"0x778791775970","      LDG.E R188, desc[UR18][R2.64+0x4]","42","31","42","130944","4190208","4190208","32","32","0","Global","Load","32","130944","0","0","0","0","0","130944","130944","","0","0","0","0","0","0","0","0","0","0","0","0","0","0","0","0","0","0","0","10","0","0","0","32","0","0","0","0","0","0","0","0","0","0","0","0","0","0","0","0","0","31"
"0x778791775980","      IMAD.MOV.U32 R2, RZ, RZ, R144","78","45","78","130944","4190208","4190208","32","32","0","-","-","-","0","0","0","0","0","0","0","0","-","0","0","0","0","0","0","0","0","0","0","0","0","59","0","0","0","0","0","0","9","0","0","0","10","0","0","0","0","0","0","41","0","0","0","0","0","0","0","0","0","0","4"
"0x778791775990","      IMAD.MOV.U32 R3, RZ, RZ, R145","14","6","14","130944","4190208","4190208","32","32","0","-","-","-","0","0","0","0","0","0","0","0","-","0","0","0","0","0","0","0","0","0","0","0","0","0","0","0","0","0","0","0","8","0","0","0","6","0","0","0","0","0","0","0","0","0","0","0","0","0","0","0","0","0","6"
"0x7787917759a0","      LDG.E R189, desc[UR18][R2.64+0x4]","39","28","39","130944","4190208","4190208","32","32","0","Global","Load","32","130944","0","0","0","0","0","130944","130944","","0","0","0","0","0","0","0","0","0","0","0","0","0","0","0","0","0","0","0","9","0","0","0","30","0","0","0","0","0","0","0","0","0","0","0","0","0","0","0","0","0","28"
"0x7787917759b0","      IMAD.MOV.U32 R2, RZ, RZ, R146","80","57","80","130944","4190208","4190208","32","32","0","-","-","-","0","0","0","0","0","0","0","0","-","0","0","0","0","0","0","0","0","0","0","0","0","69","0","0","0","0","0","0","3","0","0","0","8","0","0","0","0","0","0","50","0","0","0","0","0","0","0","0","0","0","7"
"0x7787917759c0","      IMAD.MOV.U32 R3, RZ, RZ, R147","12","2","12","130944","4190208","4190208","32","32","0","-","-","-","0","0","0","0","0","0","0","0","-","0","0","0","0","0","0","0","0","0","0","0","0","0","0","0","0","0","0","0","9","0","0","0","3","0","0","0","0","0","0","0","0","0","0","0","0","0","0","0","0","0","2"
"0x7787917759d0","      LDG.E R190, desc[UR18][R2.64+0x4]","49","34","49","130944","4190208","4190208","32","32","0","Global","Load","32","130944","0","0","0","0","0","130944","130944","","0","0","0","0","0","0","0","0","0","0","0","0","0","0","0","0","0","0","0","13","0","0","0","36","0","0","0","0","0","0","0","0","0","0","0","0","0","0","0","0","0","34"
"0x7787917759e0","      IMAD.MOV.U32 R2, RZ, RZ, R148","80","42","80","130944","4190208","4190208","32","32","0","-","-","-","0","0","0","0","0","0","0","0","-","0","0","0","0","0","0","0","0","0","0","0","0","64","0","0","0","0","0","1","7","0","0","0","8","0","0","0","0","0","0","37","0","0","0","0","0","0","0","0","0","0","5"
"0x7787917759f0","      IMAD.MOV.U32 R3, RZ, RZ, R151","16","2","16","130944","4190208","4190208","32","32","0","-","-","-","0","0","0","0","0","0","0","0","-","0","0","0","0","0","0","0","0","0","0","0","0","0","1","0","0","0","0","1","8","0","0","0","6","0","0","0","0","0","0","0","0","0","0","0","0","0","0","0","0","0","2"
"0x778791775a00","      LDG.E R191, desc[UR18][R2.64+0x4]","44","10","44","130944","4190208","4190208","32","32","0","Global","Load","32","130944","0","0","0","0","0","130944","130944","","0","0","0","0","0","0","0","0","0","0","0","0","0","0","0","0","0","0","11","11","0","0","0","22","0","0","0","0","0","0","0","0","0","0","0","0","0","0","0","0","0","10"
"0x778791775a10","      IADD3 R82, P4, R82, 0x4, RZ","8","0","8","130944","4190208","4190208","32","32","0","-","-","-","0","0","0","0","0","0","0","0","-","0","0","0","0","0","0","0","0","0","0","0","0","0","0","0","0","0","0","0","8","0","0","0","0","0","0","0","0","0","0","0","0","0","0","0","0","0","0","0","0","0","0"
"0x778791775a20","      IADD3 R84, P5, R84, 0x4, RZ","14","4","14","130944","4190208","4190208","32","32","0","-","-","-","0","0","0","0","0","0","0","0","-","0","0","0","0","0","0","0","0","0","0","0","0","0","0","0","0","0","0","0","7","0","0","0","7","0","0","0","0","0","0","0","0","0","0","0","0","0","0","0","0","0","4"
"0x778791775a30","      IADD3 R86, P6, R86, 0x4, RZ","45","3","45","130944","4190208","4190208","32","32","0","-","-","-","0","0","0","0","0","0","0","0","-","0","0","0","0","0","0","0","0","0","0","0","0","0","26","0","0","0","0","13","2","0","0","0","4","0","0","0","0","0","0","0","2","0","0","0","0","0","0","0","0","0","1"
"0x778791775a40","      IMAD.X R83, RZ, RZ, R83, P4","9","0","9","130944","4190208","4190208","32","32","0","-","-","-","0","0","0","0","0","0","0","0","-","0","0","0","0","0","0","0","0","0","0","0","0","0","0","0","0","0","0","0","9","0","0","0","0","0","0","0","0","0","0","0","0","0","0","0","0","0","0","0","0","0","0"
"0x778791775a50","      IADD3 R88, P3, R88, 0x4, RZ","5","0","5","130944","4190208","4190208","32","32","0","-","-","-","0","0","0","0","0","0","0","0","-","0","0","0","0","0","0","0","0","0","0","0","0","0","0","0","0","0","0","0","5","0","0","0","0","0","0","0","0","0","0","0","0","0","0","0","0","0","0","0","0","0","0"
"0x778791775a60","      IMAD.X R85, RZ, RZ, R85, P5","14","0","14","130944","4190208","4190208","32","32","0","-","-","-","0","0","0","0","0","0","0","0","-","0","0","0","0","0","0","0","0","0","0","0","0","0","0","0","0","0","0","0","14","0","0","0","0","0","0","0","0","0","0","0","0","0","0","0","0","0","0","0","0","0","0"
"0x778791775a70","      IADD3 R90, P4, R90, 0x4, RZ","5","0","5","130944","4190208","4190208","32","32","0","-","-","-","0","0","0","0","0","0","0","0","-","0","0","0","0","0","0","0","0","0","0","0","0","0","0","0","0","0","0","0","5","0","0","0","0","0","0","0","0","0","0","0","0","0","0","0","0","0","0","0","0","0","0"
"0x778791775a80","      IADD3 R92, P5, R92, 0x4, RZ","186","12","186","130944","4190208","4190208","32","32","0","-","-","-","0","0","0","0","0","0","0","0","-","0","0","0","0","0","0","0","0","0","0","0","0","0","91","0","0","0","0","79","8","0","0","0","8","0","0","0","0","0","0","0","8","0","0","0","0","0","0","0","0","0","4"
"0x778791775a90","      IMAD.X R87, RZ, RZ, R87, P6","8","0","8","130944","4190208","4190208","32","32","0","-","-","-","0","0","0","0","0","0","0","0","-","0","0","0","0","0","0","0","0","0","0","0","0","0","0","0","0","0","0","0","8","0","0","0","0","0","0","0","0","0","0","0","0","0","0","0","0","0","0","0","0","0","0"
"0x778791775aa0","      IADD3 R94, P6, R94, 0x4, RZ","7","0","7","130944","4190208","4190208","32","32","0","-","-","-","0","0","0","0","0","0","0","0","-","0","0","0","0","0","0","0","0","0","0","0","0","0","0","0","0","0","0","0","7","0","0","0","0","0","0","0","0","0","0","0","0","0","0","0","0","0","0","0","0","0","0"
"0x778791775ab0","      IMAD.X R89, RZ, RZ, R89, P3","4","0","4","130944","4190208","4190208","32","32","0","-","-","-","0","0","0","0","0","0","0","0","-","0","0","0","0","0","0","0","0","0","0","0","0","0","0","0","0","0","0","0","4","0","0","0","0","0","0","0","0","0","0","0","0","0","0","0","0","0","0","0","0","0","0"
"0x778791775ac0","      IADD3 R96, P3, R96, 0x4, RZ","5","0","5","130944","4190208","4190208","32","32","0","-","-","-","0","0","0","0","0","0","0","0","-","0","0","0","0","0","0","0","0","0","0","0","0","0","0","0","0","0","0","0","5","0","0","0","0","0","0","0","0","0","0","0","0","0","0","0","0","0","0","0","0","0","0"
"0x778791775ad0","      IMAD.X R91, RZ, RZ, R91, P4","9","0","9","130944","4190208","4190208","32","32","0","-","-","-","0","0","0","0","0","0","0","0","-","0","0","0","0","0","0","0","0","0","0","0","0","0","0","0","0","0","0","0","9","0","0","0","0","0","0","0","0","0","0","0","0","0","0","0","0","0","0","0","0","0","0"
"0x778791775ae0","      IADD3 R98, P4, R98, 0x4, RZ","7","0","7","130944","4190208","4190208","32","32","0","-","-","-","0","0","0","0","0","0","0","0","-","0","0","0","0","0","0","0","0","0","0","0","0","0","0","0","0","0","0","0","7","0","0","0","0","0","0","0","0","0","0","0","0","0","0","0","0","0","0","0","0","0","0"
"0x778791775af0","      IMAD.X R93, RZ, RZ, R93, P5","8","0","8","130944","4190208","4190208","32","32","0","-","-","-","0","0","0","0","0","0","0","0","-","0","0","0","0","0","0","0","0","0","0","0","0","0","0","0","0","0","0","0","8","0","0","0","0","0","0","0","0","0","0","0","0","0","0","0","0","0","0","0","0","0","0"
"0x778791775b00","      IADD3 R100, P5, R100, 0x4, RZ","7","0","7","130944","4190208","4190208","32","32","0","-","-","-","0","0","0","0","0","0","0","0","-","0","0","0","0","0","0","0","0","0","0","0","0","0","0","0","0","0","0","0","7","0","0","0","0","0","0","0","0","0","0","0","0","0","0","0","0","0","0","0","0","0","0"
"0x778791775b10","      IMAD.X R95, RZ, RZ, R95, P6","10","0","10","130944","4190208","4190208","32","32","0","-","-","-","0","0","0","0","0","0","0","0","-","0","0","0","0","0","0","0","0","0","0","0","0","0","0","0","0","0","0","0","10","0","0","0","0","0","0","0","0","0","0","0","0","0","0","0","0","0","0","0","0","0","0"
"0x778791775b20","      IADD3 R102, P6, R102, 0x4, RZ","10","0","10","130944","4190208","4190208","32","32","0","-","-","-","0","0","0","0","0","0","0","0","-","0","0","0","0","0","0","0","0","0","0","0","0","0","0","0","0","0","0","0","10","0","0","0","0","0","0","0","0","0","0","0","0","0","0","0","0","0","0","0","0","0","0"
"0x778791775b30","      IMAD.X R97, RZ, RZ, R97, P3","5","0","5","130944","4190208","4190208","32","32","0","-","-","-","0","0","0","0","0","0","0","0","-","0","0","0","0","0","0","0","0","0","0","0","0","0","0","0","0","0","0","0","5","0","0","0","0","0","0","0","0","0","0","0","0","0","0","0","0","0","0","0","0","0","0"
"0x778791775b40","      IADD3 R104, P3, R104, 0x4, RZ","12","0","12","130944","4190208","4190208","32","32","0","-","-","-","0","0","0","0","0","0","0","0","-","0","0","0","0","0","0","0","0","0","0","0","0","0","0","0","0","0","0","0","12","0","0","0","0","0","0","0","0","0","0","0","0","0","0","0","0","0","0","0","0","0","0"
"0x778791775b50","      IMAD.X R99, RZ, RZ, R99, P4","6","0","6","130944","4190208","4190208","32","32","0","-","-","-","0","0","0","0","0","0","0","0","-","0","0","0","0","0","0","0","0","0","0","0","0","0","0","0","0","0","0","0","6","0","0","0","0","0","0","0","0","0","0","0","0","0","0","0","0","0","0","0","0","0","0"
"0x778791775b60","      IADD3 R106, P4, R106, 0x4, RZ","5","0","5","130944","4190208","4190208","32","32","0","-","-","-","0","0","0","0","0","0","0","0","-","0","0","0","0","0","0","0","0","0","0","0","0","0","0","0","0","0","0","0","5","0","0","0","0","0","0","0","0","0","0","0","0","0","0","0","0","0","0","0","0","0","0"
"0x778791775b70","      IMAD.X R101, RZ, RZ, R101, P5","8","0","8","130944","4190208","4190208","32","32","0","-","-","-","0","0","0","0","0","0","0","0","-","0","0","0","0","0","0","0","0","0","0","0","0","0","0","0","0","0","0","0","8","0","0","0","0","0","0","0","0","0","0","0","0","0","0","0","0","0","0","0","0","0","0"
"0x778791775b80","      IADD3 R108, P5, R108, 0x4, RZ","16","0","16","130944","4190208","4190208","32","32","0","-","-","-","0","0","0","0","0","0","0","0","-","0","0","0","0","0","0","0","0","0","0","0","0","0","3","0","0","0","0","5","8","0","0","0","0","0","0","0","0","0","0","0","0","0","0","0","0","0","0","0","0","0","0"
"0x778791775b90","      IMAD.X R103, RZ, RZ, R103, P6","8","0","8","130944","4190208","4190208","32","32","0","-","-","-","0","0","0","0","0","0","0","0","-","0","0","0","0","0","0","0","0","0","0","0","0","0","0","0","0","0","0","0","8","0","0","0","0","0","0","0","0","0","0","0","0","0","0","0","0","0","0","0","0","0","0"
"0x778791775ba0","      IADD3 R110, P6, R110, 0x4, RZ","12","0","12","130944","4190208","4190208","32","32","0","-","-","-","0","0","0","0","0","0","0","0","-","0","0","0","0","0","0","0","0","0","0","0","0","0","0","0","0","0","0","0","12","0","0","0","0","0","0","0","0","0","0","0","0","0","0","0","0","0","0","0","0","0","0"
"0x778791775bb0","      IMAD.X R105, RZ, RZ, R105, P3","2","0","2","130944","4190208","4190208","32","32","0","-","-","-","0","0","0","0","0","0","0","0","-","0","0","0","0","0","0","0","0","0","0","0","0","0","0","0","0","0","0","0","2","0","0","0","0","0","0","0","0","0","0","0","0","0","0","0","0","0","0","0","0","0","0"
"0x778791775bc0","      IADD3 R112, P3, R112, 0x4, RZ","4","0","4","130944","4190208","4190208","32","32","0","-","-","-","0","0","0","0","0","0","0","0","-","0","0","0","0","0","0","0","0","0","0","0","0","0","0","0","0","0","0","0","4","0","0","0","0","0","0","0","0","0","0","0","0","0","0","0","0","0","0","0","0","0","0"
"0x778791775bd0","      IMAD.X R107, RZ, RZ, R107, P4","11","0","11","130944","4190208","4190208","32","32","0","-","-","-","0","0","0","0","0","0","0","0","-","0","0","0","0","0","0","0","0","0","0","0","0","0","0","0","0","0","0","0","11","0","0","0","0","0","0","0","0","0","0","0","0","0","0","0","0","0","0","0","0","0","0"
"0x778791775be0","      IADD3 R114, P4, R114, 0x4, RZ","7","0","7","130944","4190208","4190208","32","32","0","-","-","-","0","0","0","0","0","0","0","0","-","0","0","0","0","0","0","0","0","0","0","0","0","0","0","0","0","0","0","0","7","0","0","0","0","0","0","0","0","0","0","0","0","0","0","0","0","0","0","0","0","0","0"
"0x778791775bf0","      IMAD.X R109, RZ, RZ, R109, P5","5","0","5","130944","4190208","4190208","32","32","0","-","-","-","0","0","0","0","0","0","0","0","-","0","0","0","0","0","0","0","0","0","0","0","0","0","0","0","0","0","0","0","5","0","0","0","0","0","0","0","0","0","0","0","0","0","0","0","0","0","0","0","0","0","0"
"0x778791775c00","      IADD3 R116, P5, R116, 0x4, RZ","92","0","92","130944","4190208","4190208","32","32","0","-","-","-","0","0","0","0","0","0","0","0","-","0","0","0","0","0","0","0","0","0","0","0","0","0","33","0","0","0","1","40","18","0","0","0","0","0","0","0","0","0","0","0","0","0","0","0","0","0","0","0","0","0","0"
"0x778791775c10","      IMAD.X R111, RZ, RZ, R111, P6","7","0","7","130944","4190208","4190208","32","32","0","-","-","-","0","0","0","0","0","0","0","0","-","0","0","0","0","0","0","0","0","0","0","0","0","0","0","0","0","0","0","0","7","0","0","0","0","0","0","0","0","0","0","0","0","0","0","0","0","0","0","0","0","0","0"
"0x778791775c20","      IADD3 R118, P6, R118, 0x4, RZ","8","0","8","130944","4190208","4190208","32","32","0","-","-","-","0","0","0","0","0","0","0","0","-","0","0","0","0","0","0","0","0","0","0","0","0","0","0","0","0","0","0","0","8","0","0","0","0","0","0","0","0","0","0","0","0","0","0","0","0","0","0","0","0","0","0"
"0x778791775c30","      IMAD.X R113, RZ, RZ, R113, P3","9","0","9","130944","4190208","4190208","32","32","0","-","-","-","0","0","0","0","0","0","0","0","-","0","0","0","0","0","0","0","0","0","0","0","0","0","0","0","0","0","0","0","9","0","0","0","0","0","0","0","0","0","0","0","0","0","0","0","0","0","0","0","0","0","0"
"0x778791775c40","      IADD3 R120, P3, R120, 0x4, RZ","8","0","8","130944","4190208","4190208","32","32","0","-","-","-","0","0","0","0","0","0","0","0","-","0","0","0","0","0","0","0","0","0","0","0","0","0","0","0","0","0","0","0","8","0","0","0","0","0","0","0","0","0","0","0","0","0","0","0","0","0","0","0","0","0","0"
"0x778791775c50","      IMAD.X R115, RZ, RZ, R115, P4","5","0","5","130944","4190208","4190208","32","32","0","-","-","-","0","0","0","0","0","0","0","0","-","0","0","0","0","0","0","0","0","0","0","0","0","0","0","0","0","0","0","0","5","0","0","0","0","0","0","0","0","0","0","0","0","0","0","0","0","0","0","0","0","0","0"
"0x778791775c60","      IADD3 R122, P4, R122, 0x4, RZ","6","0","6","130944","4190208","4190208","32","32","0","-","-","-","0","0","0","0","0","0","0","0","-","0","0","0","0","0","0","0","0","0","0","0","0","0","0","0","0","0","0","0","6","0","0","0","0","0","0","0","0","0","0","0","0","0","0","0","0","0","0","0","0","0","0"
"0x778791775c70","      IMAD.X R117, RZ, RZ, R117, P5","6","0","6","130944","4190208","4190208","32","32","0","-","-","-","0","0","0","0","0","0","0","0","-","0","0","0","0","0","0","0","0","0","0","0","0","0","0","0","0","0","0","0","6","0","0","0","0","0","0","0","0","0","0","0","0","0","0","0","0","0","0","0","0","0","0"
"0x778791775c80","      IADD3 R124, P5, R124, 0x4, RZ","40","0","40","130944","4190208","4190208","32","32","0","-","-","-","0","0","0","0","0","0","0","0","-","0","0","0","0","0","0","0","0","0","0","0","0","0","14","0","0","0","2","16","8","0","0","0","0","0","0","0","0","0","0","0","0","0","0","0","0","0","0","0","0","0","0"
"0x778791775c90","      IMAD.X R119, RZ, RZ, R119, P6","10","0","10","130944","4190208","4190208","32","32","0","-","-","-","0","0","0","0","0","0","0","0","-","0","0","0","0","0","0","0","0","0","0","0","0","0","0","0","0","0","0","0","10","0","0","0","0","0","0","0","0","0","0","0","0","0","0","0","0","0","0","0","0","0","0"
"0x778791775ca0","      IADD3 R126, P6, R126, 0x4, RZ","11","0","11","130944","4190208","4190208","32","32","0","-","-","-","0","0","0","0","0","0","0","0","-","0","0","0","0","0","0","0","0","0","0","0","0","0","0","0","0","0","0","0","11","0","0","0","0","0","0","0","0","0","0","0","0","0","0","0","0","0","0","0","0","0","0"
"0x778791775cb0","      IMAD.X R121, RZ, RZ, R121, P3","13","0","13","130944","4190208","4190208","32","32","0","-","-","-","0","0","0","0","0","0","0","0","-","0","0","0","0","0","0","0","0","0","0","0","0","0","0","0","0","0","0","0","13","0","0","0","0","0","0","0","0","0","0","0","0","0","0","0","0","0","0","0","0","0","0"
"0x778791775cc0","      IADD3 R128, P3, R128, 0x4, RZ","10","0","10","130944","4190208","4190208","32","32","0","-","-","-","0","0","0","0","0","0","0","0","-","0","0","0","0","0","0","0","0","0","0","0","0","0","0","0","0","0","0","0","10","0","0","0","0","0","0","0","0","0","0","0","0","0","0","0","0","0","0","0","0","0","0"
"0x778791775cd0","      IMAD.X R123, RZ, RZ, R123, P4","11","0","11","130944","4190208","4190208","32","32","0","-","-","-","0","0","0","0","0","0","0","0","-","0","0","0","0","0","0","0","0","0","0","0","0","0","0","0","0","0","0","0","11","0","0","0","0","0","0","0","0","0","0","0","0","0","0","0","0","0","0","0","0","0","0"
"0x778791775ce0","      IADD3 R130, P4, R130, 0x4, RZ","3","0","3","130944","4190208","4190208","32","32","0","-","-","-","0","0","0","0","0","0","0","0","-","0","0","0","0","0","0","0","0","0","0","0","0","0","0","0","0","0","0","0","3","0","0","0","0","0","0","0","0","0","0","0","0","0","0","0","0","0","0","0","0","0","0"
"0x778791775cf0","      IMAD.X R125, RZ, RZ, R125, P5","13","0","13","130944","4190208","4190208","32","32","0","-","-","-","0","0","0","0","0","0","0","0","-","0","0","0","0","0","0","0","0","0","0","0","0","0","0","0","0","0","0","0","13","0","0","0","0","0","0","0","0","0","0","0","0","0","0","0","0","0","0","0","0","0","0"
"0x778791775d00","      IADD3 R132, P5, R132, 0x4, RZ","10","0","10","130944","4190208","4190208","32","32","0","-","-","-","0","0","0","0","0","0","0","0","-","0","0","0","0","0","0","0","0","0","0","0","0","0","4","0","0","0","0","2","4","0","0","0","0","0","0","0","0","0","0","0","0","0","0","0","0","0","0","0","0","0","0"
"0x778791775d10","      IMAD.X R127, RZ, RZ, R127, P6","7","0","7","130944","4190208","4190208","32","32","0","-","-","-","0","0","0","0","0","0","0","0","-","0","0","0","0","0","0","0","0","0","0","0","0","0","0","0","0","0","0","0","7","0","0","0","0","0","0","0","0","0","0","0","0","0","0","0","0","0","0","0","0","0","0"
"0x778791775d20","      IADD3 R134, P6, R134, 0x4, RZ","2","0","2","130944","4190208","4190208","32","32","0","-","-","-","0","0","0","0","0","0","0","0","-","0","0","0","0","0","0","0","0","0","0","0","0","0","0","0","0","0","0","0","2","0","0","0","0","0","0","0","0","0","0","0","0","0","0","0","0","0","0","0","0","0","0"
"0x778791775d30","      IMAD.X R129, RZ, RZ, R129, P3","10","0","10","130944","4190208","4190208","32","32","0","-","-","-","0","0","0","0","0","0","0","0","-","0","0","0","0","0","0","0","0","0","0","0","0","0","0","0","0","0","0","0","10","0","0","0","0","0","0","0","0","0","0","0","0","0","0","0","0","0","0","0","0","0","0"
"0x778791775d40","      IADD3 R136, P3, R136, 0x4, RZ","6","0","6","130944","4190208","4190208","32","32","0","-","-","-","0","0","0","0","0","0","0","0","-","0","0","0","0","0","0","0","0","0","0","0","0","0","0","0","0","0","0","0","6","0","0","0","0","0","0","0","0","0","0","0","0","0","0","0","0","0","0","0","0","0","0"
"0x778791775d50","      IMAD.X R131, RZ, RZ, R131, P4","11","0","11","130944","4190208","4190208","32","32","0","-","-","-","0","0","0","0","0","0","0","0","-","0","0","0","0","0","0","0","0","0","0","0","0","0","0","0","0","0","0","0","11","0","0","0","0","0","0","0","0","0","0","0","0","0","0","0","0","0","0","0","0","0","0"
"0x778791775d60","      IADD3 R138, P4, R138, 0x4, RZ","11","0","11","130944","4190208","4190208","32","32","0","-","-","-","0","0","0","0","0","0","0","0","-","0","0","0","0","0","0","0","0","0","0","0","0","0","0","0","0","0","0","0","11","0","0","0","0","0","0","0","0","0","0","0","0","0","0","0","0","0","0","0","0","0","0"
"0x778791775d70","      IMAD.X R133, RZ, RZ, R133, P5","9","0","9","130944","4190208","4190208","32","32","0","-","-","-","0","0","0","0","0","0","0","0","-","0","0","0","0","0","0","0","0","0","0","0","0","0","0","0","0","0","0","0","9","0","0","0","0","0","0","0","0","0","0","0","0","0","0","0","0","0","0","0","0","0","0"
"0x778791775d80","      IADD3 R140, P5, R140, 0x4, RZ","12","0","12","130944","4190208","4190208","32","32","0","-","-","-","0","0","0","0","0","0","0","0","-","0","0","0","0","0","0","0","0","0","0","0","0","0","1","0","0","0","0","1","10","0","0","0","0","0","0","0","0","0","0","0","0","0","0","0","0","0","0","0","0","0","0"
"0x778791775d90","      IMAD.X R135, RZ, RZ, R135, P6","11","0","11","130944","4190208","4190208","32","32","0","-","-","-","0","0","0","0","0","0","0","0","-","0","0","0","0","0","0","0","0","0","0","0","0","0","0","0","0","0","0","0","11","0","0","0","0","0","0","0","0","0","0","0","0","0","0","0","0","0","0","0","0","0","0"
"0x778791775da0","      IADD3 R142, P6, R142, 0x4, RZ","10","0","10","130944","4190208","4190208","32","32","0","-","-","-","0","0","0","0","0","0","0","0","-","0","0","0","0","0","0","0","0","0","0","0","0","0","0","0","0","0","0","0","10","0","0","0","0","0","0","0","0","0","0","0","0","0","0","0","0","0","0","0","0","0","0"
"0x778791775db0","      IMAD.X R137, RZ, RZ, R137, P3","8","0","8","130944","4190208","4190208","32","32","0","-","-","-","0","0","0","0","0","0","0","0","-","0","0","0","0","0","0","0","0","0","0","0","0","0","0","0","0","0","0","0","8","0","0","0","0","0","0","0","0","0","0","0","0","0","0","0","0","0","0","0","0","0","0"
"0x778791775dc0","      IADD3 R144, P3, R144, 0x4, RZ","7","0","7","130944","4190208","4190208","32","32","0","-","-","-","0","0","0","0","0","0","0","0","-","0","0","0","0","0","0","0","0","0","0","0","0","0","0","0","0","0","0","0","7","0","0","0","0","0","0","0","0","0","0","0","0","0","0","0","0","0","0","0","0","0","0"
"0x778791775dd0","      IMAD.X R139, RZ, RZ, R139, P4","5","0","5","130944","4190208","4190208","32","32","0","-","-","-","0","0","0","0","0","0","0","0","-","0","0","0","0","0","0","0","0","0","0","0","0","0","0","0","0","0","0","0","5","0","0","0","0","0","0","0","0","0","0","0","0","0","0","0","0","0","0","0","0","0","0"
"0x778791775de0","      IADD3 R146, P4, R146, 0x4, RZ","9","0","9","130944","4190208","4190208","32","32","0","-","-","-","0","0","0","0","0","0","0","0","-","0","0","0","0","0","0","0","0","0","0","0","0","0","0","0","0","0","0","0","9","0","0","0","0","0","0","0","0","0","0","0","0","0","0","0","0","0","0","0","0","0","0"
"0x778791775df0","      IMAD.X R141, RZ, RZ, R141, P5","7","0","7","130944","4190208","4190208","32","32","0","-","-","-","0","0","0","0","0","0","0","0","-","0","0","0","0","0","0","0","0","0","0","0","0","0","0","0","0","0","0","0","7","0","0","0","0","0","0","0","0","0","0","0","0","0","0","0","0","0","0","0","0","0","0"
"0x778791775e00","      IADD3 R148, P5, R148, 0x4, RZ","6","0","6","130944","4190208","4190208","32","32","0","-","-","-","0","0","0","0","0","0","0","0","-","0","0","0","0","0","0","0","0","0","0","0","0","0","0","0","0","0","0","0","6","0","0","0","0","0","0","0","0","0","0","0","0","0","0","0","0","0","0","0","0","0","0"
"0x778791775e10","      IMAD.X R143, RZ, RZ, R143, P6","6","0","6","130944","4190208","4190208","32","32","0","-","-","-","0","0","0","0","0","0","0","0","-","0","0","0","0","0","0","0","0","0","0","0","0","0","0","0","0","0","0","0","6","0","0","0","0","0","0","0","0","0","0","0","0","0","0","0","0","0","0","0","0","0","0"
"0x778791775e20","      IMAD.X R145, RZ, RZ, R145, P3","171","14","171","130944","4190208","4190208","32","32","0","-","-","-","0","0","0","0","0","0","0","0","-","0","0","0","0","0","0","0","0","0","0","0","0","0","84","0","0","0","0","77","1","0","0","0","9","0","0","0","0","0","0","0","10","0","0","0","0","0","0","0","0","0","4"
"0x778791775e30","      IMAD.X R147, RZ, RZ, R147, P4","34","6","34","130944","4190208","4190208","32","32","0","-","-","-","0","0","0","0","0","0","0","0","-","0","0","0","0","0","0","0","0","0","0","0","0","0","8","0","0","0","0","12","9","0","0","0","5","0","0","0","0","0","0","0","1","0","0","0","0","0","0","0","0","0","5"
"0x778791775e40","      IMAD.X R151, RZ, RZ, R151, P5","14","8","14","130944","4190208","4190208","32","32","0","-","-","-","0","0","0","0","0","0","0","0","-","0","0","0","0","0","0","0","0","0","0","0","0","0","0","0","0","0","0","0","6","0","0","0","8","0","0","0","0","0","0","0","0","0","0","0","0","0","0","0","0","0","8"
"0x778791775e50","      UMOV UR4, UR8","189","114","189","270336","8650752","8650752","32","32","0","-","-","-","0","0","0","0","0","0","0","0","-","0","0","0","0","0","0","0","27","0","0","0","0","0","0","0","0","0","111","6","7","0","0","0","38","0","16","0","0","0","0","0","0","0","0","0","80","0","0","0","0","0","18"
"0x778791775e60","      IMAD.X R169, RZ, RZ, R169, P0","15","0","15","270336","8650752","8650752","32","32","0","-","-","-","0","0","0","0","0","0","0","0","-","0","0","0","0","0","0","0","0","0","0","0","0","0","0","0","0","0","0","0","15","0","0","0","0","0","0","0","0","0","0","0","0","0","0","0","0","0","0","0","0","0","0"
"0x778791775e70","      IMAD.X R170, RZ, RZ, R170, P1","28","11","28","270336","8650752","8650752","32","32","0","-","-","-","0","0","0","0","0","0","0","0","-","0","0","0","0","0","0","0","0","0","0","0","0","0","0","0","0","0","0","1","15","0","0","0","12","0","0","0","0","0","0","0","0","0","0","0","0","0","0","0","0","0","11"
"0x778791775e80","@P2   BRA 0x7787917741a0","35","9","35","270336","8650752","8515584","32","31","0","-","-","-","0","0","0","0","0","0","0","0","-","0","0","0","0","0","0","0","0","0","0","0","0","0","0","0","0","0","15","3","17","0","0","0","0","0","0","0","0","0","0","0","0","0","0","0","9","0","0","0","0","0","0"
"0x778791775e90","      IMAD.SHL.U32 R2, R197, 0x80, RZ","106","63","106","4224","135168","135168","32","32","0","-","-","-","0","0","0","0","0","0","0","0","-","0","0","0","0","0","0","0","0","0","0","0","0","0","2","0","0","0","0","0","20","0","0","0","84","0","0","0","0","0","0","0","2","0","0","0","0","0","0","0","0","0","61"
"0x778791775ea0","      DEPBAR.LE SB0, 0x0","0","0","0","4224","135168","135168","32","32","0","-","-","-","0","0","0","0","0","0","0","0","-","0","0","0","0","0","0","0","0","0","0","0","0","0","0","0","0","0","0","0","0","0","0","0","0","0","0","0","0","0","0","0","0","0","0","0","0","0","0","0","0","0","0"
"0x778791775eb0","      IMAD.SHL.U32 R24, R197, 0x40, RZ","8","1","8","4224","135168","135168","32","32","0","-","-","-","0","0","0","0","0","0","0","0","-","0","0","0","0","0","0","0","0","0","0","0","0","0","3","0","0","0","0","1","0","0","0","0","4","0","0","0","0","0","0","0","0","0","0","0","0","0","0","0","0","0","1"
"0x778791775ec0","      LOP3.LUT R82, R197, 0x10, RZ, 0xc0, !PT","0","0","0","4224","135168","135168","32","32","0","-","-","-","0","0","0","0","0","0","0","0","-","0","0","0","0","0","0","0","0","0","0","0","0","0","0","0","0","0","0","0","0","0","0","0","0","0","0","0","0","0","0","0","0","0","0","0","0","0","0","0","0","0","0"
"0x778791775ed0","      IMAD.SHL.U32 R73, R197, 0x8, RZ","1","0","1","4224","135168","135168","32","32","0","-","-","-","0","0","0","0","0","0","0","0","-","0","0","0","0","0","0","0","0","0","0","0","0","0","0","0","0","0","0","0","1","0","0","0","0","0","0","0","0","0","0","0","0","0","0","0","0","0","0","0","0","0","0"
"0x778791775ee0","      LOP3.LUT R3, R2, 0x780, RZ, 0xc0, !PT","1","0","1","4224","135168","135168","32","32","0","-","-","-","0","0","0","0","0","0","0","0","-","0","0","0","0","0","0","0","0","0","0","0","0","0","0","0","0","0","0","0","1","0","0","0","0","0","0","0","0","0","0","0","0","0","0","0","0","0","0","0","0","0","0"
"0x778791775ef0","      ULDC UR4, c[0x0][0x23c]","1","0","1","4224","135168","135168","32","32","0","-","-","-","0","0","0","0","0","0","0","0","-","0","0","0","0","0","0","0","0","0","0","0","0","0","0","0","0","0","0","0","1","0","0","0","0","0","0","0","0","0","0","0","0","0","0","0","0","0","0","0","0","0","0"
"0x778791775f00","      SHF.R.U32.HI R2, RZ, 0x3, R69","0","0","0","4224","135168","135168","32","32","0","-","-","-","0","0","0","0","0","0","0","0","-","0","0","0","0","0","0","0","0","0","0","0","0","0","0","0","0","0","0","0","0","0","0","0","0","0","0","0","0","0","0","0","0","0","0","0","0","0","0","0","0","0","0"
"0x778791775f10","      VIADD R28, R73, 0x1800","0","0","0","4224","135168","135168","32","32","0","-","-","-","0","0","0","0","0","0","0","0","-","0","0","0","0","0","0","0","0","0","0","0","0","0","0","0","0","0","0","0","0","0","0","0","0","0","0","0","0","0","0","0","0","0","0","0","0","0","0","0","0","0","0"
"0x778791775f20","      LOP3.LUT R24, R24, 0x1800, RZ, 0xc0, !PT","0","0","0","4224","135168","135168","32","32","0","-","-","-","0","0","0","0","0","0","0","0","-","0","0","0","0","0","0","0","0","0","0","0","0","0","0","0","0","0","0","0","0","0","0","0","0","0","0","0","0","0","0","0","0","0","0","0","0","0","0","0","0","0","0"
"0x778791775f30","      IMAD R51, R75, UR4, RZ","0","0","0","4224","135168","135168","32","32","0","-","-","-","0","0","0","0","0","0","0","0","-","0","0","0","0","0","0","0","0","0","0","0","0","0","0","0","0","0","0","0","0","0","0","0","0","0","0","0","0","0","0","0","0","0","0","0","0","0","0","0","0","0","0"
"0x778791775f40","      LEA.HI R3, R82, R3, RZ, 0x1f","0","0","0","4224","135168","135168","32","32","0","-","-","-","0","0","0","0","0","0","0","0","-","0","0","0","0","0","0","0","0","0","0","0","0","0","0","0","0","0","0","0","0","0","0","0","0","0","0","0","0","0","0","0","0","0","0","0","0","0","0","0","0","0","0"
"0x778791775f50","      IMAD R53, R76, UR4, RZ","0","0","0","4224","135168","135168","32","32","0","-","-","-","0","0","0","0","0","0","0","0","-","0","0","0","0","0","0","0","0","0","0","0","0","0","0","0","0","0","0","0","0","0","0","0","0","0","0","0","0","0","0","0","0","0","0","0","0","0","0","0","0","0","0"
"0x778791775f60","      LOP3.LUT R49, R197, 0x80, RZ, 0xc0, !PT","1","0","1","4224","135168","135168","32","32","0","-","-","-","0","0","0","0","0","0","0","0","-","0","0","0","0","0","0","0","0","0","0","0","0","0","0","0","0","0","0","0","1","0","0","0","0","0","0","0","0","0","0","0","0","0","0","0","0","0","0","0","0","0","0"
"0x778791775f70","      LOP3.LUT R2, R2, 0x7f8, RZ, 0xc0, !PT","2","0","2","4224","135168","135168","32","32","0","-","-","-","0","0","0","0","0","0","0","0","-","0","0","0","0","0","0","0","0","0","0","0","0","0","1","0","0","0","0","1","0","0","0","0","0","0","0","0","0","0","0","0","0","0","0","0","0","0","0","0","0","0","0"
"0x778791775f80","      IMAD.IADD R24, R3, 0x1, R24","0","0","0","4224","135168","135168","32","32","0","-","-","-","0","0","0","0","0","0","0","0","-","0","0","0","0","0","0","0","0","0","0","0","0","0","0","0","0","0","0","0","0","0","0","0","0","0","0","0","0","0","0","0","0","0","0","0","0","0","0","0","0","0","0"
"0x778791775f90","      LOP3.LUT R26, R68, 0x3000, RZ, 0xfc, !PT","0","0","0","4224","135168","135168","32","32","0","-","-","-","0","0","0","0","0","0","0","0","-","0","0","0","0","0","0","0","0","0","0","0","0","0","0","0","0","0","0","0","0","0","0","0","0","0","0","0","0","0","0","0","0","0","0","0","0","0","0","0","0","0","0"
"0x778791775fa0","      SHF.R.U32.HI R28, RZ, 0x3, R28","1","1","1","4224","135168","135168","32","32","0","-","-","-","0","0","0","0","0","0","0","0","-","0","0","0","0","0","0","0","0","0","0","0","0","0","0","0","0","0","0","0","0","0","0","0","1","0","0","0","0","0","0","0","0","0","0","0","0","0","0","0","0","0","1"
"0x778791775fb0","      VIADD R3, R2, UR6","1","0","1","4224","135168","135168","32","32","0","-","-","-","0","0","0","0","0","0","0","0","-","0","0","0","0","0","0","0","0","0","0","0","0","0","0","0","0","0","0","0","1","0","0","0","0","0","0","0","0","0","0","0","0","0","0","0","0","0","0","0","0","0","0"
"0x778791775fc0","      LOP3.LUT R2, R68, 0x1000, RZ, 0xfc, !PT","0","0","0","4224","135168","135168","32","32","0","-","-","-","0","0","0","0","0","0","0","0","-","0","0","0","0","0","0","0","0","0","0","0","0","0","0","0","0","0","0","0","0","0","0","0","0","0","0","0","0","0","0","0","0","0","0","0","0","0","0","0","0","0","0"
"0x778791775fd0","      IMAD R24, R49, 0x40, R24","0","0","0","4224","135168","135168","32","32","0","-","-","-","0","0","0","0","0","0","0","0","-","0","0","0","0","0","0","0","0","0","0","0","0","0","0","0","0","0","0","0","0","0","0","0","0","0","0","0","0","0","0","0","0","0","0","0","0","0","0","0","0","0","0"
"0x778791775fe0","      SHF.R.U32.HI R26, RZ, 0x3, R26","1","0","1","4224","135168","135168","32","32","0","-","-","-","0","0","0","0","0","0","0","0","-","0","0","0","0","0","0","0","0","0","0","0","0","0","0","0","0","0","0","0","1","0","0","0","0","0","0","0","0","0","0","0","0","0","0","0","0","0","0","0","0","0","0"
"0x778791775ff0","      LOP3.LUT R28, R28, 0x3f0, RZ, 0xc0, !PT","0","0","0","4224","135168","135168","32","32","0","-","-","-","0","0","0","0","0","0","0","0","-","0","0","0","0","0","0","0","0","0","0","0","0","0","0","0","0","0","0","0","0","0","0","0","0","0","0","0","0","0","0","0","0","0","0","0","0","0","0","0","0","0","0"
"0x778791776000","      IMAD R27, R24, 0x2, R3","0","0","0","4224","135168","135168","32","32","0","-","-","-","0","0","0","0","0","0","0","0","-","0","0","0","0","0","0","0","0","0","0","0","0","0","0","0","0","0","0","0","0","0","0","0","0","0","0","0","0","0","0","0","0","0","0","0","0","0","0","0","0","0","0"
"0x778791776010","      BAR.SYNC.DEFER_BLOCKING 0x0","0","0","0","4224","135168","135168","32","32","0","-","-","-","0","0","0","0","0","0","0","0","-","0","0","0","0","0","0","0","0","0","0","0","0","0","0","0","0","0","0","0","0","0","0","0","0","0","0","0","0","0","0","0","0","0","0","0","0","0","0","0","0","0","0"
"0x778791776020","      LOP3.LUT R24, R68, 0x2800, RZ, 0xfc, !PT","0","0","0","4224","135168","135168","32","32","0","-","-","-","0","0","0","0","0","0","0","0","-","0","0","0","0","0","0","0","0","0","0","0","0","0","0","0","0","0","0","0","0","0","0","0","0","0","0","0","0","0","0","0","0","0","0","0","0","0","0","0","0","0","0"
"0x778791776030","      SHF.R.U32.HI R3, RZ, 0x3, R2","5","0","5","4224","135168","135168","32","32","0","-","-","-","0","0","0","0","0","0","0","0","-","0","0","0","0","0","0","0","0","0","0","0","0","0","1","0","0","0","0","3","1","0","0","0","0","0","0","0","0","0","0","0","0","0","0","0","0","0","0","0","0","0","0"
"0x778791776040","      VIADD R2, R73, 0x3800","0","0","0","4224","135168","135168","32","32","0","-","-","-","0","0","0","0","0","0","0","0","-","0","0","0","0","0","0","0","0","0","0","0","0","0","0","0","0","0","0","0","0","0","0","0","0","0","0","0","0","0","0","0","0","0","0","0","0","0","0","0","0","0","0"
"0x778791776050","      SHF.R.U32.HI R25, RZ, 0x3, R24","0","0","0","4224","135168","135168","32","32","0","-","-","-","0","0","0","0","0","0","0","0","-","0","0","0","0","0","0","0","0","0","0","0","0","0","0","0","0","0","0","0","0","0","0","0","0","0","0","0","0","0","0","0","0","0","0","0","0","0","0","0","0","0","0"
"0x778791776060","      VIADD R24, R73, 0x2000","0","0","0","4224","135168","135168","32","32","0","-","-","-","0","0","0","0","0","0","0","0","-","0","0","0","0","0","0","0","0","0","0","0","0","0","0","0","0","0","0","0","0","0","0","0","0","0","0","0","0","0","0","0","0","0","0","0","0","0","0","0","0","0","0"
"0x778791776070","      LOP3.LUT R3, R3, 0x2f0, RZ, 0xc0, !PT","1","0","1","4224","135168","135168","32","32","0","-","-","-","0","0","0","0","0","0","0","0","-","0","0","0","0","0","0","0","0","0","0","0","0","0","0","0","0","0","0","0","1","0","0","0","0","0","0","0","0","0","0","0","0","0","0","0","0","0","0","0","0","0","0"
"0x778791776080","      VIADD R28, R28, UR6","0","0","0","4224","135168","135168","32","32","0","-","-","-","0","0","0","0","0","0","0","0","-","0","0","0","0","0","0","0","0","0","0","0","0","0","0","0","0","0","0","0","0","0","0","0","0","0","0","0","0","0","0","0","0","0","0","0","0","0","0","0","0","0","0"
"0x778791776090","      SHF.R.U32.HI R2, RZ, 0x3, R2","0","0","0","4224","135168","135168","32","32","0","-","-","-","0","0","0","0","0","0","0","0","-","0","0","0","0","0","0","0","0","0","0","0","0","0","0","0","0","0","0","0","0","0","0","0","0","0","0","0","0","0","0","0","0","0","0","0","0","0","0","0","0","0","0"
"0x7787917760a0","      SHF.R.U32.HI R24, RZ, 0x3, R24","0","0","0","4224","135168","135168","32","32","0","-","-","-","0","0","0","0","0","0","0","0","-","0","0","0","0","0","0","0","0","0","0","0","0","0","0","0","0","0","0","0","0","0","0","0","0","0","0","0","0","0","0","0","0","0","0","0","0","0","0","0","0","0","0"
"0x7787917760b0","      VIADD R3, R3, UR6","0","0","0","4224","135168","135168","32","32","0","-","-","-","0","0","0","0","0","0","0","0","-","0","0","0","0","0","0","0","0","0","0","0","0","0","0","0","0","0","0","0","0","0","0","0","0","0","0","0","0","0","0","0","0","0","0","0","0","0","0","0","0","0","0"
"0x7787917760c0","      LOP3.LUT R25, R25, 0x5f0, RZ, 0xc0, !PT","0","0","0","4224","135168","135168","32","32","0","-","-","-","0","0","0","0","0","0","0","0","-","0","0","0","0","0","0","0","0","0","0","0","0","0","0","0","0","0","0","0","0","0","0","0","0","0","0","0","0","0","0","0","0","0","0","0","0","0","0","0","0","0","0"
"0x7787917760d0","      IMAD R28, R73, 0x2, R28","1","0","1","4224","135168","135168","32","32","0","-","-","-","0","0","0","0","0","0","0","0","-","0","0","0","0","0","0","0","0","0","0","0","0","0","0","0","0","0","0","0","1","0","0","0","0","0","0","0","0","0","0","0","0","0","0","0","0","0","0","0","0","0","0"
"0x7787917760e0","      LOP3.LUT R26, R26, 0x6f0, RZ, 0xc0, !PT","1","0","1","4224","135168","135168","32","32","0","-","-","-","0","0","0","0","0","0","0","0","-","0","0","0","0","0","0","0","0","0","0","0","0","0","0","0","0","0","0","0","1","0","0","0","0","0","0","0","0","0","0","0","0","0","0","0","0","0","0","0","0","0","0"
"0x7787917760f0","      LOP3.LUT R2, R2, 0x7f0, RZ, 0xc0, !PT","1","0","1","4224","135168","135168","32","32","0","-","-","-","0","0","0","0","0","0","0","0","-","0","0","0","0","0","0","0","0","0","0","0","0","0","0","0","0","0","0","1","0","0","0","0","0","0","0","0","0","0","0","0","0","0","0","0","0","0","0","0","0","0","0"
"0x778791776100","      LOP3.LUT R24, R24, 0x4f0, RZ, 0xc0, !PT","0","0","0","4224","135168","135168","32","32","0","-","-","-","0","0","0","0","0","0","0","0","-","0","0","0","0","0","0","0","0","0","0","0","0","0","0","0","0","0","0","0","0","0","0","0","0","0","0","0","0","0","0","0","0","0","0","0","0","0","0","0","0","0","0"
"0x778791776110","      VIADD R29, R26, UR6","0","0","0","4224","135168","135168","32","32","0","-","-","-","0","0","0","0","0","0","0","0","-","0","0","0","0","0","0","0","0","0","0","0","0","0","0","0","0","0","0","0","0","0","0","0","0","0","0","0","0","0","0","0","0","0","0","0","0","0","0","0","0","0","0"
"0x778791776120","      LOP3.LUT R54, R73, 0x7f8, RZ, 0xc0, !PT","0","0","0","4224","135168","135168","32","32","0","-","-","-","0","0","0","0","0","0","0","0","-","0","0","0","0","0","0","0","0","0","0","0","0","0","0","0","0","0","0","0","0","0","0","0","0","0","0","0","0","0","0","0","0","0","0","0","0","0","0","0","0","0","0"
"0x778791776130","      VIADD R2, R2, UR6","0","0","0","4224","135168","135168","32","32","0","-","-","-","0","0","0","0","0","0","0","0","-","0","0","0","0","0","0","0","0","0","0","0","0","0","0","0","0","0","0","0","0","0","0","0","0","0","0","0","0","0","0","0","0","0","0","0","0","0","0","0","0","0","0"
"0x778791776140","      PLOP3.LUT P0, PT, PT, PT, UP3, 0x80, 0x0","0","0","0","4224","135168","135168","32","32","0","-","-","-","0","0","0","0","0","0","0","0","-","0","0","0","0","0","0","0","0","0","0","0","0","0","0","0","0","0","0","0","0","0","0","0","0","0","0","0","0","0","0","0","0","0","0","0","0","0","0","0","0","0","0"
"0x778791776150","      STSM.16.M88.4 [R27], R64","0","0","0","4224","135168","135168","32","32","0","Shared","Store","128","0","4","0","16896","16896","0","0","0","-","0","0","0","0","0","0","0","0","0","0","0","0","0","0","0","0","0","0","0","0","0","0","0","0","0","0","0","0","0","0","0","0","0","0","0","0","0","0","0","0","0","0"
"0x778791776160","      LOP3.LUT R48, R197, 0xf0, RZ, 0xc0, !PT","0","0","0","4224","135168","135168","32","32","0","-","-","-","0","0","0","0","0","0","0","0","-","0","0","0","0","0","0","0","0","0","0","0","0","0","0","0","0","0","0","0","0","0","0","0","0","0","0","0","0","0","0","0","0","0","0","0","0","0","0","0","0","0","0"
"0x778791776170","      IMAD R40, R54, 0x2, R29","1","0","1","4224","135168","135168","32","32","0","-","-","-","0","0","0","0","0","0","0","0","-","0","0","0","0","0","0","0","0","0","0","0","0","0","0","0","0","0","0","0","1","0","0","0","0","0","0","0","0","0","0","0","0","0","0","0","0","0","0","0","0","0","0"
"0x778791776180","      STSM.16.M88.4 [R27+0x20], R60","0","0","0","4224","135168","135168","32","32","0","Shared","Store","128","0","4","0","16896","16896","0","0","0","-","0","0","0","0","0","0","0","0","0","0","0","0","0","0","0","0","0","0","0","0","0","0","0","0","0","0","0","0","0","0","0","0","0","0","0","0","0","0","0","0","0","0"
"0x778791776190","      IMAD R44, R73, 0x2, R2","1","0","1","4224","135168","135168","32","32","0","-","-","-","0","0","0","0","0","0","0","0","-","0","0","0","0","0","0","0","0","0","0","0","0","0","0","0","0","0","0","0","1","0","0","0","0","0","0","0","0","0","0","0","0","0","0","0","0","0","0","0","0","0","0"
"0x7787917761a0","      VIADD R55, R48, UR6","2","1","2","4224","135168","135168","32","32","0","-","-","-","0","0","0","0","0","0","0","0","-","0","0","0","0","0","0","0","0","0","0","0","0","0","2","0","0","0","0","0","0","0","0","0","0","0","0","0","0","0","0","0","1","0","0","0","0","0","0","0","0","0","0"
"0x7787917761b0","      STSM.16.M88.4 [R27+0x40], R56","0","0","0","4224","135168","135168","32","32","0","Shared","Store","128","0","4","0","16896","16896","0","0","0","-","0","0","0","0","0","0","0","0","0","0","0","0","0","0","0","0","0","0","0","0","0","0","0","0","0","0","0","0","0","0","0","0","0","0","0","0","0","0","0","0","0","0"
"0x7787917761c0","      IMAD R48, R54, 0x2, R55","0","0","0","4224","135168","135168","32","32","0","-","-","-","0","0","0","0","0","0","0","0","-","0","0","0","0","0","0","0","0","0","0","0","0","0","0","0","0","0","0","0","0","0","0","0","0","0","0","0","0","0","0","0","0","0","0","0","0","0","0","0","0","0","0"
"0x7787917761d0","      STSM.16.M88.4 [R27+0x60], R20","0","0","0","4224","135168","135168","32","32","0","Shared","Store","128","0","4","0","16896","16896","0","0","0","-","0","0","0","0","0","0","0","0","0","0","0","0","0","0","0","0","0","0","0","0","0","0","0","0","0","0","0","0","0","0","0","0","0","0","0","0","0","0","0","0","0","0"
"0x7787917761e0","      STSM.16.M88.4 [R27+0x80], R16","2","0","2","4224","135168","135168","32","32","0","Shared","Store","128","0","4","0","16896","16896","0","0","0","-","0","0","0","0","0","0","0","0","0","0","0","0","0","0","0","0","0","0","0","0","0","0","0","2","0","0","0","0","0","0","0","0","0","0","0","0","0","0","0","0","0","0"
"0x7787917761f0","      STSM.16.M88.4 [R27+0xa0], R12","2","2","2","4224","135168","135168","32","32","0","Shared","Store","128","0","4","0","16896","16896","0","0","0","-","0","0","0","0","0","0","0","0","0","0","0","0","0","0","0","1","0","0","0","0","0","0","0","1","0","0","0","0","0","0","0","0","0","1","0","0","0","0","0","0","0","1"
"0x778791776200","      STSM.16.M88.4 [R27+0xc0], R8","15","15","15","4224","135168","135168","32","32","0","Shared","Store","128","0","4","0","16896","16896","0","0","0","-","0","0","0","0","0","0","0","0","0","0","0","0","0","0","0","14","0","0","0","0","0","0","0","1","0","0","0","0","0","0","0","0","0","14","0","0","0","0","0","0","0","1"
"0x778791776210","      STSM.16.M88.4 [R27+0xe0], R4","4","4","4","4224","135168","135168","32","32","0","Shared","Store","128","0","4","0","16896","16896","0","0","0","-","0","0","0","0","0","0","0","0","0","0","0","0","0","0","0","3","0","0","0","0","0","0","0","1","0","0","0","0","0","0","0","0","0","3","0","0","0","0","0","0","0","1"
"0x778791776220","      BAR.SYNC.DEFER_BLOCKING 0x0","0","0","0","4224","135168","135168","32","32","0","-","-","-","0","0","0","0","0","0","0","0","-","0","0","0","0","0","0","0","0","0","0","0","0","0","0","0","0","0","0","0","0","0","0","0","0","0","0","0","0","0","0","0","0","0","0","0","0","0","0","0","0","0","0"
"0x778791776230","      VIADD R27, R25, UR6","43","42","43","4224","135168","135168","32","32","0","-","-","-","0","0","0","0","0","0","0","0","-","0","0","0","0","0","0","0","0","0","0","0","0","0","0","0","0","0","0","0","0","43","0","0","0","0","0","0","0","0","0","0","0","0","0","0","0","0","0","42","0","0","0"
"0x778791776240","      VIADD R25, R24, UR6","0","0","0","4224","135168","135168","32","32","0","-","-","-","0","0","0","0","0","0","0","0","-","0","0","0","0","0","0","0","0","0","0","0","0","0","0","0","0","0","0","0","0","0","0","0","0","0","0","0","0","0","0","0","0","0","0","0","0","0","0","0","0","0","0"
"0x778791776250","      IMAD R24, R54, 0x2, R3","0","0","0","4224","135168","135168","32","32","0","-","-","-","0","0","0","0","0","0","0","0","-","0","0","0","0","0","0","0","0","0","0","0","0","0","0","0","0","0","0","0","0","0","0","0","0","0","0","0","0","0","0","0","0","0","0","0","0","0","0","0","0","0","0"
"0x778791776260","      IMAD R36, R54, 0x2, R27","0","0","0","4224","135168","135168","32","32","0","-","-","-","0","0","0","0","0","0","0","0","-","0","0","0","0","0","0","0","0","0","0","0","0","0","0","0","0","0","0","0","0","0","0","0","0","0","0","0","0","0","0","0","0","0","0","0","0","0","0","0","0","0","0"
"0x778791776270","      LDC.64 R2, c[0x0][0x220]","0","0","0","4224","135168","135168","32","32","0","-","-","-","0","0","0","0","0","0","0","0","-","0","0","0","0","0","0","0","0","0","0","0","0","0","0","0","0","0","0","0","0","0","0","0","0","0","0","0","0","0","0","0","0","0","0","0","0","0","0","0","0","0","0"
"0x778791776280","      IMAD R32, R54, 0x2, R25","0","0","0","4224","135168","135168","32","32","0","-","-","-","0","0","0","0","0","0","0","0","-","0","0","0","0","0","0","0","0","0","0","0","0","0","0","0","0","0","0","0","0","0","0","0","0","0","0","0","0","0","0","0","0","0","0","0","0","0","0","0","0","0","0"
"0x778791776290","      LDS.128 R24, [R24+0x2000]","1","1","1","4224","135168","135168","32","32","0","Shared","Load","128","0","4","0","16896","16896","0","0","0","-","0","0","0","0","0","0","0","0","0","0","0","0","0","0","0","0","0","0","0","0","0","0","0","1","0","0","0","0","0","0","0","0","0","0","0","0","0","0","0","0","0","1"
"0x7787917762a0","      LDS.128 R28, [R28+0x3000]","0","0","0","4224","135168","135168","32","32","0","Shared","Load","128","0","4","0","16896","16896","0","0","0","-","0","0","0","0","0","0","0","0","0","0","0","0","0","0","0","0","0","0","0","0","0","0","0","0","0","0","0","0","0","0","0","0","0","0","0","0","0","0","0","0","0","0"
"0x7787917762b0","      LDS.128 R32, [R32+0x4000]","1","1","1","4224","135168","135168","32","32","0","Shared","Load","128","0","4","0","16896","16896","0","0","0","-","0","0","0","0","0","0","0","0","0","0","0","0","0","0","0","0","0","0","0","0","0","0","0","1","0","0","0","0","0","0","0","0","0","0","0","0","0","0","0","0","0","1"
"0x7787917762c0","      LDS.128 R36, [R36+0x5000]","3","2","3","4224","135168","135168","32","32","0","Shared","Load","128","0","4","0","16896","16896","0","0","0","-","0","0","0","0","0","0","0","0","0","0","0","0","0","0","0","0","0","0","0","0","0","0","0","3","0","0","0","0","0","0","0","0","0","0","0","0","0","0","0","0","0","2"
"0x7787917762d0","      LDS.128 R40, [R40+0x6000]","0","0","0","4224","135168","135168","32","32","0","Shared","Load","128","0","4","0","16896","16896","0","0","0","-","0","0","0","0","0","0","0","0","0","0","0","0","0","0","0","0","0","0","0","0","0","0","0","0","0","0","0","0","0","0","0","0","0","0","0","0","0","0","0","0","0","0"
"0x7787917762e0","      IMAD.WIDE R50, R51, 0x2, R2","0","0","0","4224","135168","135168","32","32","0","-","-","-","0","0","0","0","0","0","0","0","-","0","0","0","0","0","0","0","0","0","0","0","0","0","0","0","0","0","0","0","0","0","0","0","0","0","0","0","0","0","0","0","0","0","0","0","0","0","0","0","0","0","0"
"0x7787917762f0","      LDS.128 R44, [R44+0x7000]","1","0","1","4224","135168","135168","32","32","0","Shared","Load","128","0","4","0","16896","16896","0","0","0","-","0","0","0","0","0","0","0","0","0","0","0","0","0","0","0","0","0","0","0","1","0","0","0","0","0","0","0","0","0","0","0","0","0","0","0","0","0","0","0","0","0","0"
"0x778791776300","      IMAD.WIDE R52, R53, 0x2, R2","0","0","0","4224","135168","135168","32","32","0","-","-","-","0","0","0","0","0","0","0","0","-","0","0","0","0","0","0","0","0","0","0","0","0","0","0","0","0","0","0","0","0","0","0","0","0","0","0","0","0","0","0","0","0","0","0","0","0","0","0","0","0","0","0"
"0x778791776310","      IMAD.WIDE R50, R72, 0x2, R50","0","0","0","4224","135168","135168","32","32","0","-","-","-","0","0","0","0","0","0","0","0","-","0","0","0","0","0","0","0","0","0","0","0","0","0","0","0","0","0","0","0","0","0","0","0","0","0","0","0","0","0","0","0","0","0","0","0","0","0","0","0","0","0","0"
"0x778791776320","      IMAD.WIDE R52, R72, 0x2, R52","2","0","2","4224","135168","135168","32","32","0","-","-","-","0","0","0","0","0","0","0","0","-","0","0","0","0","0","0","0","0","0","0","0","0","0","0","0","0","0","0","0","0","0","0","0","2","0","0","0","0","0","0","0","0","0","0","0","0","0","0","0","0","0","0"
"0x778791776330","@!P0  BRA 0x7787917763d0","37","34","37","4224","135168","0","32","0","0","-","-","-","0","0","0","0","0","0","0","0","-","0","0","0","0","0","0","0","0","0","0","0","0","0","0","0","0","0","0","0","0","37","0","0","0","0","0","0","0","0","0","0","0","0","0","0","0","0","0","34","0","0","0"
"0x778791776340","      LOP3.LUT R55, R68, 0x800, RZ, 0xfc, !PT","1","1","1","4224","135168","135168","32","32","0","-","-","-","0","0","0","0","0","0","0","0","-","0","0","0","0","0","0","0","0","0","0","0","0","0","0","0","0","0","0","0","0","0","0","0","1","0","0","0","0","0","0","0","0","0","0","0","0","0","0","0","0","0","1"
"0x778791776350","      LDS.128 R84, [R48]","0","0","0","4224","135168","135168","32","32","0","Shared","Load","128","0","4","0","16896","16896","0","0","0","-","0","0","0","0","0","0","0","0","0","0","0","0","0","0","0","0","0","0","0","0","0","0","0","0","0","0","0","0","0","0","0","0","0","0","0","0","0","0","0","0","0","0"
"0x778791776360","      SHF.R.U32.HI R55, RZ, 0x3, R55","0","0","0","4224","135168","135168","32","32","0","-","-","-","0","0","0","0","0","0","0","0","-","0","0","0","0","0","0","0","0","0","0","0","0","0","0","0","0","0","0","0","0","0","0","0","0","0","0","0","0","0","0","0","0","0","0","0","0","0","0","0","0","0","0"
"0x778791776370","      LOP3.LUT R55, R55, 0x1f0, RZ, 0xc0, !PT","0","0","0","4224","135168","135168","32","32","0","-","-","-","0","0","0","0","0","0","0","0","-","0","0","0","0","0","0","0","0","0","0","0","0","0","0","0","0","0","0","0","0","0","0","0","0","0","0","0","0","0","0","0","0","0","0","0","0","0","0","0","0","0","0"
"0x778791776380","      VIADD R55, R55, UR6","4","4","4","4224","135168","135168","32","32","0","-","-","-","0","0","0","0","0","0","0","0","-","0","0","0","0","0","0","0","0","0","0","0","0","0","0","0","0","0","0","0","0","0","0","0","4","0","0","0","0","0","0","0","0","0","0","0","0","0","0","0","0","0","4"
"0x778791776390","      IMAD R55, R54, 0x2, R55","0","0","0","4224","135168","135168","32","32","0","-","-","-","0","0","0","0","0","0","0","0","-","0","0","0","0","0","0","0","0","0","0","0","0","0","0","0","0","0","0","0","0","0","0","0","0","0","0","0","0","0","0","0","0","0","0","0","0","0","0","0","0","0","0"
"0x7787917763a0","      LDS.128 R88, [R55+0x1000]","0","0","0","4224","135168","135168","32","32","0","Shared","Load","128","0","4","0","16896","16896","0","0","0","-","0","0","0","0","0","0","0","0","0","0","0","0","0","0","0","0","0","0","0","0","0","0","0","0","0","0","0","0","0","0","0","0","0","0","0","0","0","0","0","0","0","0"
"0x7787917763b0","      STG.E.128 desc[UR18][R50.64], R84","22","18","22","4224","135168","135168","32","32","0","Global","Store","128","16896","0","0","0","0","0","67584","67584","","0","0","0","0","0","0","0","0","0","0","0","0","0","0","0","0","0","0","0","0","21","0","0","1","0","0","0","0","0","0","0","0","0","0","0","0","0","0","17","0","0","1"
"0x7787917763c0","      STG.E.128 desc[UR18][R52.64], R88","5","4","5","4224","135168","135168","32","32","0","Global","Store","128","16896","0","0","0","0","0","67584","67584","","0","0","0","0","0","0","0","0","0","0","0","0","0","0","0","0","0","0","0","0","5","0","0","0","0","0","0","0","0","0","0","0","0","0","0","0","0","0","4","0","0","0"
"0x7787917763d0","      PLOP3.LUT P0, PT, PT, PT, UP3, 0x80, 0x0","1","0","1","4224","135168","135168","32","32","0","-","-","-","0","0","0","0","0","0","0","0","-","0","0","0","0","0","0","0","0","0","0","0","0","0","0","0","0","0","0","0","1","0","0","0","0","0","0","0","0","0","0","0","0","0","0","0","0","0","0","0","0","0","0"
"0x7787917763e0","      IMAD R51, R77, UR4, RZ","7","5","7","4224","135168","135168","32","32","0","-","-","-","0","0","0","0","0","0","0","0","-","0","0","0","0","0","0","0","0","0","0","0","0","6","0","0","0","0","0","0","1","0","0","0","0","0","0","0","0","0","0","5","0","0","0","0","0","0","0","0","0","0","0"
"0x7787917763f0","      IMAD R75, R79, UR4, RZ","0","0","0","4224","135168","135168","32","32","0","-","-","-","0","0","0","0","0","0","0","0","-","0","0","0","0","0","0","0","0","0","0","0","0","0","0","0","0","0","0","0","0","0","0","0","0","0","0","0","0","0","0","0","0","0","0","0","0","0","0","0","0","0","0"
"0x778791776400","      IMAD R53, R74, UR4, RZ","1","0","1","4224","135168","135168","32","32","0","-","-","-","0","0","0","0","0","0","0","0","-","0","0","0","0","0","0","0","0","0","0","0","0","0","0","0","0","0","0","0","1","0","0","0","0","0","0","0","0","0","0","0","0","0","0","0","0","0","0","0","0","0","0"
"0x778791776410","      IMAD R55, R78, UR4, RZ","0","0","0","4224","135168","135168","32","32","0","-","-","-","0","0","0","0","0","0","0","0","-","0","0","0","0","0","0","0","0","0","0","0","0","0","0","0","0","0","0","0","0","0","0","0","0","0","0","0","0","0","0","0","0","0","0","0","0","0","0","0","0","0","0"
"0x778791776420","      IMAD R77, R80, UR4, RZ","1","1","1","4224","135168","135168","32","32","0","-","-","-","0","0","0","0","0","0","0","0","-","0","0","0","0","0","0","0","0","0","0","0","0","0","0","0","0","0","0","0","0","0","0","0","1","0","0","0","0","0","0","0","0","0","0","0","0","0","0","0","0","0","1"
"0x778791776430","      IMAD R79, R81, UR4, RZ","0","0","0","4224","135168","135168","32","32","0","-","-","-","0","0","0","0","0","0","0","0","-","0","0","0","0","0","0","0","0","0","0","0","0","0","0","0","0","0","0","0","0","0","0","0","0","0","0","0","0","0","0","0","0","0","0","0","0","0","0","0","0","0","0"
"0x778791776440","      IMAD.WIDE R50, R51, 0x2, R2","1","1","1","4224","135168","135168","32","32","0","-","-","-","0","0","0","0","0","0","0","0","-","0","0","0","0","0","0","0","0","0","0","0","0","0","1","0","0","0","0","0","0","0","0","0","0","0","0","0","0","0","0","0","1","0","0","0","0","0","0","0","0","0","0"
"0x778791776450","      IMAD.WIDE R52, R53, 0x2, R2","1","1","1","4224","135168","135168","32","32","0","-","-","-","0","0","0","0","0","0","0","0","-","0","0","0","0","0","0","0","0","0","0","0","0","0","0","0","0","0","0","0","0","0","0","0","1","0","0","0","0","0","0","0","0","0","0","0","0","0","0","0","0","0","1"
"0x778791776460","      IMAD.WIDE R54, R55, 0x2, R2","4","1","4","4224","135168","135168","32","32","0","-","-","-","0","0","0","0","0","0","0","0","-","0","0","0","0","0","0","0","0","0","0","0","0","0","0","0","0","0","0","0","0","0","0","0","4","0","0","0","0","0","0","0","0","0","0","0","0","0","0","0","0","0","1"
"0x778791776470","      IMAD.WIDE R74, R75, 0x2, R2","2","1","2","4224","135168","135168","32","32","0","-","-","-","0","0","0","0","0","0","0","0","-","0","0","0","0","0","0","0","0","0","0","0","0","0","0","0","0","0","0","0","0","0","0","0","2","0","0","0","0","0","0","0","0","0","0","0","0","0","0","0","0","0","1"
"0x778791776480","      IMAD.WIDE R76, R77, 0x2, R2","2","2","2","4224","135168","135168","32","32","0","-","-","-","0","0","0","0","0","0","0","0","-","0","0","0","0","0","0","0","0","0","0","0","0","0","0","0","0","0","0","0","0","0","0","0","2","0","0","0","0","0","0","0","0","0","0","0","0","0","0","0","0","0","2"
"0x778791776490","      IMAD.WIDE R78, R79, 0x2, R2","2","1","2","4224","135168","135168","32","32","0","-","-","-","0","0","0","0","0","0","0","0","-","0","0","0","0","0","0","0","0","0","0","0","0","0","0","0","0","0","0","0","0","0","0","0","2","0","0","0","0","0","0","0","0","0","0","0","0","0","0","0","0","0","1"
"0x7787917764a0","      IMAD.WIDE R50, R72, 0x2, R50","4","4","4","4224","135168","135168","32","32","0","-","-","-","0","0","0","0","0","0","0","0","-","0","0","0","0","0","0","0","0","0","0","0","0","0","2","0","0","0","0","0","0","0","0","0","2","0","0","0","0","0","0","0","2","0","0","0","0","0","0","0","0","0","2"
"0x7787917764b0","      IMAD.WIDE R52, R72, 0x2, R52","3","1","3","4224","135168","135168","32","32","0","-","-","-","0","0","0","0","0","0","0","0","-","0","0","0","0","0","0","0","0","0","0","0","0","0","1","0","0","0","0","0","1","0","0","0","1","0","0","0","0","0","0","0","1","0","0","0","0","0","0","0","0","0","0"
"0x7787917764c0","      IMAD.WIDE R54, R72, 0x2, R54","1","0","1","4224","135168","135168","32","32","0","-","-","-","0","0","0","0","0","0","0","0","-","0","0","0","0","0","0","0","0","0","0","0","0","0","0","0","0","0","0","0","0","0","0","0","1","0","0","0","0","0","0","0","0","0","0","0","0","0","0","0","0","0","0"
"0x7787917764d0","      IMAD.WIDE R74, R72, 0x2, R74","1","0","1","4224","135168","135168","32","32","0","-","-","-","0","0","0","0","0","0","0","0","-","0","0","0","0","0","0","0","0","0","0","0","0","0","0","0","0","0","0","0","0","0","0","0","1","0","0","0","0","0","0","0","0","0","0","0","0","0","0","0","0","0","0"
"0x7787917764e0","      IMAD.WIDE R76, R72, 0x2, R76","2","0","2","4224","135168","135168","32","32","0","-","-","-","0","0","0","0","0","0","0","0","-","0","0","0","0","0","0","0","0","0","0","0","0","0","0","0","0","0","0","0","0","0","0","0","2","0","0","0","0","0","0","0","0","0","0","0","0","0","0","0","0","0","0"
"0x7787917764f0","      IMAD.WIDE R78, R72, 0x2, R78","2","1","2","4224","135168","135168","32","32","0","-","-","-","0","0","0","0","0","0","0","0","-","0","0","0","0","0","0","0","0","0","0","0","0","0","0","0","0","0","0","0","0","0","0","0","2","0","0","0","0","0","0","0","0","0","0","0","0","0","0","0","0","0","1"
"0x778791776500","@!P0  BRA 0x778791776550","1","0","1","4224","135168","0","32","0","0","-","-","-","0","0","0","0","0","0","0","0","-","0","0","0","0","0","0","0","0","0","0","0","0","0","0","0","0","0","0","0","1","0","0","0","0","0","0","0","0","0","0","0","0","0","0","0","0","0","0","0","0","0","0"
"0x778791776510","      PLOP3.LUT P0, PT, PT, PT, UP3, 0x80, 0x0","4","4","4","4224","135168","135168","32","32","0","-","-","-","0","0","0","0","0","0","0","0","-","0","0","0","0","0","0","0","0","0","0","0","0","0","0","0","0","0","0","0","0","0","0","0","4","0","0","0","0","0","0","0","0","0","0","0","0","0","0","0","0","0","4"
"0x778791776520","      STG.E.128 desc[UR18][R50.64], R24","1","0","1","4224","135168","135168","32","32","0","Global","Store","128","16896","0","0","0","0","0","67584","67584","","0","0","0","0","0","0","0","0","0","0","0","0","0","0","0","0","0","0","0","1","0","0","0","0","0","0","0","0","0","0","0","0","0","0","0","0","0","0","0","0","0","0"
"0x778791776530","@!P0  BRA 0x778791776580","7","2","7","4224","135168","0","32","0","0","-","-","-","0","0","0","0","0","0","0","0","-","0","0","0","0","0","0","0","0","0","0","0","0","0","0","0","0","0","0","1","0","0","0","0","6","0","0","0","0","0","0","0","0","0","0","0","0","0","0","0","0","0","2"
"0x778791776540","      STG.E.128 desc[UR18][R52.64], R28","1","1","1","4224","135168","135168","32","32","0","Global","Store","128","16896","0","0","0","0","0","67584","67584","","0","0","0","0","0","0","0","0","0","0","0","0","0","0","0","0","0","0","0","0","0","0","0","1","0","0","0","0","0","0","0","0","0","0","0","0","0","0","0","0","0","1"
"0x778791776550","      PLOP3.LUT P0, PT, PT, PT, UP3, 0x80, 0x0","0","0","0","4224","135168","135168","32","32","0","-","-","-","0","0","0","0","0","0","0","0","-","0","0","0","0","0","0","0","0","0","0","0","0","0","0","0","0","0","0","0","0","0","0","0","0","0","0","0","0","0","0","0","0","0","0","0","0","0","0","0","0","0","0"
"0x778791776560","@!P0  BRA 0x7787917765b0","1","1","1","4224","135168","0","32","0","0","-","-","-","0","0","0","0","0","0","0","0","-","0","0","0","0","0","0","0","0","0","0","0","0","0","0","0","0","0","0","0","0","0","0","0","1","0","0","0","0","0","0","0","0","0","0","0","0","0","0","0","0","0","1"
"0x778791776570","      STG.E.128 desc[UR18][R54.64], R32","1","1","1","4224","135168","135168","32","32","0","Global","Store","128","16896","0","0","0","0","0","67584","67584","","0","0","0","0","0","0","0","0","0","0","0","0","0","0","0","0","0","0","0","0","0","0","0","1","0","0","0","0","0","0","0","0","0","0","0","0","0","0","0","0","0","1"
"0x778791776580","      PLOP3.LUT P0, PT, PT, PT, UP3, 0x80, 0x0","0","0","0","4224","135168","135168","32","32","0","-","-","-","0","0","0","0","0","0","0","0","-","0","0","0","0","0","0","0","0","0","0","0","0","0","0","0","0","0","0","0","0","0","0","0","0","0","0","0","0","0","0","0","0","0","0","0","0","0","0","0","0","0","0"
"0x778791776590","@!P0  BRA 0x7787917765e0","0","0","0","4224","135168","0","32","0","0","-","-","-","0","0","0","0","0","0","0","0","-","0","0","0","0","0","0","0","0","0","0","0","0","0","0","0","0","0","0","0","0","0","0","0","0","0","0","0","0","0","0","0","0","0","0","0","0","0","0","0","0","0","0"
"0x7787917765a0","      STG.E.128 desc[UR18][R74.64], R36","0","0","0","4224","135168","135168","32","32","0","Global","Store","128","16896","0","0","0","0","0","67584","67584","","0","0","0","0","0","0","0","0","0","0","0","0","0","0","0","0","0","0","0","0","0","0","0","0","0","0","0","0","0","0","0","0","0","0","0","0","0","0","0","0","0","0"
"0x7787917765b0","      PLOP3.LUT P0, PT, PT, PT, UP3, 0x80, 0x0","0","0","0","4224","135168","135168","32","32","0","-","-","-","0","0","0","0","0","0","0","0","-","0","0","0","0","0","0","0","0","0","0","0","0","0","0","0","0","0","0","0","0","0","0","0","0","0","0","0","0","0","0","0","0","0","0","0","0","0","0","0","0","0","0"
"0x7787917765c0","@!P0  BRA 0x778791776600","2","2","2","4224","135168","0","32","0","0","-","-","-","0","0","0","0","0","0","0","0","-","0","0","0","0","0","0","0","0","0","0","0","0","0","0","0","0","0","0","0","0","0","0","0","2","0","0","0","0","0","0","0","0","0","0","0","0","0","0","0","0","0","2"
"0x7787917765d0","      STG.E.128 desc[UR18][R76.64], R40","1","1","1","4224","135168","135168","32","32","0","Global","Store","128","16896","0","0","0","0","0","67584","67584","","0","0","0","0","0","0","0","0","0","0","0","0","0","0","0","0","0","0","0","0","0","0","0","1","0","0","0","0","0","0","0","0","0","0","0","0","0","0","0","0","0","1"
"0x7787917765e0","      PLOP3.LUT P0, PT, PT, PT, UP3, 0x80, 0x0","0","0","0","4224","135168","135168","32","32","0","-","-","-","0","0","0","0","0","0","0","0","-","0","0","0","0","0","0","0","0","0","0","0","0","0","0","0","0","0","0","0","0","0","0","0","0","0","0","0","0","0","0","0","0","0","0","0","0","0","0","0","0","0","0"
"0x7787917765f0","@P0   STG.E.128 desc[UR18][R78.64], R44","3","3","3","4224","135168","135168","32","32","0","Global","Store","128","16896","0","0","0","0","0","67584","67584","","0","0","0","0","0","0","0","0","0","0","0","0","0","0","0","0","0","0","0","0","0","0","0","3","0","0","0","0","0","0","0","0","0","0","0","0","0","0","0","0","0","3"
"0x778791776600","      I2FP.F32.U32 R24, UR12","101","94","101","4224","135168","135168","32","32","0","-","-","-","0","0","0","0","0","0","0","0","-","0","0","0","0","0","0","0","0","0","0","0","0","100","0","0","0","0","0","0","1","0","0","0","0","0","0","0","0","0","0","94","0","0","0","0","0","0","0","0","0","0","0"
"0x778791776610","      IMAD.MOV.U32 R25, RZ, RZ, 0x41000000","0","0","0","4224","135168","135168","32","32","0","-","-","-","0","0","0","0","0","0","0","0","-","0","0","0","0","0","0","0","0","0","0","0","0","0","0","0","0","0","0","0","0","0","0","0","0","0","0","0","0","0","0","0","0","0","0","0","0","0","0","0","0","0","0"
"0x778791776620","      UISETP.GE.U32.AND UP0, UPT, UR12, 0x19e, UPT","0","0","0","4224","135168","135168","32","32","0","-","-","-","0","0","0","0","0","0","0","0","-","0","0","0","0","0","0","0","0","0","0","0","0","0","0","0","0","0","0","0","0","0","0","0","0","0","0","0","0","0","0","0","0","0","0","0","0","0","0","0","0","0","0"
"0x778791776630","      FFMA R24, R24, R25, 1","1","1","1","4224","135168","135168","32","32","0","-","-","-","0","0","0","0","0","0","0","0","-","0","0","0","0","0","0","0","0","0","0","0","0","0","0","0","0","0","0","0","0","0","0","0","1","0","0","0","0","0","0","0","0","0","0","0","0","0","0","0","0","0","1"
"0x778791776640","      MUFU.SQRT R24, R24","0","0","0","4224","135168","135168","32","32","0","-","-","-","0","0","0","0","0","0","0","0","-","0","0","0","0","0","0","0","0","0","0","0","0","0","0","0","0","0","0","0","0","0","0","0","0","0","0","0","0","0","0","0","0","0","0","0","0","0","0","0","0","0","0"
"0x778791776650","      FADD R25, R24, -1","6","6","6","4224","135168","135168","32","32","0","-","-","-","0","0","0","0","0","0","0","0","-","0","0","0","0","0","0","0","0","0","0","0","0","0","0","0","0","0","0","0","0","6","0","0","0","0","0","0","0","0","0","0","0","0","0","0","0","0","0","6","0","0","0"
"0x778791776660","      FMUL R25, R25, 0.5","1","0","1","4224","135168","135168","32","32","0","-","-","-","0","0","0","0","0","0","0","0","-","0","0","0","0","0","0","0","0","0","0","0","0","0","0","0","0","0","0","0","1","0","0","0","0","0","0","0","0","0","0","0","0","0","0","0","0","0","0","0","0","0","0"
"0x778791776670","      F2I.FTZ.FLOOR.NTZ R28, R25","2","2","2","4224","135168","135168","32","32","0","-","-","-","0","0","0","0","0","0","0","0","-","0","0","0","0","0","0","0","0","0","0","0","0","0","0","0","0","0","0","0","0","0","0","0","2","0","0","0","0","0","0","0","0","0","0","0","0","0","0","0","0","0","2"
"0x778791776680","      IMAD R26, R28, R28, R28","6","5","6","4224","135168","135168","32","32","0","-","-","-","0","0","0","0","0","0","0","0","-","0","0","0","0","0","0","0","0","0","0","0","0","0","0","0","0","0","0","0","1","5","0","0","0","0","0","0","0","0","0","0","0","0","0","0","0","0","0","5","0","0","0"
"0x778791776690","      LEA.HI R26, R26, R26, RZ, 0x1","1","1","1","4224","135168","135168","32","32","0","-","-","-","0","0","0","0","0","0","0","0","-","0","0","0","0","0","0","0","0","0","0","0","0","0","0","0","0","0","0","0","0","0","0","0","1","0","0","0","0","0","0","0","0","0","0","0","0","0","0","0","0","0","1"
"0x7787917766a0","      SHF.R.S32.HI R26, RZ, 0x1, R26","2","2","2","4224","135168","135168","32","32","0","-","-","-","0","0","0","0","0","0","0","0","-","0","0","0","0","0","0","0","0","0","0","0","0","0","0","0","0","0","0","0","0","0","0","0","2","0","0","0","0","0","0","0","0","0","0","0","0","0","0","0","0","0","2"
"0x7787917766b0","      IADD3 R27, -R26, UR12, RZ","0","0","0","4224","135168","135168","32","32","0","-","-","-","0","0","0","0","0","0","0","0","-","0","0","0","0","0","0","0","0","0","0","0","0","0","0","0","0","0","0","0","0","0","0","0","0","0","0","0","0","0","0","0","0","0","0","0","0","0","0","0","0","0","0"
"0x7787917766c0","      ISETP.GE.AND P0, PT, R27, R28, PT","0","0","0","4224","135168","135168","32","32","0","-","-","-","0","0","0","0","0","0","0","0","-","0","0","0","0","0","0","0","0","0","0","0","0","0","0","0","0","0","0","0","0","0","0","0","0","0","0","0","0","0","0","0","0","0","0","0","0","0","0","0","0","0","0"
"0x7787917766d0","@P0   BRA 0x778791777d30","3","3","3","4224","135168","8192","32","1","0","-","-","-","0","0","0","0","0","0","0","0","-","0","0","0","0","0","0","0","0","0","0","0","0","0","0","0","0","0","0","0","0","0","0","0","3","0","0","0","0","0","0","0","0","0","0","0","0","0","0","0","0","0","3"
"0x7787917766e0","      LDC R39, c[0x0][0x22c]","0","0","0","3968","126976","126976","32","32","0","-","-","-","0","0","0","0","0","0","0","0","-","0","0","0","0","0","0","0","0","0","0","0","0","0","0","0","0","0","0","0","0","0","0","0","0","0","0","0","0","0","0","0","0","0","0","0","0","0","0","0","0","0","0"
"0x7787917766f0","      LEA.HI R30, R197, 0x30, RZ, 0x1c","0","0","0","3968","126976","126976","32","32","0","-","-","-","0","0","0","0","0","0","0","0","-","0","0","0","0","0","0","0","0","0","0","0","0","0","0","0","0","0","0","0","0","0","0","0","0","0","0","0","0","0","0","0","0","0","0","0","0","0","0","0","0","0","0"
"0x778791776700","      IMAD.SHL.U32 R31, R27, 0x80, RZ","0","0","0","3968","126976","126976","32","32","0","-","-","-","0","0","0","0","0","0","0","0","-","0","0","0","0","0","0","0","0","0","0","0","0","0","0","0","0","0","0","0","0","0","0","0","0","0","0","0","0","0","0","0","0","0","0","0","0","0","0","0","0","0","0"
"0x778791776710","      SHF.R.U32.HI R34, RZ, 0x4, R197","0","0","0","3968","126976","126976","32","32","0","-","-","-","0","0","0","0","0","0","0","0","-","0","0","0","0","0","0","0","0","0","0","0","0","0","0","0","0","0","0","0","0","0","0","0","0","0","0","0","0","0","0","0","0","0","0","0","0","0","0","0","0","0","0"
"0x778791776720","      LEA.HI R36, R197, 0x70, RZ, 0x1c","0","0","0","3968","126976","126976","32","32","0","-","-","-","0","0","0","0","0","0","0","0","-","0","0","0","0","0","0","0","0","0","0","0","0","0","0","0","0","0","0","0","0","0","0","0","0","0","0","0","0","0","0","0","0","0","0","0","0","0","0","0","0","0","0"
"0x778791776730","      IMAD.IADD R27, R30, 0x1, R31","0","0","0","3968","126976","126976","32","32","0","-","-","-","0","0","0","0","0","0","0","0","-","0","0","0","0","0","0","0","0","0","0","0","0","0","0","0","0","0","0","0","0","0","0","0","0","0","0","0","0","0","0","0","0","0","0","0","0","0","0","0","0","0","0"
"0x778791776740","      SGXT.U32 R34, R34, 0x4","0","0","0","3968","126976","126976","32","32","0","-","-","-","0","0","0","0","0","0","0","0","-","0","0","0","0","0","0","0","0","0","0","0","0","0","0","0","0","0","0","0","0","0","0","0","0","0","0","0","0","0","0","0","0","0","0","0","0","0","0","0","0","0","0"
"0x778791776750","      LDC R40, c[0x0][0x228]","0","0","0","3968","126976","126976","32","32","0","-","-","-","0","0","0","0","0","0","0","0","-","0","0","0","0","0","0","0","0","0","0","0","0","0","0","0","0","0","0","0","0","0","0","0","0","0","0","0","0","0","0","0","0","0","0","0","0","0","0","0","0","0","0"
"0x778791776760","      SHF.R.U32.HI R49, RZ, 0x1, R49","1","0","1","3968","126976","126976","32","32","0","-","-","-","0","0","0","0","0","0","0","0","-","0","0","0","0","0","0","0","0","0","0","0","0","0","0","0","0","0","0","0","1","0","0","0","0","0","0","0","0","0","0","0","0","0","0","0","0","0","0","0","0","0","0"
"0x778791776770","      IMAD.IADD R36, R36, 0x1, R31","0","0","0","3968","126976","126976","32","32","0","-","-","-","0","0","0","0","0","0","0","0","-","0","0","0","0","0","0","0","0","0","0","0","0","0","0","0","0","0","0","0","0","0","0","0","0","0","0","0","0","0","0","0","0","0","0","0","0","0","0","0","0","0","0"
"0x778791776780","      IABS R30, R27","0","0","0","3968","126976","126976","32","32","0","-","-","-","0","0","0","0","0","0","0","0","-","0","0","0","0","0","0","0","0","0","0","0","0","0","0","0","0","0","0","0","0","0","0","0","0","0","0","0","0","0","0","0","0","0","0","0","0","0","0","0","0","0","0"
"0x778791776790","      LOP3.LUT R37, R31, R34, RZ, 0xfc, !PT","0","0","0","3968","126976","126976","32","32","0","-","-","-","0","0","0","0","0","0","0","0","-","0","0","0","0","0","0","0","0","0","0","0","0","0","0","0","0","0","0","0","0","0","0","0","0","0","0","0","0","0","0","0","0","0","0","0","0","0","0","0","0","0","0"
"0x7787917767a0","      ISETP.GE.AND P1, PT, R27, RZ, PT","0","0","0","3968","126976","126976","32","32","0","-","-","-","0","0","0","0","0","0","0","0","-","0","0","0","0","0","0","0","0","0","0","0","0","0","0","0","0","0","0","0","0","0","0","0","0","0","0","0","0","0","0","0","0","0","0","0","0","0","0","0","0","0","0"
"0x7787917767b0","      LOP3.LUT R27, R197, 0x20, RZ, 0xc0, !PT","0","0","0","3968","126976","126976","32","32","0","-","-","-","0","0","0","0","0","0","0","0","-","0","0","0","0","0","0","0","0","0","0","0","0","0","0","0","0","0","0","0","0","0","0","0","0","0","0","0","0","0","0","0","0","0","0","0","0","0","0","0","0","0","0"
"0x7787917767c0","      LOP3.LUT R35, R31, 0x10, R34, 0xfe, !PT","2","1","2","3968","126976","126976","32","32","0","-","-","-","0","0","0","0","0","0","0","0","-","0","0","0","0","0","0","0","0","0","0","0","0","0","0","0","0","0","0","0","1","0","0","0","1","0","0","0","0","0","0","0","0","0","0","0","0","0","0","0","0","0","1"
"0x7787917767d0","      SHF.R.U32.HI R27, RZ, 0x1, R27","2","1","2","3968","126976","126976","32","32","0","-","-","-","0","0","0","0","0","0","0","0","-","0","0","0","0","0","0","0","0","0","0","0","0","0","0","0","0","0","0","0","1","0","0","0","1","0","0","0","0","0","0","0","0","0","0","0","0","0","0","0","0","0","1"
"0x7787917767e0","      LOP3.LUT R33, R31, 0x20, R34, 0xfe, !PT","0","0","0","3968","126976","126976","32","32","0","-","-","-","0","0","0","0","0","0","0","0","-","0","0","0","0","0","0","0","0","0","0","0","0","0","0","0","0","0","0","0","0","0","0","0","0","0","0","0","0","0","0","0","0","0","0","0","0","0","0","0","0","0","0"
"0x7787917767f0","      IABS R43, R39","0","0","0","3968","126976","126976","32","32","0","-","-","-","0","0","0","0","0","0","0","0","-","0","0","0","0","0","0","0","0","0","0","0","0","0","0","0","0","0","0","0","0","0","0","0","0","0","0","0","0","0","0","0","0","0","0","0","0","0","0","0","0","0","0"
"0x778791776800","      LOP3.LUT R44, R31, 0x60, R34, 0xfe, !PT","3","2","3","3968","126976","126976","32","32","0","-","-","-","0","0","0","0","0","0","0","0","-","0","0","0","0","0","0","0","0","0","0","0","0","2","0","0","0","0","0","0","1","0","0","0","0","0","0","0","0","0","0","2","0","0","0","0","0","0","0","0","0","0","0"
"0x778791776810","      I2F.RP R26, R43","0","0","0","3968","126976","126976","32","32","0","-","-","-","0","0","0","0","0","0","0","0","-","0","0","0","0","0","0","0","0","0","0","0","0","0","0","0","0","0","0","0","0","0","0","0","0","0","0","0","0","0","0","0","0","0","0","0","0","0","0","0","0","0","0"
"0x778791776820","      LOP3.LUT R45, R31, 0x50, R34, 0xfe, !PT","0","0","0","3968","126976","126976","32","32","0","-","-","-","0","0","0","0","0","0","0","0","-","0","0","0","0","0","0","0","0","0","0","0","0","0","0","0","0","0","0","0","0","0","0","0","0","0","0","0","0","0","0","0","0","0","0","0","0","0","0","0","0","0","0"
"0x778791776830","      LOP3.LUT R34, R31, 0x40, R34, 0xfe, !PT","2","1","2","3968","126976","126976","32","32","0","-","-","-","0","0","0","0","0","0","0","0","-","0","0","0","0","0","0","0","0","0","0","0","0","0","0","0","0","0","0","0","1","0","0","0","1","0","0","0","0","0","0","0","0","0","0","0","0","0","0","0","0","0","1"
"0x778791776840","      IABS R31, R33","0","0","0","3968","126976","126976","32","32","0","-","-","-","0","0","0","0","0","0","0","0","-","0","0","0","0","0","0","0","0","0","0","0","0","0","0","0","0","0","0","0","0","0","0","0","0","0","0","0","0","0","0","0","0","0","0","0","0","0","0","0","0","0","0"
"0x778791776850","      IABS R38, R40","0","0","0","3968","126976","126976","32","32","0","-","-","-","0","0","0","0","0","0","0","0","-","0","0","0","0","0","0","0","0","0","0","0","0","0","0","0","0","0","0","0","0","0","0","0","0","0","0","0","0","0","0","0","0","0","0","0","0","0","0","0","0","0","0"
"0x778791776860","      BAR.SYNC.DEFER_BLOCKING 0x0","0","0","0","3968","126976","126976","32","32","0","-","-","-","0","0","0","0","0","0","0","0","-","0","0","0","0","0","0","0","0","0","0","0","0","0","0","0","0","0","0","0","0","0","0","0","0","0","0","0","0","0","0","0","0","0","0","0","0","0","0","0","0","0","0"
"0x778791776870","      ISETP.GE.AND P4, PT, R35, RZ, PT","1","0","1","3968","126976","126976","32","32","0","-","-","-","0","0","0","0","0","0","0","0","-","0","0","0","0","0","0","0","0","0","0","0","0","0","0","0","0","0","0","0","1","0","0","0","0","0","0","0","0","0","0","0","0","0","0","0","0","0","0","0","0","0","0"
"0x778791776880","      ISETP.GE.AND P2, PT, R37, RZ, PT","2","0","2","3968","126976","126976","32","32","0","-","-","-","0","0","0","0","0","0","0","0","-","0","0","0","0","0","0","0","0","0","0","0","0","0","0","0","0","0","0","0","2","0","0","0","0","0","0","0","0","0","0","0","0","0","0","0","0","0","0","0","0","0","0"
"0x778791776890","      PRMT R52, R21, 0x7632, R52","0","0","0","3968","126976","126976","32","32","0","-","-","-","0","0","0","0","0","0","0","0","-","0","0","0","0","0","0","0","0","0","0","0","0","0","0","0","0","0","0","0","0","0","0","0","0","0","0","0","0","0","0","0","0","0","0","0","0","0","0","0","0","0","0"
"0x7787917768a0","      MUFU.RCP R26, R26","42","35","42","3968","126976","126976","32","32","0","-","-","-","0","0","0","0","0","0","0","0","-","0","0","0","0","0","0","41","0","0","0","0","0","0","0","0","0","0","0","0","1","0","0","0","0","35","0","0","0","0","0","0","0","0","0","0","0","0","0","0","0","0","0"
"0x7787917768b0","      PRMT R54, R22, 0x7632, R54","1","0","1","3968","126976","126976","32","32","0","-","-","-","0","0","0","0","0","0","0","0","-","0","0","0","0","0","0","0","0","0","0","0","0","0","0","0","0","0","0","0","1","0","0","0","0","0","0","0","0","0","0","0","0","0","0","0","0","0","0","0","0","0","0"
"0x7787917768c0","      PRMT R55, R23, 0x7632, R55","2","0","2","3968","126976","126976","32","32","0","-","-","-","0","0","0","0","0","0","0","0","-","0","0","0","0","0","0","0","0","0","0","0","0","0","0","0","0","0","0","1","1","0","0","0","0","0","0","0","0","0","0","0","0","0","0","0","0","0","0","0","0","0","0"
"0x7787917768d0","      VIADD R24, R26, 0xffffffe","4","2","4","3968","126976","126976","32","32","0","-","-","-","0","0","0","0","0","0","0","0","-","0","0","0","0","0","0","0","0","0","0","0","0","0","0","0","0","0","0","0","0","4","0","0","0","0","0","0","0","0","0","0","0","0","0","0","0","0","0","2","0","0","0"
"0x7787917768e0","      IMAD.SHL.U32 R26, R28, 0x80, RZ","0","0","0","3968","126976","126976","32","32","0","-","-","-","0","0","0","0","0","0","0","0","-","0","0","0","0","0","0","0","0","0","0","0","0","0","0","0","0","0","0","0","0","0","0","0","0","0","0","0","0","0","0","0","0","0","0","0","0","0","0","0","0","0","0"
"0x7787917768f0","      F2I.FTZ.U32.TRUNC.NTZ R25, R24","0","0","0","3968","126976","126976","32","32","0","-","-","-","0","0","0","0","0","0","0","0","-","0","0","0","0","0","0","0","0","0","0","0","0","0","0","0","0","0","0","0","0","0","0","0","0","0","0","0","0","0","0","0","0","0","0","0","0","0","0","0","0","0","0"
"0x778791776900","      LOP3.LUT R26, R26, 0x78, R73, 0xf8, !PT","1","1","1","3968","126976","126976","32","32","0","-","-","-","0","0","0","0","0","0","0","0","-","0","0","0","0","0","0","0","0","0","0","0","0","0","0","0","0","0","0","0","0","0","0","0","1","0","0","0","0","0","0","0","0","0","0","0","0","0","0","0","0","0","1"
"0x778791776910","      IMAD.MOV.U32 R24, RZ, RZ, RZ","1","0","1","3968","126976","126976","32","32","0","-","-","-","0","0","0","0","0","0","0","0","-","0","0","0","0","0","0","0","0","0","0","0","0","0","0","0","0","0","0","0","0","1","0","0","0","0","0","0","0","0","0","0","0","0","0","0","0","0","0","0","0","0","0"
"0x778791776920","      IMAD.MOV R32, RZ, RZ, -R25","0","0","0","3968","126976","126976","32","32","0","-","-","-","0","0","0","0","0","0","0","0","-","0","0","0","0","0","0","0","0","0","0","0","0","0","0","0","0","0","0","0","0","0","0","0","0","0","0","0","0","0","0","0","0","0","0","0","0","0","0","0","0","0","0"
"0x778791776930","      IMAD R29, R32, R43, RZ","0","0","0","3968","126976","126976","32","32","0","-","-","-","0","0","0","0","0","0","0","0","-","0","0","0","0","0","0","0","0","0","0","0","0","0","0","0","0","0","0","0","0","0","0","0","0","0","0","0","0","0","0","0","0","0","0","0","0","0","0","0","0","0","0"
"0x778791776940","      IABS R32, R35","0","0","0","3968","126976","126976","32","32","0","-","-","-","0","0","0","0","0","0","0","0","-","0","0","0","0","0","0","0","0","0","0","0","0","0","0","0","0","0","0","0","0","0","0","0","0","0","0","0","0","0","0","0","0","0","0","0","0","0","0","0","0","0","0"
"0x778791776950","      IABS R35, R44","0","0","0","3968","126976","126976","32","32","0","-","-","-","0","0","0","0","0","0","0","0","-","0","0","0","0","0","0","0","0","0","0","0","0","0","0","0","0","0","0","0","0","0","0","0","0","0","0","0","0","0","0","0","0","0","0","0","0","0","0","0","0","0","0"
"0x778791776960","      IMAD.HI.U32 R42, R25, R29, R24","1","0","1","3968","126976","126976","32","32","0","-","-","-","0","0","0","0","0","0","0","0","-","0","0","0","0","0","0","0","0","0","0","0","0","0","0","0","0","0","0","0","1","0","0","0","0","0","0","0","0","0","0","0","0","0","0","0","0","0","0","0","0","0","0"
"0x778791776970","      SHF.R.U32.HI R25, RZ, 0x2, R197","1","0","1","3968","126976","126976","32","32","0","-","-","-","0","0","0","0","0","0","0","0","-","0","0","0","0","0","0","0","0","0","0","0","0","0","0","0","0","0","0","0","1","0","0","0","0","0","0","0","0","0","0","0","0","0","0","0","0","0","0","0","0","0","0"
"0x778791776980","      SHF.R.U32.HI R29, RZ, 0x2, R82","1","0","1","3968","126976","126976","32","32","0","-","-","-","0","0","0","0","0","0","0","0","-","0","0","0","0","0","0","0","0","0","0","0","0","0","0","0","0","0","0","0","1","0","0","0","0","0","0","0","0","0","0","0","0","0","0","0","0","0","0","0","0","0","0"
"0x778791776990","      SGXT.U32 R28, R25, 0x2","3","3","3","3968","126976","126976","32","32","0","-","-","-","0","0","0","0","0","0","0","0","-","0","0","0","0","0","0","0","0","3","0","0","0","0","0","0","0","0","0","0","0","0","0","0","0","0","0","3","0","0","0","0","0","0","0","0","0","0","0","0","0","0","0"
"0x7787917769a0","      IMAD.HI.U32 R24, R42, R30, RZ","0","0","0","3968","126976","126976","32","32","0","-","-","-","0","0","0","0","0","0","0","0","-","0","0","0","0","0","0","0","0","0","0","0","0","0","0","0","0","0","0","0","0","0","0","0","0","0","0","0","0","0","0","0","0","0","0","0","0","0","0","0","0","0","0"
"0x7787917769b0","      LOP3.LUT R29, R28, R29, RZ, 0xfc, !PT","4","3","4","3968","126976","126976","32","32","0","-","-","-","0","0","0","0","0","0","0","0","-","0","0","0","0","0","0","0","0","3","0","0","0","0","0","0","0","0","0","1","0","0","0","0","0","0","0","3","0","0","0","0","0","0","0","0","0","0","0","0","0","0","0"
"0x7787917769c0","      IMAD.MOV R25, RZ, RZ, -R24","1","0","1","3968","126976","126976","32","32","0","-","-","-","0","0","0","0","0","0","0","0","-","0","0","0","0","0","0","0","0","0","0","0","0","0","0","0","0","0","0","0","1","0","0","0","0","0","0","0","0","0","0","0","0","0","0","0","0","0","0","0","0","0","0"
"0x7787917769d0","      LOP3.LUT R24, R197, 0x40, RZ, 0xc0, !PT","0","0","0","3968","126976","126976","32","32","0","-","-","-","0","0","0","0","0","0","0","0","-","0","0","0","0","0","0","0","0","0","0","0","0","0","0","0","0","0","0","0","0","0","0","0","0","0","0","0","0","0","0","0","0","0","0","0","0","0","0","0","0","0","0"
"0x7787917769e0","      IMAD R30, R43, R25, R30","3","1","3","3968","126976","126976","32","32","0","-","-","-","0","0","0","0","0","0","0","0","-","0","0","0","0","0","0","0","0","0","0","0","0","0","0","0","0","0","0","1","0","0","0","0","2","0","0","0","0","0","0","0","0","0","0","0","0","0","0","0","0","0","1"
"0x7787917769f0","      IABS R25, R37","0","0","0","3968","126976","126976","32","32","0","-","-","-","0","0","0","0","0","0","0","0","-","0","0","0","0","0","0","0","0","0","0","0","0","0","0","0","0","0","0","0","0","0","0","0","0","0","0","0","0","0","0","0","0","0","0","0","0","0","0","0","0","0","0"
"0x778791776a00","      SHF.R.U32.HI R28, RZ, 0x1, R24","2","1","2","3968","126976","126976","32","32","0","-","-","-","0","0","0","0","0","0","0","0","-","0","0","0","0","0","0","0","0","0","0","0","0","0","1","0","0","0","0","1","0","0","0","0","0","0","0","0","0","0","0","0","1","0","0","0","0","0","0","0","0","0","0"
"0x778791776a10","      I2F.RP R37, R38","0","0","0","3968","126976","126976","32","32","0","-","-","-","0","0","0","0","0","0","0","0","-","0","0","0","0","0","0","0","0","0","0","0","0","0","0","0","0","0","0","0","0","0","0","0","0","0","0","0","0","0","0","0","0","0","0","0","0","0","0","0","0","0","0"
"0x778791776a20","      ISETP.GT.U32.AND P0, PT, R43, R30, PT","0","0","0","3968","126976","126976","32","32","0","-","-","-","0","0","0","0","0","0","0","0","-","0","0","0","0","0","0","0","0","0","0","0","0","0","0","0","0","0","0","0","0","0","0","0","0","0","0","0","0","0","0","0","0","0","0","0","0","0","0","0","0","0","0"
"0x778791776a30","      IMAD.HI.U32 R24, R42, R25, RZ","0","0","0","3968","126976","126976","32","32","0","-","-","-","0","0","0","0","0","0","0","0","-","0","0","0","0","0","0","0","0","0","0","0","0","0","0","0","0","0","0","0","0","0","0","0","0","0","0","0","0","0","0","0","0","0","0","0","0","0","0","0","0","0","0"
"0x778791776a40","      LOP3.LUT R41, R28, R29, R27, 0xfe, !PT","0","0","0","3968","126976","126976","32","32","0","-","-","-","0","0","0","0","0","0","0","0","-","0","0","0","0","0","0","0","0","0","0","0","0","0","0","0","0","0","0","0","0","0","0","0","0","0","0","0","0","0","0","0","0","0","0","0","0","0","0","0","0","0","0"
"0x778791776a50","      IMAD.MOV R24, RZ, RZ, -R24","2","1","2","3968","126976","126976","32","32","0","-","-","-","0","0","0","0","0","0","0","0","-","0","0","0","0","0","0","0","0","0","0","0","0","0","1","0","0","0","0","0","0","0","0","0","1","0","0","0","0","0","0","0","0","0","0","0","0","0","0","0","0","0","1"
"0x778791776a60","      IMAD.MOV.U32 R28, RZ, RZ, R32","1","1","1","3968","126976","126976","32","32","0","-","-","-","0","0","0","0","0","0","0","0","-","0","0","0","0","0","0","0","0","1","0","0","0","0","0","0","0","0","0","0","0","0","0","0","0","0","0","1","0","0","0","0","0","0","0","0","0","0","0","0","0","0","0"
"0x778791776a70","      IMAD R24, R43, R24, R25","0","0","0","3968","126976","126976","32","32","0","-","-","-","0","0","0","0","0","0","0","0","-","0","0","0","0","0","0","0","0","0","0","0","0","0","0","0","0","0","0","0","0","0","0","0","0","0","0","0","0","0","0","0","0","0","0","0","0","0","0","0","0","0","0"
"0x778791776a80","      IMAD.MOV.U32 R29, RZ, RZ, R31","0","0","0","3968","126976","126976","32","32","0","-","-","-","0","0","0","0","0","0","0","0","-","0","0","0","0","0","0","0","0","0","0","0","0","0","0","0","0","0","0","0","0","0","0","0","0","0","0","0","0","0","0","0","0","0","0","0","0","0","0","0","0","0","0"
"0x778791776a90","      IABS R31, R34","0","0","0","3968","126976","126976","32","32","0","-","-","-","0","0","0","0","0","0","0","0","-","0","0","0","0","0","0","0","0","0","0","0","0","0","0","0","0","0","0","0","0","0","0","0","0","0","0","0","0","0","0","0","0","0","0","0","0","0","0","0","0","0","0"
"0x778791776aa0","      IMAD.HI.U32 R25, R42, R28, RZ","0","0","0","3968","126976","126976","32","32","0","-","-","-","0","0","0","0","0","0","0","0","-","0","0","0","0","0","0","0","0","0","0","0","0","0","0","0","0","0","0","0","0","0","0","0","0","0","0","0","0","0","0","0","0","0","0","0","0","0","0","0","0","0","0"
"0x778791776ab0","      ISETP.GT.U32.AND P3, PT, R43, R24, PT","0","0","0","3968","126976","126976","32","32","0","-","-","-","0","0","0","0","0","0","0","0","-","0","0","0","0","0","0","0","0","0","0","0","0","0","0","0","0","0","0","0","0","0","0","0","0","0","0","0","0","0","0","0","0","0","0","0","0","0","0","0","0","0","0"
"0x778791776ac0","      MUFU.RCP R37, R37","0","0","0","3968","126976","126976","32","32","0","-","-","-","0","0","0","0","0","0","0","0","-","0","0","0","0","0","0","0","0","0","0","0","0","0","0","0","0","0","0","0","0","0","0","0","0","0","0","0","0","0","0","0","0","0","0","0","0","0","0","0","0","0","0"
"0x778791776ad0","      IMAD.HI.U32 R27, R42, R29, RZ","1","1","1","3968","126976","126976","32","32","0","-","-","-","0","0","0","0","0","0","0","0","-","0","0","0","0","0","0","0","0","1","0","0","0","0","0","0","0","0","0","0","0","0","0","0","0","0","0","1","0","0","0","0","0","0","0","0","0","0","0","0","0","0","0"
"0x778791776ae0","      IMAD.MOV R25, RZ, RZ, -R25","1","0","1","3968","126976","126976","32","32","0","-","-","-","0","0","0","0","0","0","0","0","-","0","0","0","0","0","0","0","0","0","0","0","0","0","0","0","0","0","0","0","1","0","0","0","0","0","0","0","0","0","0","0","0","0","0","0","0","0","0","0","0","0","0"
"0x778791776af0","      IMAD.MOV R32, RZ, RZ, -R27","2","0","2","3968","126976","126976","32","32","0","-","-","-","0","0","0","0","0","0","0","0","-","0","0","0","0","0","0","0","0","0","0","0","0","0","0","0","0","0","0","1","0","0","0","0","1","0","0","0","0","0","0","0","0","0","0","0","0","0","0","0","0","0","0"
"0x778791776b00","      IMAD R28, R43, R25, R28","1","1","1","3968","126976","126976","32","32","0","-","-","-","0","0","0","0","0","0","0","0","-","0","0","0","0","0","0","0","0","0","0","0","0","0","0","0","0","0","0","0","0","0","0","0","1","0","0","0","0","0","0","0","0","0","0","0","0","0","0","0","0","0","1"
"0x778791776b10","@!P3  IMAD.IADD R24, R24, 0x1, -R43","0","0","0","3968","126976","0","32","0","0","-","-","-","0","0","0","0","0","0","0","0","-","0","0","0","0","0","0","0","0","0","0","0","0","0","0","0","0","0","0","0","0","0","0","0","0","0","0","0","0","0","0","0","0","0","0","0","0","0","0","0","0","0","0"
"0x778791776b20","      IMAD.HI.U32 R25, R42, R31, RZ","0","0","0","3968","126976","126976","32","32","0","-","-","-","0","0","0","0","0","0","0","0","-","0","0","0","0","0","0","0","0","0","0","0","0","0","0","0","0","0","0","0","0","0","0","0","0","0","0","0","0","0","0","0","0","0","0","0","0","0","0","0","0","0","0"
"0x778791776b30","      ISETP.GT.U32.AND P6, PT, R43, R28, PT","0","0","0","3968","126976","126976","32","32","0","-","-","-","0","0","0","0","0","0","0","0","-","0","0","0","0","0","0","0","0","0","0","0","0","0","0","0","0","0","0","0","0","0","0","0","0","0","0","0","0","0","0","0","0","0","0","0","0","0","0","0","0","0","0"
"0x778791776b40","      ISETP.GT.U32.AND P3, PT, R43, R24, PT","0","0","0","3968","126976","126976","32","32","0","-","-","-","0","0","0","0","0","0","0","0","-","0","0","0","0","0","0","0","0","0","0","0","0","0","0","0","0","0","0","0","0","0","0","0","0","0","0","0","0","0","0","0","0","0","0","0","0","0","0","0","0","0","0"
"0x778791776b50","      IMAD R29, R43, R32, R29","0","0","0","3968","126976","126976","32","32","0","-","-","-","0","0","0","0","0","0","0","0","-","0","0","0","0","0","0","0","0","0","0","0","0","0","0","0","0","0","0","0","0","0","0","0","0","0","0","0","0","0","0","0","0","0","0","0","0","0","0","0","0","0","0"
"0x778791776b60","      IMAD.MOV R32, RZ, RZ, -R25","3","1","3","3968","126976","126976","32","32","0","-","-","-","0","0","0","0","0","0","0","0","-","0","0","0","0","0","0","0","0","0","0","0","0","0","3","0","0","0","0","0","0","0","0","0","0","0","0","0","0","0","0","0","1","0","0","0","0","0","0","0","0","0","0"
"0x778791776b70","@!P0  IMAD.IADD R30, R30, 0x1, -R43","0","0","0","3968","126976","0","32","0","0","-","-","-","0","0","0","0","0","0","0","0","-","0","0","0","0","0","0","0","0","0","0","0","0","0","0","0","0","0","0","0","0","0","0","0","0","0","0","0","0","0","0","0","0","0","0","0","0","0","0","0","0","0","0"
"0x778791776b80","      ISETP.GE.AND P0, PT, R33, RZ, PT","0","0","0","3968","126976","126976","32","32","0","-","-","-","0","0","0","0","0","0","0","0","-","0","0","0","0","0","0","0","0","0","0","0","0","0","0","0","0","0","0","0","0","0","0","0","0","0","0","0","0","0","0","0","0","0","0","0","0","0","0","0","0","0","0"
"0x778791776b90","      IMAD R31, R43, R32, R31","0","0","0","3968","126976","126976","32","32","0","-","-","-","0","0","0","0","0","0","0","0","-","0","0","0","0","0","0","0","0","0","0","0","0","0","0","0","0","0","0","0","0","0","0","0","0","0","0","0","0","0","0","0","0","0","0","0","0","0","0","0","0","0","0"
"0x778791776ba0","      IABS R33, R45","0","0","0","3968","126976","126976","32","32","0","-","-","-","0","0","0","0","0","0","0","0","-","0","0","0","0","0","0","0","0","0","0","0","0","0","0","0","0","0","0","0","0","0","0","0","0","0","0","0","0","0","0","0","0","0","0","0","0","0","0","0","0","0","0"
"0x778791776bb0","      IMAD.HI.U32 R32, R42, R35, RZ","0","0","0","3968","126976","126976","32","32","0","-","-","-","0","0","0","0","0","0","0","0","-","0","0","0","0","0","0","0","0","0","0","0","0","0","0","0","0","0","0","0","0","0","0","0","0","0","0","0","0","0","0","0","0","0","0","0","0","0","0","0","0","0","0"
"0x778791776bc0","      ISETP.GT.U32.AND P5, PT, R43, R30, PT","0","0","0","3968","126976","126976","32","32","0","-","-","-","0","0","0","0","0","0","0","0","-","0","0","0","0","0","0","0","0","0","0","0","0","0","0","0","0","0","0","0","0","0","0","0","0","0","0","0","0","0","0","0","0","0","0","0","0","0","0","0","0","0","0"
"0x778791776bd0","@!P3  IMAD.IADD R24, R24, 0x1, -R43","0","0","0","3968","126976","0","32","0","0","-","-","-","0","0","0","0","0","0","0","0","-","0","0","0","0","0","0","0","0","0","0","0","0","0","0","0","0","0","0","0","0","0","0","0","0","0","0","0","0","0","0","0","0","0","0","0","0","0","0","0","0","0","0"
"0x778791776be0","      ISETP.GT.U32.AND P3, PT, R43, R31, PT","1","0","1","3968","126976","126976","32","32","0","-","-","-","0","0","0","0","0","0","0","0","-","0","0","0","0","0","0","0","0","0","0","0","0","0","0","0","0","0","0","0","1","0","0","0","0","0","0","0","0","0","0","0","0","0","0","0","0","0","0","0","0","0","0"
"0x778791776bf0","      IMAD.HI.U32 R25, R42, R33, RZ","0","0","0","3968","126976","126976","32","32","0","-","-","-","0","0","0","0","0","0","0","0","-","0","0","0","0","0","0","0","0","0","0","0","0","0","0","0","0","0","0","0","0","0","0","0","0","0","0","0","0","0","0","0","0","0","0","0","0","0","0","0","0","0","0"
"0x778791776c00","@!P6  IMAD.IADD R28, R28, 0x1, -R43","3","0","3","3968","126976","0","32","0","0","-","-","-","0","0","0","0","0","0","0","0","-","0","0","0","0","0","0","0","0","0","0","0","0","0","2","0","0","0","0","1","0","0","0","0","0","0","0","0","0","0","0","0","0","0","0","0","0","0","0","0","0","0","0"
"0x778791776c10","      IMAD.MOV.U32 R27, RZ, RZ, R24","5","0","5","3968","126976","126976","32","32","0","-","-","-","0","0","0","0","0","0","0","0","-","0","0","0","0","0","0","0","0","0","0","0","0","0","3","0","0","0","0","1","1","0","0","0","0","0","0","0","0","0","0","0","0","0","0","0","0","0","0","0","0","0","0"
"0x778791776c20","@!P5  IMAD.IADD R30, R30, 0x1, -R43","1","0","1","3968","126976","0","32","0","0","-","-","-","0","0","0","0","0","0","0","0","-","0","0","0","0","0","0","0","0","0","0","0","0","0","1","0","0","0","0","0","0","0","0","0","0","0","0","0","0","0","0","0","0","0","0","0","0","0","0","0","0","0","0"
"0x778791776c30","      ISETP.GT.U32.AND P5, PT, R43, R29, PT","0","0","0","3968","126976","126976","32","32","0","-","-","-","0","0","0","0","0","0","0","0","-","0","0","0","0","0","0","0","0","0","0","0","0","0","0","0","0","0","0","0","0","0","0","0","0","0","0","0","0","0","0","0","0","0","0","0","0","0","0","0","0","0","0"
"0x778791776c40","      IMAD.MOV R24, RZ, RZ, -R32","0","0","0","3968","126976","126976","32","32","0","-","-","-","0","0","0","0","0","0","0","0","-","0","0","0","0","0","0","0","0","0","0","0","0","0","0","0","0","0","0","0","0","0","0","0","0","0","0","0","0","0","0","0","0","0","0","0","0","0","0","0","0","0","0"
"0x778791776c50","      ISETP.GT.U32.AND P6, PT, R43, R28, PT","1","0","1","3968","126976","126976","32","32","0","-","-","-","0","0","0","0","0","0","0","0","-","0","0","0","0","0","0","0","0","0","0","0","0","0","0","0","0","0","0","0","1","0","0","0","0","0","0","0","0","0","0","0","0","0","0","0","0","0","0","0","0","0","0"
"0x778791776c60","@!P3  IMAD.IADD R31, R31, 0x1, -R43","0","0","0","3968","126976","0","32","0","0","-","-","-","0","0","0","0","0","0","0","0","-","0","0","0","0","0","0","0","0","0","0","0","0","0","0","0","0","0","0","0","0","0","0","0","0","0","0","0","0","0","0","0","0","0","0","0","0","0","0","0","0","0","0"
"0x778791776c70","@!P1  IMAD.MOV R30, RZ, RZ, -R30","2","0","2","3968","126976","0","32","0","0","-","-","-","0","0","0","0","0","0","0","0","-","0","0","0","0","0","0","0","0","0","0","0","0","0","0","0","0","0","0","2","0","0","0","0","0","0","0","0","0","0","0","0","0","0","0","0","0","0","0","0","0","0","0"
"0x778791776c80","      ISETP.GE.AND P1, PT, R34, RZ, PT","1","0","1","3968","126976","126976","32","32","0","-","-","-","0","0","0","0","0","0","0","0","-","0","0","0","0","0","0","0","0","0","0","0","0","0","0","0","0","0","0","0","1","0","0","0","0","0","0","0","0","0","0","0","0","0","0","0","0","0","0","0","0","0","0"
"0x778791776c90","      IMAD.MOV R34, RZ, RZ, -R25","1","0","1","3968","126976","126976","32","32","0","-","-","-","0","0","0","0","0","0","0","0","-","0","0","0","0","0","0","0","0","0","0","0","0","0","0","0","0","0","0","0","1","0","0","0","0","0","0","0","0","0","0","0","0","0","0","0","0","0","0","0","0","0","0"
"0x778791776ca0","      ISETP.GT.U32.AND P3, PT, R43, R31, PT","0","0","0","3968","126976","126976","32","32","0","-","-","-","0","0","0","0","0","0","0","0","-","0","0","0","0","0","0","0","0","0","0","0","0","0","0","0","0","0","0","0","0","0","0","0","0","0","0","0","0","0","0","0","0","0","0","0","0","0","0","0","0","0","0"
"0x778791776cb0","@!P2  IMAD.MOV R27, RZ, RZ, -R27","1","0","1","3968","126976","0","32","0","0","-","-","-","0","0","0","0","0","0","0","0","-","0","0","0","0","0","0","0","0","0","0","0","0","0","0","0","0","0","0","0","1","0","0","0","0","0","0","0","0","0","0","0","0","0","0","0","0","0","0","0","0","0","0"
"0x778791776cc0","      ISETP.GE.AND P2, PT, R45, RZ, PT","0","0","0","3968","126976","126976","32","32","0","-","-","-","0","0","0","0","0","0","0","0","-","0","0","0","0","0","0","0","0","0","0","0","0","0","0","0","0","0","0","0","0","0","0","0","0","0","0","0","0","0","0","0","0","0","0","0","0","0","0","0","0","0","0"
"0x778791776cd0","      IMAD R32, R43, R34, R33","0","0","0","3968","126976","126976","32","32","0","-","-","-","0","0","0","0","0","0","0","0","-","0","0","0","0","0","0","0","0","0","0","0","0","0","0","0","0","0","0","0","0","0","0","0","0","0","0","0","0","0","0","0","0","0","0","0","0","0","0","0","0","0","0"
"0x778791776ce0","      SHF.R.U32.HI R34, RZ, 0x3, R195","0","0","0","3968","126976","126976","32","32","0","-","-","-","0","0","0","0","0","0","0","0","-","0","0","0","0","0","0","0","0","0","0","0","0","0","0","0","0","0","0","0","0","0","0","0","0","0","0","0","0","0","0","0","0","0","0","0","0","0","0","0","0","0","0"
"0x778791776cf0","      IMAD R33, R43, R24, R35","0","0","0","3968","126976","126976","32","32","0","-","-","-","0","0","0","0","0","0","0","0","-","0","0","0","0","0","0","0","0","0","0","0","0","0","0","0","0","0","0","0","0","0","0","0","0","0","0","0","0","0","0","0","0","0","0","0","0","0","0","0","0","0","0"
"0x778791776d00","      SHF.R.U32.HI R25, RZ, 0x3, R196","0","0","0","3968","126976","126976","32","32","0","-","-","-","0","0","0","0","0","0","0","0","-","0","0","0","0","0","0","0","0","0","0","0","0","0","0","0","0","0","0","0","0","0","0","0","0","0","0","0","0","0","0","0","0","0","0","0","0","0","0","0","0","0","0"
"0x778791776d10","@!P5  IMAD.IADD R29, R29, 0x1, -R43","0","0","0","3968","126976","0","32","0","0","-","-","-","0","0","0","0","0","0","0","0","-","0","0","0","0","0","0","0","0","0","0","0","0","0","0","0","0","0","0","0","0","0","0","0","0","0","0","0","0","0","0","0","0","0","0","0","0","0","0","0","0","0","0"
"0x778791776d20","      LOP3.LUT R45, R34, 0x1ffffff0, RZ, 0xc0, !PT","1","0","1","3968","126976","126976","32","32","0","-","-","-","0","0","0","0","0","0","0","0","-","0","0","0","0","0","0","0","0","0","0","0","0","0","0","0","0","0","0","0","1","0","0","0","0","0","0","0","0","0","0","0","0","0","0","0","0","0","0","0","0","0","0"
"0x778791776d30","@!P6  IMAD.IADD R28, R28, 0x1, -R43","0","0","0","3968","126976","0","32","0","0","-","-","-","0","0","0","0","0","0","0","0","-","0","0","0","0","0","0","0","0","0","0","0","0","0","0","0","0","0","0","0","0","0","0","0","0","0","0","0","0","0","0","0","0","0","0","0","0","0","0","0","0","0","0"
"0x778791776d40","      ISETP.GT.U32.AND P6, PT, R43, R32, PT","0","0","0","3968","126976","126976","32","32","0","-","-","-","0","0","0","0","0","0","0","0","-","0","0","0","0","0","0","0","0","0","0","0","0","0","0","0","0","0","0","0","0","0","0","0","0","0","0","0","0","0","0","0","0","0","0","0","0","0","0","0","0","0","0"
"0x778791776d50","      IMAD.SHL.U32 R24, R197, 0x100, RZ","0","0","0","3968","126976","126976","32","32","0","-","-","-","0","0","0","0","0","0","0","0","-","0","0","0","0","0","0","0","0","0","0","0","0","0","0","0","0","0","0","0","0","0","0","0","0","0","0","0","0","0","0","0","0","0","0","0","0","0","0","0","0","0","0"
"0x778791776d60","      ISETP.GT.U32.AND P5, PT, R43, R29, PT","0","0","0","3968","126976","126976","32","32","0","-","-","-","0","0","0","0","0","0","0","0","-","0","0","0","0","0","0","0","0","0","0","0","0","0","0","0","0","0","0","0","0","0","0","0","0","0","0","0","0","0","0","0","0","0","0","0","0","0","0","0","0","0","0"
"0x778791776d70","@!P3  IMAD.IADD R31, R31, 0x1, -R43","1","0","1","3968","126976","0","32","0","0","-","-","-","0","0","0","0","0","0","0","0","-","0","0","0","0","0","0","0","0","0","0","0","0","0","0","0","0","0","0","0","1","0","0","0","0","0","0","0","0","0","0","0","0","0","0","0","0","0","0","0","0","0","0"
"0x778791776d80","      ISETP.GT.U32.AND P3, PT, R43, R33, PT","0","0","0","3968","126976","126976","32","32","0","-","-","-","0","0","0","0","0","0","0","0","-","0","0","0","0","0","0","0","0","0","0","0","0","0","0","0","0","0","0","0","0","0","0","0","0","0","0","0","0","0","0","0","0","0","0","0","0","0","0","0","0","0","0"
"0x778791776d90","      VIADD R37, R37, 0xffffffe","1","0","1","3968","126976","126976","32","32","0","-","-","-","0","0","0","0","0","0","0","0","-","0","0","0","0","0","0","0","0","0","0","0","0","0","0","0","0","0","0","0","1","0","0","0","0","0","0","0","0","0","0","0","0","0","0","0","0","0","0","0","0","0","0"
"0x778791776da0","      IABS R34, R36","0","0","0","3968","126976","126976","32","32","0","-","-","-","0","0","0","0","0","0","0","0","-","0","0","0","0","0","0","0","0","0","0","0","0","0","0","0","0","0","0","0","0","0","0","0","0","0","0","0","0","0","0","0","0","0","0","0","0","0","0","0","0","0","0"
"0x778791776db0","@!P4  IMAD.MOV R28, RZ, RZ, -R28","1","0","1","3968","126976","0","32","0","0","-","-","-","0","0","0","0","0","0","0","0","-","0","0","0","0","0","0","0","0","0","0","0","0","0","0","0","0","0","0","0","1","0","0","0","0","0","0","0","0","0","0","0","0","0","0","0","0","0","0","0","0","0","0"
"0x778791776dc0","      LOP3.LUT R35, R25, 0x1ffffff0, RZ, 0xc0, !PT","0","0","0","3968","126976","126976","32","32","0","-","-","-","0","0","0","0","0","0","0","0","-","0","0","0","0","0","0","0","0","0","0","0","0","0","0","0","0","0","0","0","0","0","0","0","0","0","0","0","0","0","0","0","0","0","0","0","0","0","0","0","0","0","0"
"0x778791776dd0","      VIADD R46, R45, UR6","0","0","0","3968","126976","126976","32","32","0","-","-","-","0","0","0","0","0","0","0","0","-","0","0","0","0","0","0","0","0","0","0","0","0","0","0","0","0","0","0","0","0","0","0","0","0","0","0","0","0","0","0","0","0","0","0","0","0","0","0","0","0","0","0"
"0x778791776de0","      F2I.FTZ.U32.TRUNC.NTZ R25, R37","0","0","0","3968","126976","126976","32","32","0","-","-","-","0","0","0","0","0","0","0","0","-","0","0","0","0","0","0","0","0","0","0","0","0","0","0","0","0","0","0","0","0","0","0","0","0","0","0","0","0","0","0","0","0","0","0","0","0","0","0","0","0","0","0"
"0x778791776df0","@!P1  IMAD.MOV R31, RZ, RZ, -R31","0","0","0","3968","126976","0","32","0","0","-","-","-","0","0","0","0","0","0","0","0","-","0","0","0","0","0","0","0","0","0","0","0","0","0","0","0","0","0","0","0","0","0","0","0","0","0","0","0","0","0","0","0","0","0","0","0","0","0","0","0","0","0","0"
"0x778791776e00","      PLOP3.LUT P1, PT, PT, PT, UP1, 0x80, 0x0","0","0","0","3968","126976","126976","32","32","0","-","-","-","0","0","0","0","0","0","0","0","-","0","0","0","0","0","0","0","0","0","0","0","0","0","0","0","0","0","0","0","0","0","0","0","0","0","0","0","0","0","0","0","0","0","0","0","0","0","0","0","0","0","0"
"0x778791776e10","@!P6  IMAD.IADD R32, R32, 0x1, -R43","1","0","1","3968","126976","0","32","0","0","-","-","-","0","0","0","0","0","0","0","0","-","0","0","0","0","0","0","0","0","0","0","0","0","0","0","0","0","0","0","0","1","0","0","0","0","0","0","0","0","0","0","0","0","0","0","0","0","0","0","0","0","0","0"
"0x778791776e20","      ISETP.GE.AND P6, PT, R44, RZ, PT","0","0","0","3968","126976","126976","32","32","0","-","-","-","0","0","0","0","0","0","0","0","-","0","0","0","0","0","0","0","0","0","0","0","0","0","0","0","0","0","0","0","0","0","0","0","0","0","0","0","0","0","0","0","0","0","0","0","0","0","0","0","0","0","0"
"0x778791776e30","@!P5  IMAD.IADD R29, R29, 0x1, -R43","0","0","0","3968","126976","0","32","0","0","-","-","-","0","0","0","0","0","0","0","0","-","0","0","0","0","0","0","0","0","0","0","0","0","0","0","0","0","0","0","0","0","0","0","0","0","0","0","0","0","0","0","0","0","0","0","0","0","0","0","0","0","0","0"
"0x778791776e40","      ISETP.GE.AND P5, PT, R36, RZ, PT","0","0","0","3968","126976","126976","32","32","0","-","-","-","0","0","0","0","0","0","0","0","-","0","0","0","0","0","0","0","0","0","0","0","0","0","0","0","0","0","0","0","0","0","0","0","0","0","0","0","0","0","0","0","0","0","0","0","0","0","0","0","0","0","0"
"0x778791776e50","@!P3  IMAD.IADD R33, R33, 0x1, -R43","0","0","0","3968","126976","0","32","0","0","-","-","-","0","0","0","0","0","0","0","0","-","0","0","0","0","0","0","0","0","0","0","0","0","0","0","0","0","0","0","0","0","0","0","0","0","0","0","0","0","0","0","0","0","0","0","0","0","0","0","0","0","0","0"
"0x778791776e60","      LOP3.LUT R36, R24, 0x300, RZ, 0xc0, !PT","0","0","0","3968","126976","126976","32","32","0","-","-","-","0","0","0","0","0","0","0","0","-","0","0","0","0","0","0","0","0","0","0","0","0","0","0","0","0","0","0","0","0","0","0","0","0","0","0","0","0","0","0","0","0","0","0","0","0","0","0","0","0","0","0"
"0x778791776e70","      IMAD.HI.U32 R24, R42, R34, RZ","0","0","0","3968","126976","126976","32","32","0","-","-","-","0","0","0","0","0","0","0","0","-","0","0","0","0","0","0","0","0","0","0","0","0","0","0","0","0","0","0","0","0","0","0","0","0","0","0","0","0","0","0","0","0","0","0","0","0","0","0","0","0","0","0"
"0x778791776e80","      ISETP.GT.U32.AND P3, PT, R43, R32, PT","0","0","0","3968","126976","126976","32","32","0","-","-","-","0","0","0","0","0","0","0","0","-","0","0","0","0","0","0","0","0","0","0","0","0","0","0","0","0","0","0","0","0","0","0","0","0","0","0","0","0","0","0","0","0","0","0","0","0","0","0","0","0","0","0"
"0x778791776e90","      ISETP.GT.U32.AND P4, PT, R43, R33, PT","1","0","1","3968","126976","126976","32","32","0","-","-","-","0","0","0","0","0","0","0","0","-","0","0","0","0","0","0","0","0","0","0","0","0","0","0","0","0","0","0","1","0","0","0","0","0","0","0","0","0","0","0","0","0","0","0","0","0","0","0","0","0","0","0"
"0x778791776ea0","      VIADD R44, R35, UR6","0","0","0","3968","126976","126976","32","32","0","-","-","-","0","0","0","0","0","0","0","0","-","0","0","0","0","0","0","0","0","0","0","0","0","0","0","0","0","0","0","0","0","0","0","0","0","0","0","0","0","0","0","0","0","0","0","0","0","0","0","0","0","0","0"
"0x778791776eb0","      LOP3.LUT R49, R49, R36, R41, 0x1e, !PT","1","0","1","3968","126976","126976","32","32","0","-","-","-","0","0","0","0","0","0","0","0","-","0","0","0","0","0","0","0","0","0","0","0","0","0","0","0","0","0","0","0","1","0","0","0","0","0","0","0","0","0","0","0","0","0","0","0","0","0","0","0","0","0","0"
"0x778791776ec0","      IMAD.MOV R35, RZ, RZ, -R24","0","0","0","3968","126976","126976","32","32","0","-","-","-","0","0","0","0","0","0","0","0","-","0","0","0","0","0","0","0","0","0","0","0","0","0","0","0","0","0","0","0","0","0","0","0","0","0","0","0","0","0","0","0","0","0","0","0","0","0","0","0","0","0","0"
"0x778791776ed0","      IMAD.MOV R45, RZ, RZ, -R25","1","0","1","3968","126976","126976","32","32","0","-","-","-","0","0","0","0","0","0","0","0","-","0","0","0","0","0","0","0","0","0","0","0","0","0","1","0","0","0","0","0","0","0","0","0","0","0","0","0","0","0","0","0","0","0","0","0","0","0","0","0","0","0","0"
"0x778791776ee0","      LOP3.LUT R37, R49, 0x80, RZ, 0xfc, !PT","0","0","0","3968","126976","126976","32","32","0","-","-","-","0","0","0","0","0","0","0","0","-","0","0","0","0","0","0","0","0","0","0","0","0","0","0","0","0","0","0","0","0","0","0","0","0","0","0","0","0","0","0","0","0","0","0","0","0","0","0","0","0","0","0"
"0x778791776ef0","      IMAD R34, R43, R35, R34","2","0","2","3968","126976","126976","32","32","0","-","-","-","0","0","0","0","0","0","0","0","-","0","0","0","0","0","0","0","0","0","0","0","0","0","0","0","0","0","0","0","2","0","0","0","0","0","0","0","0","0","0","0","0","0","0","0","0","0","0","0","0","0","0"
"0x778791776f00","      LOP3.LUT R41, R49, 0x88, RZ, 0x3c, !PT","0","0","0","3968","126976","126976","32","32","0","-","-","-","0","0","0","0","0","0","0","0","-","0","0","0","0","0","0","0","0","0","0","0","0","0","0","0","0","0","0","0","0","0","0","0","0","0","0","0","0","0","0","0","0","0","0","0","0","0","0","0","0","0","0"
"0x778791776f10","      IMAD R35, R45, R38, RZ","0","0","0","3968","126976","126976","32","32","0","-","-","-","0","0","0","0","0","0","0","0","-","0","0","0","0","0","0","0","0","0","0","0","0","0","0","0","0","0","0","0","0","0","0","0","0","0","0","0","0","0","0","0","0","0","0","0","0","0","0","0","0","0","0"
"0x778791776f20","      IMAD R47, R37, 0x2, R44","2","0","2","3968","126976","126976","32","32","0","-","-","-","0","0","0","0","0","0","0","0","-","0","0","0","0","0","0","0","0","0","0","0","0","0","1","0","0","0","0","0","0","0","0","0","1","0","0","0","0","0","0","0","0","0","0","0","0","0","0","0","0","0","0"
"0x778791776f30","      SHF.R.U32.HI R37, RZ, 0x3, R194","0","0","0","3968","126976","126976","32","32","0","-","-","-","0","0","0","0","0","0","0","0","-","0","0","0","0","0","0","0","0","0","0","0","0","0","0","0","0","0","0","0","0","0","0","0","0","0","0","0","0","0","0","0","0","0","0","0","0","0","0","0","0","0","0"
"0x778791776f40","@!P4  IMAD.IADD R33, R33, 0x1, -R43","1","0","1","3968","126976","0","32","0","0","-","-","-","0","0","0","0","0","0","0","0","-","0","0","0","0","0","0","0","0","0","0","0","0","0","0","0","0","0","0","0","1","0","0","0","0","0","0","0","0","0","0","0","0","0","0","0","0","0","0","0","0","0","0"
"0x778791776f50","      ISETP.GT.U32.AND P4, PT, R43, R34, PT","0","0","0","3968","126976","126976","32","32","0","-","-","-","0","0","0","0","0","0","0","0","-","0","0","0","0","0","0","0","0","0","0","0","0","0","0","0","0","0","0","0","0","0","0","0","0","0","0","0","0","0","0","0","0","0","0","0","0","0","0","0","0","0","0"
"0x778791776f60","      IMAD R51, R41, 0x2, R46","0","0","0","3968","126976","126976","32","32","0","-","-","-","0","0","0","0","0","0","0","0","-","0","0","0","0","0","0","0","0","0","0","0","0","0","0","0","0","0","0","0","0","0","0","0","0","0","0","0","0","0","0","0","0","0","0","0","0","0","0","0","0","0","0"
"0x778791776f70","      SHF.R.U32.HI R41, RZ, 0x3, R193","0","0","0","3968","126976","126976","32","32","0","-","-","-","0","0","0","0","0","0","0","0","-","0","0","0","0","0","0","0","0","0","0","0","0","0","0","0","0","0","0","0","0","0","0","0","0","0","0","0","0","0","0","0","0","0","0","0","0","0","0","0","0","0","0"
"0x778791776f80","      IMAD.MOV.U32 R24, RZ, RZ, RZ","0","0","0","3968","126976","126976","32","32","0","-","-","-","0","0","0","0","0","0","0","0","-","0","0","0","0","0","0","0","0","0","0","0","0","0","0","0","0","0","0","0","0","0","0","0","0","0","0","0","0","0","0","0","0","0","0","0","0","0","0","0","0","0","0"
"0x778791776f90","      LOP3.LUT R37, R37, 0x1ffffff0, RZ, 0xc0, !PT","0","0","0","3968","126976","126976","32","32","0","-","-","-","0","0","0","0","0","0","0","0","-","0","0","0","0","0","0","0","0","0","0","0","0","0","0","0","0","0","0","0","0","0","0","0","0","0","0","0","0","0","0","0","0","0","0","0","0","0","0","0","0","0","0"
"0x778791776fa0","@!P3  IMAD.IADD R32, R32, 0x1, -R43","0","0","0","3968","126976","0","32","0","0","-","-","-","0","0","0","0","0","0","0","0","-","0","0","0","0","0","0","0","0","0","0","0","0","0","0","0","0","0","0","0","0","0","0","0","0","0","0","0","0","0","0","0","0","0","0","0","0","0","0","0","0","0","0"
"0x778791776fb0","      LOP3.LUT R41, R41, 0x1ffffff0, RZ, 0xc0, !PT","0","0","0","3968","126976","126976","32","32","0","-","-","-","0","0","0","0","0","0","0","0","-","0","0","0","0","0","0","0","0","0","0","0","0","0","0","0","0","0","0","0","0","0","0","0","0","0","0","0","0","0","0","0","0","0","0","0","0","0","0","0","0","0","0"
"0x778791776fc0","      IMAD.HI.U32 R24, R25, R35, R24","0","0","0","3968","126976","126976","32","32","0","-","-","-","0","0","0","0","0","0","0","0","-","0","0","0","0","0","0","0","0","0","0","0","0","0","0","0","0","0","0","0","0","0","0","0","0","0","0","0","0","0","0","0","0","0","0","0","0","0","0","0","0","0","0"
"0x778791776fd0","      IABS R44, R26","0","0","0","3968","126976","126976","32","32","0","-","-","-","0","0","0","0","0","0","0","0","-","0","0","0","0","0","0","0","0","0","0","0","0","0","0","0","0","0","0","0","0","0","0","0","0","0","0","0","0","0","0","0","0","0","0","0","0","0","0","0","0","0","0"
"0x778791776fe0","      ISETP.GE.AND P3, PT, R26, RZ, PT","4","2","4","3968","126976","126976","32","32","0","-","-","-","0","0","0","0","0","0","0","0","-","0","0","0","0","0","0","0","0","0","0","0","0","0","2","0","0","0","0","1","0","0","0","0","1","0","0","0","0","0","0","0","1","0","0","0","0","0","0","0","0","0","1"
"0x778791776ff0","      VIADD R26, R37, UR6","0","0","0","3968","126976","126976","32","32","0","-","-","-","0","0","0","0","0","0","0","0","-","0","0","0","0","0","0","0","0","0","0","0","0","0","0","0","0","0","0","0","0","0","0","0","0","0","0","0","0","0","0","0","0","0","0","0","0","0","0","0","0","0","0"
"0x778791777000","      LOP3.LUT R35, R49, 0x480, RZ, 0xfc, !PT","0","0","0","3968","126976","126976","32","32","0","-","-","-","0","0","0","0","0","0","0","0","-","0","0","0","0","0","0","0","0","0","0","0","0","0","0","0","0","0","0","0","0","0","0","0","0","0","0","0","0","0","0","0","0","0","0","0","0","0","0","0","0","0","0"
"0x778791777010","      VIADD R42, R41, UR6","0","0","0","3968","126976","126976","32","32","0","-","-","-","0","0","0","0","0","0","0","0","-","0","0","0","0","0","0","0","0","0","0","0","0","0","0","0","0","0","0","0","0","0","0","0","0","0","0","0","0","0","0","0","0","0","0","0","0","0","0","0","0","0","0"
"0x778791777020","      SHF.R.U32.HI R37, RZ, 0x3, R192","0","0","0","3968","126976","126976","32","32","0","-","-","-","0","0","0","0","0","0","0","0","-","0","0","0","0","0","0","0","0","0","0","0","0","0","0","0","0","0","0","0","0","0","0","0","0","0","0","0","0","0","0","0","0","0","0","0","0","0","0","0","0","0","0"
"0x778791777030","@!P4  IMAD.IADD R34, R34, 0x1, -R43","1","0","1","3968","126976","0","32","0","0","-","-","-","0","0","0","0","0","0","0","0","-","0","0","0","0","0","0","0","0","0","0","0","0","0","0","0","0","0","0","0","1","0","0","0","0","0","0","0","0","0","0","0","0","0","0","0","0","0","0","0","0","0","0"
"0x778791777040","      LOP3.LUT R25, R49, 0x400, RZ, 0xfc, !PT","0","0","0","3968","126976","126976","32","32","0","-","-","-","0","0","0","0","0","0","0","0","-","0","0","0","0","0","0","0","0","0","0","0","0","0","0","0","0","0","0","0","0","0","0","0","0","0","0","0","0","0","0","0","0","0","0","0","0","0","0","0","0","0","0"
"0x778791777050","      IMAD.MOV.U32 R41, RZ, RZ, R44","0","0","0","3968","126976","126976","32","32","0","-","-","-","0","0","0","0","0","0","0","0","-","0","0","0","0","0","0","0","0","0","0","0","0","0","0","0","0","0","0","0","0","0","0","0","0","0","0","0","0","0","0","0","0","0","0","0","0","0","0","0","0","0","0"
"0x778791777060","      LOP3.LUT R37, R37, 0x1ffffff0, RZ, 0xc0, !PT","0","0","0","3968","126976","126976","32","32","0","-","-","-","0","0","0","0","0","0","0","0","-","0","0","0","0","0","0","0","0","0","0","0","0","0","0","0","0","0","0","0","0","0","0","0","0","0","0","0","0","0","0","0","0","0","0","0","0","0","0","0","0","0","0"
"0x778791777070","      IMAD R42, R35, 0x2, R42","1","0","1","3968","126976","126976","32","32","0","-","-","-","0","0","0","0","0","0","0","0","-","0","0","0","0","0","0","0","0","0","0","0","0","0","0","0","0","0","0","0","1","0","0","0","0","0","0","0","0","0","0","0","0","0","0","0","0","0","0","0","0","0","0"
"0x778791777080","      ISETP.GT.U32.AND P4, PT, R43, R34, PT","0","0","0","3968","126976","126976","32","32","0","-","-","-","0","0","0","0","0","0","0","0","-","0","0","0","0","0","0","0","0","0","0","0","0","0","0","0","0","0","0","0","0","0","0","0","0","0","0","0","0","0","0","0","0","0","0","0","0","0","0","0","0","0","0"
"0x778791777090","      IMAD.HI.U32 R24, R24, R41, RZ","0","0","0","3968","126976","126976","32","32","0","-","-","-","0","0","0","0","0","0","0","0","-","0","0","0","0","0","0","0","0","0","0","0","0","0","0","0","0","0","0","0","0","0","0","0","0","0","0","0","0","0","0","0","0","0","0","0","0","0","0","0","0","0","0"
"0x7787917770a0","      SHF.R.U32.HI R35, RZ, 0x3, R0","0","0","0","3968","126976","126976","32","32","0","-","-","-","0","0","0","0","0","0","0","0","-","0","0","0","0","0","0","0","0","0","0","0","0","0","0","0","0","0","0","0","0","0","0","0","0","0","0","0","0","0","0","0","0","0","0","0","0","0","0","0","0","0","0"
"0x7787917770b0","      LEA.HI R44, R36, UR6, RZ, 0x1d","6","1","6","3968","126976","126976","32","32","0","-","-","-","0","0","0","0","0","0","0","0","-","0","0","0","0","0","0","0","0","1","0","0","0","0","2","0","0","0","0","2","0","0","0","0","1","0","0","0","0","0","0","0","1","0","0","0","0","0","0","0","0","0","0"
"0x7787917770c0","      IMAD R45, R25, 0x2, R26","0","0","0","3968","126976","126976","32","32","0","-","-","-","0","0","0","0","0","0","0","0","-","0","0","0","0","0","0","0","0","0","0","0","0","0","0","0","0","0","0","0","0","0","0","0","0","0","0","0","0","0","0","0","0","0","0","0","0","0","0","0","0","0","0"
"0x7787917770d0","      LOP3.LUT R36, R49, 0x8, RZ, 0x3c, !PT","1","0","1","3968","126976","126976","32","32","0","-","-","-","0","0","0","0","0","0","0","0","-","0","0","0","0","0","0","0","0","0","0","0","0","0","0","0","0","0","0","0","1","0","0","0","0","0","0","0","0","0","0","0","0","0","0","0","0","0","0","0","0","0","0"
"0x7787917770e0","      IMAD.MOV R24, RZ, RZ, -R24","1","0","1","3968","126976","126976","32","32","0","-","-","-","0","0","0","0","0","0","0","0","-","0","0","0","0","0","0","0","0","0","0","0","0","0","0","0","0","0","0","0","1","0","0","0","0","0","0","0","0","0","0","0","0","0","0","0","0","0","0","0","0","0","0"
"0x7787917770f0","      LOP3.LUT R25, R49, 0x408, RZ, 0x3c, !PT","2","0","2","3968","126976","126976","32","32","0","-","-","-","0","0","0","0","0","0","0","0","-","0","0","0","0","0","0","0","0","0","0","0","0","0","0","0","0","0","0","0","2","0","0","0","0","0","0","0","0","0","0","0","0","0","0","0","0","0","0","0","0","0","0"
"0x778791777100","      VIADD R26, R37, UR6","0","0","0","3968","126976","126976","32","32","0","-","-","-","0","0","0","0","0","0","0","0","-","0","0","0","0","0","0","0","0","0","0","0","0","0","0","0","0","0","0","0","0","0","0","0","0","0","0","0","0","0","0","0","0","0","0","0","0","0","0","0","0","0","0"
"0x778791777110","      LOP3.LUT R35, R35, 0x1ffffff0, RZ, 0xc0, !PT","0","0","0","3968","126976","126976","32","32","0","-","-","-","0","0","0","0","0","0","0","0","-","0","0","0","0","0","0","0","0","0","0","0","0","0","0","0","0","0","0","0","0","0","0","0","0","0","0","0","0","0","0","0","0","0","0","0","0","0","0","0","0","0","0"
"0x778791777120","      IMAD R53, R49, 0x2, R44","0","0","0","3968","126976","126976","32","32","0","-","-","-","0","0","0","0","0","0","0","0","-","0","0","0","0","0","0","0","0","0","0","0","0","0","0","0","0","0","0","0","0","0","0","0","0","0","0","0","0","0","0","0","0","0","0","0","0","0","0","0","0","0","0"
"0x778791777130","      LOP3.LUT R49, R49, 0x488, RZ, 0x3c, !PT","0","0","0","3968","126976","126976","32","32","0","-","-","-","0","0","0","0","0","0","0","0","-","0","0","0","0","0","0","0","0","0","0","0","0","0","0","0","0","0","0","0","0","0","0","0","0","0","0","0","0","0","0","0","0","0","0","0","0","0","0","0","0","0","0"
"0x778791777140","      IMAD R50, R36, 0x2, R44","1","0","1","3968","126976","126976","32","32","0","-","-","-","0","0","0","0","0","0","0","0","-","0","0","0","0","0","0","0","0","0","0","0","0","0","0","0","0","0","0","0","1","0","0","0","0","0","0","0","0","0","0","0","0","0","0","0","0","0","0","0","0","0","0"
"0x778791777150","      IMAD R41, R38, R24, R41","1","0","1","3968","126976","126976","32","32","0","-","-","-","0","0","0","0","0","0","0","0","-","0","0","0","0","0","0","0","0","0","0","0","0","0","0","0","0","0","0","1","0","0","0","0","0","0","0","0","0","0","0","0","0","0","0","0","0","0","0","0","0","0","0"
"0x778791777160","      STS.U16 [R53], R64","0","0","0","3968","126976","126976","32","32","0","Shared","Store","16","0","1","0","3968","3968","0","0","0","-","0","0","0","0","0","0","0","0","0","0","0","0","0","0","0","0","0","0","0","0","0","0","0","0","0","0","0","0","0","0","0","0","0","0","0","0","0","0","0","0","0","0"
"0x778791777170","      IMAD R44, R25, 0x2, R26","0","0","0","3968","126976","126976","32","32","0","-","-","-","0","0","0","0","0","0","0","0","-","0","0","0","0","0","0","0","0","0","0","0","0","0","0","0","0","0","0","0","0","0","0","0","0","0","0","0","0","0","0","0","0","0","0","0","0","0","0","0","0","0","0"
"0x778791777180","      PRMT R25, R64, 0x7632, R25","0","0","0","3968","126976","126976","32","32","0","-","-","-","0","0","0","0","0","0","0","0","-","0","0","0","0","0","0","0","0","0","0","0","0","0","0","0","0","0","0","0","0","0","0","0","0","0","0","0","0","0","0","0","0","0","0","0","0","0","0","0","0","0","0"
"0x778791777190","      VIADD R24, R35, UR6","0","0","0","3968","126976","126976","32","32","0","-","-","-","0","0","0","0","0","0","0","0","-","0","0","0","0","0","0","0","0","0","0","0","0","0","0","0","0","0","0","0","0","0","0","0","0","0","0","0","0","0","0","0","0","0","0","0","0","0","0","0","0","0","0"
"0x7787917771a0","      PRMT R26, R65, 0x7632, R26","0","0","0","3968","126976","126976","32","32","0","-","-","-","0","0","0","0","0","0","0","0","-","0","0","0","0","0","0","0","0","0","0","0","0","0","0","0","0","0","0","0","0","0","0","0","0","0","0","0","0","0","0","0","0","0","0","0","0","0","0","0","0","0","0"
"0x7787917771b0","@!P4  IMAD.IADD R34, R34, 0x1, -R43","0","0","0","3968","126976","0","32","0","0","-","-","-","0","0","0","0","0","0","0","0","-","0","0","0","0","0","0","0","0","0","0","0","0","0","0","0","0","0","0","0","0","0","0","0","0","0","0","0","0","0","0","0","0","0","0","0","0","0","0","0","0","0","0"
"0x7787917771c0","      ISETP.GT.U32.AND P4, PT, R38, R41, PT","0","0","0","3968","126976","126976","32","32","0","-","-","-","0","0","0","0","0","0","0","0","-","0","0","0","0","0","0","0","0","0","0","0","0","0","0","0","0","0","0","0","0","0","0","0","0","0","0","0","0","0","0","0","0","0","0","0","0","0","0","0","0","0","0"
"0x7787917771d0","      IMAD R46, R49, 0x2, R24","0","0","0","3968","126976","126976","32","32","0","-","-","-","0","0","0","0","0","0","0","0","-","0","0","0","0","0","0","0","0","0","0","0","0","0","0","0","0","0","0","0","0","0","0","0","0","0","0","0","0","0","0","0","0","0","0","0","0","0","0","0","0","0","0"
"0x7787917771e0","      PRMT R24, R66, 0x7632, R24","0","0","0","3968","126976","126976","32","32","0","-","-","-","0","0","0","0","0","0","0","0","-","0","0","0","0","0","0","0","0","0","0","0","0","0","0","0","0","0","0","0","0","0","0","0","0","0","0","0","0","0","0","0","0","0","0","0","0","0","0","0","0","0","0"
"0x7787917771f0","      STS.U16 [R47], R25","0","0","0","3968","126976","126976","32","32","0","Shared","Store","16","0","1","0","3968","3968","0","0","0","-","0","0","0","0","0","0","0","0","0","0","0","0","0","0","0","0","0","0","0","0","0","0","0","0","0","0","0","0","0","0","0","0","0","0","0","0","0","0","0","0","0","0"
"0x778791777200","      PRMT R35, R67, 0x7632, R35","0","0","0","3968","126976","126976","32","32","0","-","-","-","0","0","0","0","0","0","0","0","-","0","0","0","0","0","0","0","0","0","0","0","0","0","0","0","0","0","0","0","0","0","0","0","0","0","0","0","0","0","0","0","0","0","0","0","0","0","0","0","0","0","0"
"0x778791777210","@!P0  IMAD.MOV R29, RZ, RZ, -R29","0","0","0","3968","126976","0","32","0","0","-","-","-","0","0","0","0","0","0","0","0","-","0","0","0","0","0","0","0","0","0","0","0","0","0","0","0","0","0","0","0","0","0","0","0","0","0","0","0","0","0","0","0","0","0","0","0","0","0","0","0","0","0","0"
"0x778791777220","      STS.U16 [R50], R65","4","0","4","3968","126976","126976","32","32","0","Shared","Store","16","0","1","0","3968","3968","0","0","0","-","0","0","0","0","0","0","0","0","0","0","0","0","0","0","0","0","0","0","3","0","0","0","0","1","0","0","0","0","0","0","0","0","0","0","0","0","0","0","0","0","0","0"
"0x778791777230","@!P2  IMAD.MOV R32, RZ, RZ, -R32","0","0","0","3968","126976","0","32","0","0","-","-","-","0","0","0","0","0","0","0","0","-","0","0","0","0","0","0","0","0","0","0","0","0","0","0","0","0","0","0","0","0","0","0","0","0","0","0","0","0","0","0","0","0","0","0","0","0","0","0","0","0","0","0"
"0x778791777240","      ISETP.NE.AND P2, PT, R40, RZ, PT","0","0","0","3968","126976","126976","32","32","0","-","-","-","0","0","0","0","0","0","0","0","-","0","0","0","0","0","0","0","0","0","0","0","0","0","0","0","0","0","0","0","0","0","0","0","0","0","0","0","0","0","0","0","0","0","0","0","0","0","0","0","0","0","0"
"0x778791777250","@!P6  IMAD.MOV R33, RZ, RZ, -R33","1","0","1","3968","126976","0","32","0","0","-","-","-","0","0","0","0","0","0","0","0","-","0","0","0","0","0","0","0","0","0","0","0","0","0","0","0","0","0","0","0","1","0","0","0","0","0","0","0","0","0","0","0","0","0","0","0","0","0","0","0","0","0","0"
"0x778791777260","      STS.U16 [R51], R26","0","0","0","3968","126976","126976","32","32","0","Shared","Store","16","0","1","0","3968","3968","0","0","0","-","0","0","0","0","0","0","0","0","0","0","0","0","0","0","0","0","0","0","0","0","0","0","0","0","0","0","0","0","0","0","0","0","0","0","0","0","0","0","0","0","0","0"
"0x778791777270","@!P5  IMAD.MOV R34, RZ, RZ, -R34","0","0","0","3968","126976","0","32","0","0","-","-","-","0","0","0","0","0","0","0","0","-","0","0","0","0","0","0","0","0","0","0","0","0","0","0","0","0","0","0","0","0","0","0","0","0","0","0","0","0","0","0","0","0","0","0","0","0","0","0","0","0","0","0"
"0x778791777280","      PLOP3.LUT P6, PT, PT, PT, UP1, 0x80, 0x0","0","0","0","3968","126976","126976","32","32","0","-","-","-","0","0","0","0","0","0","0","0","-","0","0","0","0","0","0","0","0","0","0","0","0","0","0","0","0","0","0","0","0","0","0","0","0","0","0","0","0","0","0","0","0","0","0","0","0","0","0","0","0","0","0"
"0x778791777290","@!P4  IMAD.IADD R41, R41, 0x1, -R38","0","0","0","3968","126976","0","32","0","0","-","-","-","0","0","0","0","0","0","0","0","-","0","0","0","0","0","0","0","0","0","0","0","0","0","0","0","0","0","0","0","0","0","0","0","0","0","0","0","0","0","0","0","0","0","0","0","0","0","0","0","0","0","0"
"0x7787917772a0","      STS.U16 [R45], R66","0","0","0","3968","126976","126976","32","32","0","Shared","Store","16","0","1","0","3968","3968","0","0","0","-","0","0","0","0","0","0","0","0","0","0","0","0","0","0","0","0","0","0","0","0","0","0","0","0","0","0","0","0","0","0","0","0","0","0","0","0","0","0","0","0","0","0"
"0x7787917772b0","      ISETP.NE.AND P4, PT, R39, RZ, PT","0","0","0","3968","126976","126976","32","32","0","-","-","-","0","0","0","0","0","0","0","0","-","0","0","0","0","0","0","0","0","0","0","0","0","0","0","0","0","0","0","0","0","0","0","0","0","0","0","0","0","0","0","0","0","0","0","0","0","0","0","0","0","0","0"
"0x7787917772c0","      LOP3.LUT R39, RZ, R39, RZ, 0x33, !PT","1","0","1","3968","126976","126976","32","32","0","-","-","-","0","0","0","0","0","0","0","0","-","0","0","0","0","0","0","0","0","0","0","0","0","0","1","0","0","0","0","0","0","0","0","0","0","0","0","0","0","0","0","0","0","0","0","0","0","0","0","0","0","0","0"
"0x7787917772d0","      STS.U16 [R42], R24","0","0","0","3968","126976","126976","32","32","0","Shared","Store","16","0","1","0","3968","3968","0","0","0","-","0","0","0","0","0","0","0","0","0","0","0","0","0","0","0","0","0","0","0","0","0","0","0","0","0","0","0","0","0","0","0","0","0","0","0","0","0","0","0","0","0","0"
"0x7787917772e0","      ISETP.GT.U32.AND P0, PT, R38, R41, PT","0","0","0","3968","126976","126976","32","32","0","-","-","-","0","0","0","0","0","0","0","0","-","0","0","0","0","0","0","0","0","0","0","0","0","0","0","0","0","0","0","0","0","0","0","0","0","0","0","0","0","0","0","0","0","0","0","0","0","0","0","0","0","0","0"
"0x7787917772f0","      SEL R73, R39, R30, !P4","3","0","3","3968","126976","126976","32","32","0","-","-","-","0","0","0","0","0","0","0","0","-","0","0","0","0","0","0","0","0","0","0","0","0","0","1","0","0","0","0","1","1","0","0","0","0","0","0","0","0","0","0","0","0","0","0","0","0","0","0","0","0","0","0"
"0x778791777300","      STS.U16 [R44], R67","0","0","0","3968","126976","126976","32","32","0","Shared","Store","16","0","1","0","3968","3968","0","0","0","-","0","0","0","0","0","0","0","0","0","0","0","0","0","0","0","0","0","0","0","0","0","0","0","0","0","0","0","0","0","0","0","0","0","0","0","0","0","0","0","0","0","0"
"0x778791777310","      SEL R43, R39, R27, !P4","0","0","0","3968","126976","126976","32","32","0","-","-","-","0","0","0","0","0","0","0","0","-","0","0","0","0","0","0","0","0","0","0","0","0","0","0","0","0","0","0","0","0","0","0","0","0","0","0","0","0","0","0","0","0","0","0","0","0","0","0","0","0","0","0"
"0x778791777320","      SEL R65, R39, R28, !P4","2","0","2","3968","126976","126976","32","32","0","-","-","-","0","0","0","0","0","0","0","0","-","0","0","0","0","0","0","0","0","0","0","0","0","0","0","0","0","0","0","0","2","0","0","0","0","0","0","0","0","0","0","0","0","0","0","0","0","0","0","0","0","0","0"
"0x778791777330","      STS.U16 [R46], R35","0","0","0","3968","126976","126976","32","32","0","Shared","Store","16","0","1","0","3968","3968","0","0","0","-","0","0","0","0","0","0","0","0","0","0","0","0","0","0","0","0","0","0","0","0","0","0","0","0","0","0","0","0","0","0","0","0","0","0","0","0","0","0","0","0","0","0"
"0x778791777340","      SEL R75, R39, R31, !P4","1","0","1","3968","126976","126976","32","32","0","-","-","-","0","0","0","0","0","0","0","0","-","0","0","0","0","0","0","0","0","0","0","0","0","0","0","0","0","0","0","0","1","0","0","0","0","0","0","0","0","0","0","0","0","0","0","0","0","0","0","0","0","0","0"
"0x778791777350","      SEL R77, R39, R32, !P4","1","1","1","3968","126976","126976","32","32","0","-","-","-","0","0","0","0","0","0","0","0","-","0","0","0","0","0","0","0","0","0","0","0","0","0","0","0","0","0","0","0","0","0","0","0","1","0","0","0","0","0","0","0","0","0","0","0","0","0","0","0","0","0","1"
"0x778791777360","      SEL R79, R39, R33, !P4","0","0","0","3968","126976","126976","32","32","0","-","-","-","0","0","0","0","0","0","0","0","-","0","0","0","0","0","0","0","0","0","0","0","0","0","0","0","0","0","0","0","0","0","0","0","0","0","0","0","0","0","0","0","0","0","0","0","0","0","0","0","0","0","0"
"0x778791777370","@!P0  IMAD.IADD R41, R41, 0x1, -R38","0","0","0","3968","126976","0","32","0","0","-","-","-","0","0","0","0","0","0","0","0","-","0","0","0","0","0","0","0","0","0","0","0","0","0","0","0","0","0","0","0","0","0","0","0","0","0","0","0","0","0","0","0","0","0","0","0","0","0","0","0","0","0","0"
"0x778791777380","      SEL R67, R39, R29, !P4","1","0","1","3968","126976","126976","32","32","0","-","-","-","0","0","0","0","0","0","0","0","-","0","0","0","0","0","0","0","0","0","0","0","0","0","0","0","0","0","0","1","0","0","0","0","0","0","0","0","0","0","0","0","0","0","0","0","0","0","0","0","0","0","0"
"0x778791777390","      SEL R49, R39, R34, !P4","1","1","1","3968","126976","126976","32","32","0","-","-","-","0","0","0","0","0","0","0","0","-","0","0","0","0","0","0","0","0","0","0","0","0","0","1","0","0","0","0","0","0","0","0","0","0","0","0","0","0","0","0","0","1","0","0","0","0","0","0","0","0","0","0"
"0x7787917773a0","      BAR.SYNC.DEFER_BLOCKING 0x0","1","0","1","3968","126976","126976","32","32","0","-","-","-","0","0","0","0","0","0","0","0","-","0","0","0","0","0","0","0","0","0","0","0","0","0","0","0","0","0","0","0","1","0","0","0","0","0","0","0","0","0","0","0","0","0","0","0","0","0","0","0","0","0","0"
"0x7787917773b0","      PRMT R24, R60, 0x7632, R24","0","0","0","3968","126976","126976","32","32","0","-","-","-","0","0","0","0","0","0","0","0","-","0","0","0","0","0","0","0","0","0","0","0","0","0","0","0","0","0","0","0","0","0","0","0","0","0","0","0","0","0","0","0","0","0","0","0","0","0","0","0","0","0","0"
"0x7787917773c0","      PRMT R28, R61, 0x7632, R28","1","0","1","3968","126976","126976","32","32","0","-","-","-","0","0","0","0","0","0","0","0","-","0","0","0","0","0","0","0","0","0","0","0","0","0","0","0","0","0","0","0","1","0","0","0","0","0","0","0","0","0","0","0","0","0","0","0","0","0","0","0","0","0","0"
"0x7787917773d0","      PRMT R29, R62, 0x7632, R29","0","0","0","3968","126976","126976","32","32","0","-","-","-","0","0","0","0","0","0","0","0","-","0","0","0","0","0","0","0","0","0","0","0","0","0","0","0","0","0","0","0","0","0","0","0","0","0","0","0","0","0","0","0","0","0","0","0","0","0","0","0","0","0","0"
"0x7787917773e0","      PRMT R30, R63, 0x7632, R30","2","1","2","3968","126976","126976","32","32","0","-","-","-","0","0","0","0","0","0","0","0","-","0","0","0","0","0","0","0","0","0","0","0","0","0","0","0","0","0","0","0","1","0","0","0","1","0","0","0","0","0","0","0","0","0","0","0","0","0","0","0","0","0","1"
"0x7787917773f0","      PRMT R31, R56, 0x7632, R31","0","0","0","3968","126976","126976","32","32","0","-","-","-","0","0","0","0","0","0","0","0","-","0","0","0","0","0","0","0","0","0","0","0","0","0","0","0","0","0","0","0","0","0","0","0","0","0","0","0","0","0","0","0","0","0","0","0","0","0","0","0","0","0","0"
"0x778791777400","      PRMT R32, R57, 0x7632, R32","4","1","4","3968","126976","126976","32","32","0","-","-","-","0","0","0","0","0","0","0","0","-","0","0","0","0","0","0","0","0","0","0","0","0","0","0","0","0","0","0","2","1","0","0","0","1","0","0","0","0","0","0","0","0","0","0","0","0","0","0","0","0","0","1"
"0x778791777410","      PRMT R33, R58, 0x7632, R33","1","0","1","3968","126976","126976","32","32","0","-","-","-","0","0","0","0","0","0","0","0","-","0","0","0","0","0","0","0","0","0","0","0","0","0","0","0","0","0","0","0","1","0","0","0","0","0","0","0","0","0","0","0","0","0","0","0","0","0","0","0","0","0","0"
"0x778791777420","      PRMT R34, R59, 0x7632, R34","1","0","1","3968","126976","126976","32","32","0","-","-","-","0","0","0","0","0","0","0","0","-","0","0","0","0","0","0","0","0","0","0","0","0","0","0","0","0","0","0","0","1","0","0","0","0","0","0","0","0","0","0","0","0","0","0","0","0","0","0","0","0","0","0"
"0x778791777430","      PRMT R35, R20, 0x7632, R35","3","3","3","3968","126976","126976","32","32","0","-","-","-","0","0","0","0","0","0","0","0","-","0","0","0","0","0","0","0","0","0","0","0","0","0","1","0","0","0","0","0","0","0","0","0","2","0","0","0","0","0","0","0","1","0","0","0","0","0","0","0","0","0","2"
"0x778791777440","      ISETP.LT.AND P1, PT, R43, R40, P1","2","0","2","3968","126976","126976","32","32","0","-","-","-","0","0","0","0","0","0","0","0","-","0","0","0","0","0","0","0","0","0","0","0","0","0","0","0","0","0","0","1","0","0","0","0","1","0","0","0","0","0","0","0","0","0","0","0","0","0","0","0","0","0","0"
"0x778791777450","      PLOP3.LUT P0, PT, PT, PT, UP1, 0x80, 0x0","0","0","0","3968","126976","126976","32","32","0","-","-","-","0","0","0","0","0","0","0","0","-","0","0","0","0","0","0","0","0","0","0","0","0","0","0","0","0","0","0","0","0","0","0","0","0","0","0","0","0","0","0","0","0","0","0","0","0","0","0","0","0","0","0"
"0x778791777460","      PLOP3.LUT P4, PT, PT, PT, UP1, 0x80, 0x0","1","1","1","3968","126976","126976","32","32","0","-","-","-","0","0","0","0","0","0","0","0","-","0","0","0","0","0","0","0","0","0","0","0","0","0","1","0","0","0","0","0","0","0","0","0","0","0","0","0","0","0","0","0","1","0","0","0","0","0","0","0","0","0","0"
"0x778791777470","      LDS.128 R36, [R48]","10","4","10","3968","126976","126976","32","32","0","Shared","Load","128","0","4","0","15872","15872","0","0","0","-","0","0","0","0","0","0","10","0","0","0","0","0","0","0","0","0","0","0","0","0","0","0","0","0","4","0","0","0","0","0","0","0","0","0","0","0","0","0","0","0","0","0"
"0x778791777480","      BAR.SYNC.DEFER_BLOCKING 0x0","0","0","0","3968","126976","126976","32","32","0","-","-","-","0","0","0","0","0","0","0","0","-","0","0","0","0","0","0","0","0","0","0","0","0","0","0","0","0","0","0","0","0","0","0","0","0","0","0","0","0","0","0","0","0","0","0","0","0","0","0","0","0","0","0"
"0x778791777490","      ISETP.LT.AND P0, PT, R65, R40, P0","0","0","0","3968","126976","126976","32","32","0","-","-","-","0","0","0","0","0","0","0","0","-","0","0","0","0","0","0","0","0","0","0","0","0","0","0","0","0","0","0","0","0","0","0","0","0","0","0","0","0","0","0","0","0","0","0","0","0","0","0","0","0","0","0"
"0x7787917774a0","      ISETP.LT.AND P4, PT, R67, R40, P4","0","0","0","3968","126976","126976","32","32","0","-","-","-","0","0","0","0","0","0","0","0","-","0","0","0","0","0","0","0","0","0","0","0","0","0","0","0","0","0","0","0","0","0","0","0","0","0","0","0","0","0","0","0","0","0","0","0","0","0","0","0","0","0","0"
"0x7787917774b0","      PLOP3.LUT P5, PT, PT, PT, UP1, 0x80, 0x0","0","0","0","3968","126976","126976","32","32","0","-","-","-","0","0","0","0","0","0","0","0","-","0","0","0","0","0","0","0","0","0","0","0","0","0","0","0","0","0","0","0","0","0","0","0","0","0","0","0","0","0","0","0","0","0","0","0","0","0","0","0","0","0","0"
"0x7787917774c0","      ISETP.LT.AND P6, PT, R79, R40, P6","0","0","0","3968","126976","126976","32","32","0","-","-","-","0","0","0","0","0","0","0","0","-","0","0","0","0","0","0","0","0","0","0","0","0","0","0","0","0","0","0","0","0","0","0","0","0","0","0","0","0","0","0","0","0","0","0","0","0","0","0","0","0","0","0"
"0x7787917774d0","      ISETP.LT.AND P5, PT, R49, R40, P5","0","0","0","3968","126976","126976","32","32","0","-","-","-","0","0","0","0","0","0","0","0","-","0","0","0","0","0","0","0","0","0","0","0","0","0","0","0","0","0","0","0","0","0","0","0","0","0","0","0","0","0","0","0","0","0","0","0","0","0","0","0","0","0","0"
"0x7787917774e0","      STS.U16 [R53], R60","6","2","6","3968","126976","126976","32","32","0","Shared","Store","16","0","1","0","3968","3968","0","0","0","-","0","0","0","0","0","0","5","0","0","0","0","0","0","0","0","0","0","0","0","1","0","0","0","0","2","0","0","0","0","0","0","0","0","0","0","0","0","0","0","0","0","0"
"0x7787917774f0","      STS.U16 [R47], R24","2","0","2","3968","126976","126976","32","32","0","Shared","Store","16","0","1","0","3968","3968","0","0","0","-","0","0","0","0","0","0","0","0","0","0","0","0","0","0","0","0","0","0","0","2","0","0","0","0","0","0","0","0","0","0","0","0","0","0","0","0","0","0","0","0","0","0"
"0x778791777500","      STS.U16 [R50], R61","2","0","2","3968","126976","126976","32","32","0","Shared","Store","16","0","1","0","3968","3968","0","0","0","-","0","0","0","0","0","0","0","0","0","0","0","0","0","0","0","0","0","0","0","1","0","0","0","1","0","0","0","0","0","0","0","0","0","0","0","0","0","0","0","0","0","0"
"0x778791777510","      STS.U16 [R51], R28","0","0","0","3968","126976","126976","32","32","0","Shared","Store","16","0","1","0","3968","3968","0","0","0","-","0","0","0","0","0","0","0","0","0","0","0","0","0","0","0","0","0","0","0","0","0","0","0","0","0","0","0","0","0","0","0","0","0","0","0","0","0","0","0","0","0","0"
"0x778791777520","      STS.U16 [R45], R62","0","0","0","3968","126976","126976","32","32","0","Shared","Store","16","0","1","0","3968","3968","0","0","0","-","0","0","0","0","0","0","0","0","0","0","0","0","0","0","0","0","0","0","0","0","0","0","0","0","0","0","0","0","0","0","0","0","0","0","0","0","0","0","0","0","0","0"
"0x778791777530","      STS.U16 [R42], R29","1","0","1","3968","126976","126976","32","32","0","Shared","Store","16","0","1","0","3968","3968","0","0","0","-","0","0","0","0","0","0","0","0","0","0","0","0","0","0","0","0","0","0","0","1","0","0","0","0","0","0","0","0","0","0","0","0","0","0","0","0","0","0","0","0","0","0"
"0x778791777540","      STS.U16 [R44], R63","0","0","0","3968","126976","126976","32","32","0","Shared","Store","16","0","1","0","3968","3968","0","0","0","-","0","0","0","0","0","0","0","0","0","0","0","0","0","0","0","0","0","0","0","0","0","0","0","0","0","0","0","0","0","0","0","0","0","0","0","0","0","0","0","0","0","0"
"0x778791777550","      STS.U16 [R46], R30","0","0","0","3968","126976","126976","32","32","0","Shared","Store","16","0","1","0","3968","3968","0","0","0","-","0","0","0","0","0","0","0","0","0","0","0","0","0","0","0","0","0","0","0","0","0","0","0","0","0","0","0","0","0","0","0","0","0","0","0","0","0","0","0","0","0","0"
"0x778791777560","      BAR.SYNC.DEFER_BLOCKING 0x0","0","0","0","3968","126976","126976","32","32","0","-","-","-","0","0","0","0","0","0","0","0","-","0","0","0","0","0","0","0","0","0","0","0","0","0","0","0","0","0","0","0","0","0","0","0","0","0","0","0","0","0","0","0","0","0","0","0","0","0","0","0","0","0","0"
"0x778791777570","      LDS.128 R24, [R48]","2","2","2","3968","126976","126976","32","32","0","Shared","Load","128","0","4","0","15872","15872","0","0","0","-","0","0","0","0","0","0","2","0","0","0","0","0","0","0","0","0","0","0","0","0","0","0","0","0","2","0","0","0","0","0","0","0","0","0","0","0","0","0","0","0","0","0"
"0x778791777580","      BAR.SYNC.DEFER_BLOCKING 0x0","0","0","0","3968","126976","126976","32","32","0","-","-","-","0","0","0","0","0","0","0","0","-","0","0","0","0","0","0","0","0","0","0","0","0","0","0","0","0","0","0","0","0","0","0","0","0","0","0","0","0","0","0","0","0","0","0","0","0","0","0","0","0","0","0"
"0x778791777590","      STS.U16 [R53], R56","9","8","9","3968","126976","126976","32","32","0","Shared","Store","16","0","1","0","3968","3968","0","0","0","-","0","0","0","0","0","0","8","0","0","0","0","0","0","0","0","0","0","0","0","1","0","0","0","0","8","0","0","0","0","0","0","0","0","0","0","0","0","0","0","0","0","0"
"0x7787917775a0","      STS.U16 [R47], R31","2","1","2","3968","126976","126976","32","32","0","Shared","Store","16","0","1","0","3968","3968","0","0","0","-","0","0","0","0","0","0","0","0","0","0","0","0","0","0","0","0","0","0","0","0","0","0","0","2","0","0","0","0","0","0","0","0","0","0","0","0","0","0","0","0","0","1"
"0x7787917775b0","      STS.U16 [R50], R57","2","1","2","3968","126976","126976","32","32","0","Shared","Store","16","0","1","0","3968","3968","0","0","0","-","0","0","0","0","0","0","0","0","0","0","0","0","0","0","0","0","0","0","0","0","0","0","0","2","0","0","0","0","0","0","0","0","0","0","0","0","0","0","0","0","0","1"
"0x7787917775c0","      PRMT R56, R17, 0x7632, R56","3","2","3","3968","126976","126976","32","32","0","-","-","-","0","0","0","0","0","0","0","0","-","0","0","0","0","0","0","0","0","0","0","0","0","0","0","0","0","0","0","0","0","3","0","0","0","0","0","0","0","0","0","0","0","0","0","0","0","0","0","2","0","0","0"
"0x7787917775d0","      STS.U16 [R51], R32","1","0","1","3968","126976","126976","32","32","0","Shared","Store","16","0","1","0","3968","3968","0","0","0","-","0","0","0","0","0","0","0","0","0","0","0","0","0","0","0","0","0","0","0","1","0","0","0","0","0","0","0","0","0","0","0","0","0","0","0","0","0","0","0","0","0","0"
"0x7787917775e0","      STS.U16 [R45], R58","2","2","2","3968","126976","126976","32","32","0","Shared","Store","16","0","1","0","3968","3968","0","0","0","-","0","0","0","0","0","0","0","0","0","0","0","0","0","0","0","0","0","0","0","0","0","0","0","2","0","0","0","0","0","0","0","0","0","0","0","0","0","0","0","0","0","2"
"0x7787917775f0","      IMAD.MOV.U32 R57, RZ, RZ, R41","6","3","6","3968","126976","126976","32","32","0","-","-","-","0","0","0","0","0","0","0","0","-","0","0","0","0","0","0","0","0","0","0","0","0","0","0","0","0","0","0","0","1","5","0","0","0","0","0","0","0","0","0","0","0","0","0","0","0","0","0","3","0","0","0"
"0x778791777600","      STS.U16 [R42], R33","1","1","1","3968","126976","126976","32","32","0","Shared","Store","16","0","1","0","3968","3968","0","0","0","-","0","0","0","0","0","0","0","0","0","0","0","0","0","0","0","0","0","0","0","0","0","0","0","1","0","0","0","0","0","0","0","0","0","0","0","0","0","0","0","0","0","1"
"0x778791777610","      IMAD R41, R73, UR4, RZ","0","0","0","3968","126976","126976","32","32","0","-","-","-","0","0","0","0","0","0","0","0","-","0","0","0","0","0","0","0","0","0","0","0","0","0","0","0","0","0","0","0","0","0","0","0","0","0","0","0","0","0","0","0","0","0","0","0","0","0","0","0","0","0","0"
"0x778791777620","@!P3  IMAD.MOV R57, RZ, RZ, -R57","0","0","0","3968","126976","0","32","0","0","-","-","-","0","0","0","0","0","0","0","0","-","0","0","0","0","0","0","0","0","0","0","0","0","0","0","0","0","0","0","0","0","0","0","0","0","0","0","0","0","0","0","0","0","0","0","0","0","0","0","0","0","0","0"
"0x778791777630","      STS.U16 [R44], R59","0","0","0","3968","126976","126976","32","32","0","Shared","Store","16","0","1","0","3968","3968","0","0","0","-","0","0","0","0","0","0","0","0","0","0","0","0","0","0","0","0","0","0","0","0","0","0","0","0","0","0","0","0","0","0","0","0","0","0","0","0","0","0","0","0","0","0"
"0x778791777640","@!P2  LOP3.LUT R57, RZ, R40, RZ, 0x33, !PT","0","0","0","3968","126976","0","32","0","0","-","-","-","0","0","0","0","0","0","0","0","-","0","0","0","0","0","0","0","0","0","0","0","0","0","0","0","0","0","0","0","0","0","0","0","0","0","0","0","0","0","0","0","0","0","0","0","0","0","0","0","0","0","0"
"0x778791777650","      PLOP3.LUT P3, PT, PT, PT, UP1, 0x80, 0x0","0","0","0","3968","126976","126976","32","32","0","-","-","-","0","0","0","0","0","0","0","0","-","0","0","0","0","0","0","0","0","0","0","0","0","0","0","0","0","0","0","0","0","0","0","0","0","0","0","0","0","0","0","0","0","0","0","0","0","0","0","0","0","0","0"
"0x778791777660","      STS.U16 [R46], R34","0","0","0","3968","126976","126976","32","32","0","Shared","Store","16","0","1","0","3968","3968","0","0","0","-","0","0","0","0","0","0","0","0","0","0","0","0","0","0","0","0","0","0","0","0","0","0","0","0","0","0","0","0","0","0","0","0","0","0","0","0","0","0","0","0","0","0"
"0x778791777670","      BAR.SYNC.DEFER_BLOCKING 0x0","1","0","1","3968","126976","126976","32","32","0","-","-","-","0","0","0","0","0","0","0","0","-","0","0","0","0","0","0","0","0","0","0","0","0","0","0","0","0","0","0","0","1","0","0","0","0","0","0","0","0","0","0","0","0","0","0","0","0","0","0","0","0","0","0"
"0x778791777680","      PLOP3.LUT P2, PT, PT, PT, UP1, 0x80, 0x0","0","0","0","3968","126976","126976","32","32","0","-","-","-","0","0","0","0","0","0","0","0","-","0","0","0","0","0","0","0","0","0","0","0","0","0","0","0","0","0","0","0","0","0","0","0","0","0","0","0","0","0","0","0","0","0","0","0","0","0","0","0","0","0","0"
"0x778791777690","      ISETP.LT.AND P3, PT, R73, R40, P3","2","1","2","3968","126976","126976","32","32","0","-","-","-","0","0","0","0","0","0","0","0","-","0","0","0","0","0","0","0","0","0","0","0","0","0","0","0","0","0","0","0","1","0","0","0","1","0","0","0","0","0","0","0","0","0","0","0","0","0","0","0","0","0","1"
"0x7787917776a0","      ISETP.LT.AND P2, PT, R75, R40, P2","1","1","1","3968","126976","126976","32","32","0","-","-","-","0","0","0","0","0","0","0","0","-","0","0","0","0","0","0","0","0","0","0","0","0","0","1","0","0","0","0","0","0","0","0","0","0","0","0","0","0","0","0","0","1","0","0","0","0","0","0","0","0","0","0"
"0x7787917776b0","      LDS.128 R28, [R48]","6","4","6","3968","126976","126976","32","32","0","Shared","Load","128","0","4","0","15872","15872","0","0","0","-","0","0","0","0","0","0","6","0","0","0","0","0","0","0","0","0","0","0","0","0","0","0","0","0","4","0","0","0","0","0","0","0","0","0","0","0","0","0","0","0","0","0"
"0x7787917776c0","      BAR.SYNC.DEFER_BLOCKING 0x0","1","0","1","3968","126976","126976","32","32","0","-","-","-","0","0","0","0","0","0","0","0","-","0","0","0","0","0","0","0","0","0","0","0","0","0","0","0","0","0","0","0","0","0","0","0","1","0","0","0","0","0","0","0","0","0","0","0","0","0","0","0","0","0","0"
"0x7787917776d0","      STS.U16 [R53], R20","8","8","8","3968","126976","126976","32","32","0","Shared","Store","16","0","1","0","3968","3968","0","0","0","-","0","0","0","0","0","0","7","0","0","0","0","0","0","0","0","0","0","0","0","0","0","0","0","1","7","0","0","0","0","0","0","0","0","0","0","0","0","0","0","0","0","1"
"0x7787917776e0","      STS.U16 [R47], R35","2","1","2","3968","126976","126976","32","32","0","Shared","Store","16","0","1","0","3968","3968","0","0","0","-","0","0","0","0","0","0","0","0","0","0","0","0","0","0","0","0","0","0","0","1","0","0","0","1","0","0","0","0","0","0","0","0","0","0","0","0","0","0","0","0","0","1"
"0x7787917776f0","      STS.U16 [R50], R21","0","0","0","3968","126976","126976","32","32","0","Shared","Store","16","0","1","0","3968","3968","0","0","0","-","0","0","0","0","0","0","0","0","0","0","0","0","0","0","0","0","0","0","0","0","0","0","0","0","0","0","0","0","0","0","0","0","0","0","0","0","0","0","0","0","0","0"
"0x778791777700","      PRMT R20, R16, 0x7632, R20","0","0","0","3968","126976","126976","32","32","0","-","-","-","0","0","0","0","0","0","0","0","-","0","0","0","0","0","0","0","0","0","0","0","0","0","0","0","0","0","0","0","0","0","0","0","0","0","0","0","0","0","0","0","0","0","0","0","0","0","0","0","0","0","0"
"0x778791777710","      STS.U16 [R51], R52","0","0","0","3968","126976","126976","32","32","0","Shared","Store","16","0","1","0","3968","3968","0","0","0","-","0","0","0","0","0","0","0","0","0","0","0","0","0","0","0","0","0","0","0","0","0","0","0","0","0","0","0","0","0","0","0","0","0","0","0","0","0","0","0","0","0","0"
"0x778791777720","      STS.U16 [R45], R22","0","0","0","3968","126976","126976","32","32","0","Shared","Store","16","0","1","0","3968","3968","0","0","0","-","0","0","0","0","0","0","0","0","0","0","0","0","0","0","0","0","0","0","0","0","0","0","0","0","0","0","0","0","0","0","0","0","0","0","0","0","0","0","0","0","0","0"
"0x778791777730","      STS.U16 [R42], R54","1","0","1","3968","126976","126976","32","32","0","Shared","Store","16","0","1","0","3968","3968","0","0","0","-","0","0","0","0","0","0","0","0","0","0","0","0","0","0","0","0","0","0","0","1","0","0","0","0","0","0","0","0","0","0","0","0","0","0","0","0","0","0","0","0","0","0"
"0x778791777740","      PRMT R52, R18, 0x7632, R52","6","5","6","3968","126976","126976","32","32","0","-","-","-","0","0","0","0","0","0","0","0","-","0","0","0","0","0","0","0","0","0","0","0","0","0","0","0","0","0","0","0","0","6","0","0","0","0","0","0","0","0","0","0","0","0","0","0","0","0","0","5","0","0","0"
"0x778791777750","      STS.U16 [R44], R23","0","0","0","3968","126976","126976","32","32","0","Shared","Store","16","0","1","0","3968","3968","0","0","0","-","0","0","0","0","0","0","0","0","0","0","0","0","0","0","0","0","0","0","0","0","0","0","0","0","0","0","0","0","0","0","0","0","0","0","0","0","0","0","0","0","0","0"
"0x778791777760","      STS.U16 [R46], R55","6","4","6","3968","126976","126976","32","32","0","Shared","Store","16","0","1","0","3968","3968","0","0","0","-","0","0","0","0","0","0","0","0","0","0","0","0","0","0","0","0","0","0","0","2","0","0","0","4","0","0","0","0","0","0","0","0","0","0","0","0","0","0","0","0","0","4"
"0x778791777770","      PRMT R54, R19, 0x7632, R54","0","0","0","3968","126976","126976","32","32","0","-","-","-","0","0","0","0","0","0","0","0","-","0","0","0","0","0","0","0","0","0","0","0","0","0","0","0","0","0","0","0","0","0","0","0","0","0","0","0","0","0","0","0","0","0","0","0","0","0","0","0","0","0","0"
"0x778791777780","      BAR.SYNC.DEFER_BLOCKING 0x0","0","0","0","3968","126976","126976","32","32","0","-","-","-","0","0","0","0","0","0","0","0","-","0","0","0","0","0","0","0","0","0","0","0","0","0","0","0","0","0","0","0","0","0","0","0","0","0","0","0","0","0","0","0","0","0","0","0","0","0","0","0","0","0","0"
"0x778791777790","      PRMT R55, R13, 0x7632, R55","3","1","3","3968","126976","126976","32","32","0","-","-","-","0","0","0","0","0","0","0","0","-","0","0","0","0","0","0","0","0","0","0","0","0","0","0","0","0","0","0","0","1","2","0","0","0","0","0","0","0","0","0","0","0","0","0","0","0","0","0","1","0","0","0"
"0x7787917777a0","      LDS.128 R32, [R48]","1","0","1","3968","126976","126976","32","32","0","Shared","Load","128","0","4","0","15872","15872","0","0","0","-","0","0","0","0","0","0","1","0","0","0","0","0","0","0","0","0","0","0","0","0","0","0","0","0","0","0","0","0","0","0","0","0","0","0","0","0","0","0","0","0","0","0"
"0x7787917777b0","      BAR.SYNC.DEFER_BLOCKING 0x0","1","1","1","3968","126976","126976","32","32","0","-","-","-","0","0","0","0","0","0","0","0","-","0","0","0","0","0","0","0","0","0","0","0","0","0","0","0","0","0","0","0","0","0","0","0","1","0","0","0","0","0","0","0","0","0","0","0","0","0","0","0","0","0","1"
"0x7787917777c0","      STS.U16 [R53], R16","4","3","4","3968","126976","126976","32","32","0","Shared","Store","16","0","1","0","3968","3968","0","0","0","-","0","0","0","0","0","0","3","0","0","0","0","0","0","0","0","0","0","0","0","0","0","0","0","1","3","0","0","0","0","0","0","0","0","0","0","0","0","0","0","0","0","0"
"0x7787917777d0","      STS.U16 [R47], R20","0","0","0","3968","126976","126976","32","32","0","Shared","Store","16","0","1","0","3968","3968","0","0","0","-","0","0","0","0","0","0","0","0","0","0","0","0","0","0","0","0","0","0","0","0","0","0","0","0","0","0","0","0","0","0","0","0","0","0","0","0","0","0","0","0","0","0"
"0x7787917777e0","      STS.U16 [R50], R17","0","0","0","3968","126976","126976","32","32","0","Shared","Store","16","0","1","0","3968","3968","0","0","0","-","0","0","0","0","0","0","0","0","0","0","0","0","0","0","0","0","0","0","0","0","0","0","0","0","0","0","0","0","0","0","0","0","0","0","0","0","0","0","0","0","0","0"
"0x7787917777f0","      PRMT R16, R12, 0x7632, R16","2","2","2","3968","126976","126976","32","32","0","-","-","-","0","0","0","0","0","0","0","0","-","0","0","0","0","0","0","0","0","0","0","0","0","0","0","0","0","0","0","0","0","2","0","0","0","0","0","0","0","0","0","0","0","0","0","0","0","0","0","2","0","0","0"
"0x778791777800","      STS.U16 [R51], R56","0","0","0","3968","126976","126976","32","32","0","Shared","Store","16","0","1","0","3968","3968","0","0","0","-","0","0","0","0","0","0","0","0","0","0","0","0","0","0","0","0","0","0","0","0","0","0","0","0","0","0","0","0","0","0","0","0","0","0","0","0","0","0","0","0","0","0"
"0x778791777810","      STS.U16 [R45], R18","0","0","0","3968","126976","126976","32","32","0","Shared","Store","16","0","1","0","3968","3968","0","0","0","-","0","0","0","0","0","0","0","0","0","0","0","0","0","0","0","0","0","0","0","0","0","0","0","0","0","0","0","0","0","0","0","0","0","0","0","0","0","0","0","0","0","0"
"0x778791777820","      STS.U16 [R42], R52","1","1","1","3968","126976","126976","32","32","0","Shared","Store","16","0","1","0","3968","3968","0","0","0","-","0","0","0","0","0","0","0","0","0","0","0","0","0","0","0","0","0","0","0","0","0","0","0","1","0","0","0","0","0","0","0","0","0","0","0","0","0","0","0","0","0","1"
"0x778791777830","      PRMT R56, R14, 0x7632, R56","3","3","3","3968","126976","126976","32","32","0","-","-","-","0","0","0","0","0","0","0","0","-","0","0","0","0","0","0","0","0","0","0","0","0","0","0","0","0","0","0","0","0","3","0","0","0","0","0","0","0","0","0","0","0","0","0","0","0","0","0","3","0","0","0"
"0x778791777840","      STS.U16 [R44], R19","1","0","1","3968","126976","126976","32","32","0","Shared","Store","16","0","1","0","3968","3968","0","0","0","-","0","0","0","0","0","0","0","0","0","0","0","0","0","0","0","0","0","0","0","1","0","0","0","0","0","0","0","0","0","0","0","0","0","0","0","0","0","0","0","0","0","0"
"0x778791777850","      STS.U16 [R46], R54","0","0","0","3968","126976","126976","32","32","0","Shared","Store","16","0","1","0","3968","3968","0","0","0","-","0","0","0","0","0","0","0","0","0","0","0","0","0","0","0","0","0","0","0","0","0","0","0","0","0","0","0","0","0","0","0","0","0","0","0","0","0","0","0","0","0","0"
"0x778791777860","      PRMT R52, R15, 0x7632, R52","0","0","0","3968","126976","126976","32","32","0","-","-","-","0","0","0","0","0","0","0","0","-","0","0","0","0","0","0","0","0","0","0","0","0","0","0","0","0","0","0","0","0","0","0","0","0","0","0","0","0","0","0","0","0","0","0","0","0","0","0","0","0","0","0"
"0x778791777870","      BAR.SYNC.DEFER_BLOCKING 0x0","0","0","0","3968","126976","126976","32","32","0","-","-","-","0","0","0","0","0","0","0","0","-","0","0","0","0","0","0","0","0","0","0","0","0","0","0","0","0","0","0","0","0","0","0","0","0","0","0","0","0","0","0","0","0","0","0","0","0","0","0","0","0","0","0"
"0x778791777880","      PRMT R54, R9, 0x7632, R54","6","6","6","3968","126976","126976","32","32","0","-","-","-","0","0","0","0","0","0","0","0","-","0","0","0","0","0","0","0","0","0","0","0","0","0","0","0","0","0","0","0","0","6","0","0","0","0","0","0","0","0","0","0","0","0","0","0","0","0","0","6","0","0","0"
"0x778791777890","      LDS.128 R20, [R48]","2","1","2","3968","126976","126976","32","32","0","Shared","Load","128","0","4","0","15872","15872","0","0","0","-","0","0","0","0","0","0","1","0","0","0","0","0","0","0","0","0","0","0","0","1","0","0","0","0","1","0","0","0","0","0","0","0","0","0","0","0","0","0","0","0","0","0"
"0x7787917778a0","      BAR.SYNC.DEFER_BLOCKING 0x0","0","0","0","3968","126976","126976","32","32","0","-","-","-","0","0","0","0","0","0","0","0","-","0","0","0","0","0","0","0","0","0","0","0","0","0","0","0","0","0","0","0","0","0","0","0","0","0","0","0","0","0","0","0","0","0","0","0","0","0","0","0","0","0","0"
"0x7787917778b0","      STS.U16 [R53], R12","6","6","6","3968","126976","126976","32","32","0","Shared","Store","16","0","1","0","3968","3968","0","0","0","-","0","0","0","0","0","0","4","0","0","0","0","0","0","0","0","0","0","0","0","0","0","0","0","2","4","0","0","0","0","0","0","0","0","0","0","0","0","0","0","0","0","2"
"0x7787917778c0","      STS.U16 [R47], R16","0","0","0","3968","126976","126976","32","32","0","Shared","Store","16","0","1","0","3968","3968","0","0","0","-","0","0","0","0","0","0","0","0","0","0","0","0","0","0","0","0","0","0","0","0","0","0","0","0","0","0","0","0","0","0","0","0","0","0","0","0","0","0","0","0","0","0"
"0x7787917778d0","      STS.U16 [R50], R13","2","0","2","3968","126976","126976","32","32","0","Shared","Store","16","0","1","0","3968","3968","0","0","0","-","0","0","0","0","0","0","0","0","0","0","0","0","0","0","0","0","0","0","0","1","0","0","0","1","0","0","0","0","0","0","0","0","0","0","0","0","0","0","0","0","0","0"
"0x7787917778e0","      PRMT R12, R8, 0x7632, R12","3","2","3","3968","126976","126976","32","32","0","-","-","-","0","0","0","0","0","0","0","0","-","0","0","0","0","0","0","0","0","0","0","0","0","0","0","0","0","0","0","0","0","3","0","0","0","0","0","0","0","0","0","0","0","0","0","0","0","0","0","2","0","0","0"
"0x7787917778f0","      STS.U16 [R51], R55","2","1","2","3968","126976","126976","32","32","0","Shared","Store","16","0","1","0","3968","3968","0","0","0","-","0","0","0","0","0","0","0","0","0","0","0","0","0","0","0","0","0","0","0","1","0","0","0","1","0","0","0","0","0","0","0","0","0","0","0","0","0","0","0","0","0","1"
"0x778791777900","      STS.U16 [R45], R14","3","1","3","3968","126976","126976","32","32","0","Shared","Store","16","0","1","0","3968","3968","0","0","0","-","0","0","0","0","0","0","0","0","0","0","0","0","0","0","0","0","0","0","0","1","0","0","0","2","0","0","0","0","0","0","0","0","0","0","0","0","0","0","0","0","0","1"
"0x778791777910","      STS.U16 [R42], R56","0","0","0","3968","126976","126976","32","32","0","Shared","Store","16","0","1","0","3968","3968","0","0","0","-","0","0","0","0","0","0","0","0","0","0","0","0","0","0","0","0","0","0","0","0","0","0","0","0","0","0","0","0","0","0","0","0","0","0","0","0","0","0","0","0","0","0"
"0x778791777920","      PRMT R55, R10, 0x7632, R55","3","3","3","3968","126976","126976","32","32","0","-","-","-","0","0","0","0","0","0","0","0","-","0","0","0","0","0","0","0","0","0","0","0","0","0","0","0","0","0","0","0","0","3","0","0","0","0","0","0","0","0","0","0","0","0","0","0","0","0","0","3","0","0","0"
"0x778791777930","      STS.U16 [R44], R15","1","1","1","3968","126976","126976","32","32","0","Shared","Store","16","0","1","0","3968","3968","0","0","0","-","0","0","0","0","0","0","0","0","0","0","0","0","0","0","0","0","0","0","0","0","0","0","0","1","0","0","0","0","0","0","0","0","0","0","0","0","0","0","0","0","0","1"
"0x778791777940","      STS.U16 [R46], R52","1","1","1","3968","126976","126976","32","32","0","Shared","Store","16","0","1","0","3968","3968","0","0","0","-","0","0","0","0","0","0","0","0","0","0","0","0","0","0","0","0","0","0","0","0","0","0","0","1","0","0","0","0","0","0","0","0","0","0","0","0","0","0","0","0","0","1"
"0x778791777950","      PRMT R56, R11, 0x7632, R56","2","2","2","3968","126976","126976","32","32","0","-","-","-","0","0","0","0","0","0","0","0","-","0","0","0","0","0","0","0","0","0","0","0","0","0","0","0","0","0","0","0","0","2","0","0","0","0","0","0","0","0","0","0","0","0","0","0","0","0","0","2","0","0","0"
"0x778791777960","      BAR.SYNC.DEFER_BLOCKING 0x0","0","0","0","3968","126976","126976","32","32","0","-","-","-","0","0","0","0","0","0","0","0","-","0","0","0","0","0","0","0","0","0","0","0","0","0","0","0","0","0","0","0","0","0","0","0","0","0","0","0","0","0","0","0","0","0","0","0","0","0","0","0","0","0","0"
"0x778791777970","      PRMT R52, R7, 0x7632, R52","9","8","9","3968","126976","126976","32","32","0","-","-","-","0","0","0","0","0","0","0","0","-","0","0","0","0","0","0","0","0","0","0","0","0","0","0","0","0","0","0","0","0","9","0","0","0","0","0","0","0","0","0","0","0","0","0","0","0","0","0","8","0","0","0"
"0x778791777980","      LDS.128 R16, [R48]","1","0","1","3968","126976","126976","32","32","0","Shared","Load","128","0","4","0","15872","15872","0","0","0","-","0","0","0","0","0","0","0","0","0","0","0","0","0","0","0","0","0","0","0","1","0","0","0","0","0","0","0","0","0","0","0","0","0","0","0","0","0","0","0","0","0","0"
"0x778791777990","      BAR.SYNC.DEFER_BLOCKING 0x0","2","1","2","3968","126976","126976","32","32","0","-","-","-","0","0","0","0","0","0","0","0","-","0","0","0","0","0","0","0","0","0","0","0","0","0","0","0","0","0","0","0","0","0","0","0","2","0","0","0","0","0","0","0","0","0","0","0","0","0","0","0","0","0","1"
"0x7787917779a0","      STS.U16 [R53], R8","7","6","7","3968","126976","126976","32","32","0","Shared","Store","16","0","1","0","3968","3968","0","0","0","-","0","0","0","0","0","0","5","0","0","0","0","0","0","0","0","0","0","0","1","0","0","0","0","1","5","0","0","0","0","0","0","0","0","0","0","0","0","0","0","0","0","1"
"0x7787917779b0","      STS.U16 [R47], R12","0","0","0","3968","126976","126976","32","32","0","Shared","Store","16","0","1","0","3968","3968","0","0","0","-","0","0","0","0","0","0","0","0","0","0","0","0","0","0","0","0","0","0","0","0","0","0","0","0","0","0","0","0","0","0","0","0","0","0","0","0","0","0","0","0","0","0"
"0x7787917779c0","      STS.U16 [R50], R9","0","0","0","3968","126976","126976","32","32","0","Shared","Store","16","0","1","0","3968","3968","0","0","0","-","0","0","0","0","0","0","0","0","0","0","0","0","0","0","0","0","0","0","0","0","0","0","0","0","0","0","0","0","0","0","0","0","0","0","0","0","0","0","0","0","0","0"
"0x7787917779d0","      PRMT R8, R4, 0x7632, R8","4","1","4","3968","126976","126976","32","32","0","-","-","-","0","0","0","0","0","0","0","0","-","0","0","0","0","0","0","0","0","0","0","0","0","0","0","0","0","0","0","0","1","3","0","0","0","0","0","0","0","0","0","0","0","0","0","0","0","0","0","1","0","0","0"
"0x7787917779e0","      STS.U16 [R51], R54","0","0","0","3968","126976","126976","32","32","0","Shared","Store","16","0","1","0","3968","3968","0","0","0","-","0","0","0","0","0","0","0","0","0","0","0","0","0","0","0","0","0","0","0","0","0","0","0","0","0","0","0","0","0","0","0","0","0","0","0","0","0","0","0","0","0","0"
"0x7787917779f0","      STS.U16 [R45], R10","0","0","0","3968","126976","126976","32","32","0","Shared","Store","16","0","1","0","3968","3968","0","0","0","-","0","0","0","0","0","0","0","0","0","0","0","0","0","0","0","0","0","0","0","0","0","0","0","0","0","0","0","0","0","0","0","0","0","0","0","0","0","0","0","0","0","0"
"0x778791777a00","      PRMT R9, R5, 0x7632, R9","4","4","4","3968","126976","126976","32","32","0","-","-","-","0","0","0","0","0","0","0","0","-","0","0","0","0","0","0","0","0","0","0","0","0","0","0","0","0","0","0","0","0","4","0","0","0","0","0","0","0","0","0","0","0","0","0","0","0","0","0","4","0","0","0"
"0x778791777a10","      STS.U16 [R42], R55","1","1","1","3968","126976","126976","32","32","0","Shared","Store","16","0","1","0","3968","3968","0","0","0","-","0","0","0","0","0","0","0","0","0","0","0","0","0","0","0","0","0","0","0","0","0","0","0","1","0","0","0","0","0","0","0","0","0","0","0","0","0","0","0","0","0","1"
"0x778791777a20","      STS.U16 [R44], R11","0","0","0","3968","126976","126976","32","32","0","Shared","Store","16","0","1","0","3968","3968","0","0","0","-","0","0","0","0","0","0","0","0","0","0","0","0","0","0","0","0","0","0","0","0","0","0","0","0","0","0","0","0","0","0","0","0","0","0","0","0","0","0","0","0","0","0"
"0x778791777a30","      PRMT R10, R6, 0x7632, R10","1","1","1","3968","126976","126976","32","32","0","-","-","-","0","0","0","0","0","0","0","0","-","0","0","0","0","0","0","0","0","0","0","0","0","0","0","0","0","0","0","0","0","1","0","0","0","0","0","0","0","0","0","0","0","0","0","0","0","0","0","1","0","0","0"
"0x778791777a40","      STS.U16 [R46], R56","0","0","0","3968","126976","126976","32","32","0","Shared","Store","16","0","1","0","3968","3968","0","0","0","-","0","0","0","0","0","0","0","0","0","0","0","0","0","0","0","0","0","0","0","0","0","0","0","0","0","0","0","0","0","0","0","0","0","0","0","0","0","0","0","0","0","0"
"0x778791777a50","      BAR.SYNC.DEFER_BLOCKING 0x0","0","0","0","3968","126976","126976","32","32","0","-","-","-","0","0","0","0","0","0","0","0","-","0","0","0","0","0","0","0","0","0","0","0","0","0","0","0","0","0","0","0","0","0","0","0","0","0","0","0","0","0","0","0","0","0","0","0","0","0","0","0","0","0","0"
"0x778791777a60","      IMAD R11, R67, UR4, RZ","5","5","5","3968","126976","126976","32","32","0","-","-","-","0","0","0","0","0","0","0","0","-","0","0","0","0","0","0","0","0","0","0","0","0","0","0","0","0","0","0","0","0","5","0","0","0","0","0","0","0","0","0","0","0","0","0","0","0","0","0","5","0","0","0"
"0x778791777a70","      LDS.128 R12, [R48]","8","8","8","3968","126976","126976","32","32","0","Shared","Load","128","0","4","0","15872","15872","0","0","0","-","0","0","0","0","0","0","8","0","0","0","0","0","0","0","0","0","0","0","0","0","0","0","0","0","8","0","0","0","0","0","0","0","0","0","0","0","0","0","0","0","0","0"
"0x778791777a80","      BAR.SYNC.DEFER_BLOCKING 0x0","0","0","0","3968","126976","126976","32","32","0","-","-","-","0","0","0","0","0","0","0","0","-","0","0","0","0","0","0","0","0","0","0","0","0","0","0","0","0","0","0","0","0","0","0","0","0","0","0","0","0","0","0","0","0","0","0","0","0","0","0","0","0","0","0"
"0x778791777a90","      STS.U16 [R53], R4","6","6","6","3968","126976","126976","32","32","0","Shared","Store","16","0","1","0","3968","3968","0","0","0","-","0","0","0","0","0","0","4","0","0","0","0","0","0","0","0","0","0","0","0","0","0","0","0","2","4","0","0","0","0","0","0","0","0","0","0","0","0","0","0","0","0","2"
"0x778791777aa0","      STS.U16 [R47], R8","0","0","0","3968","126976","126976","32","32","0","Shared","Store","16","0","1","0","3968","3968","0","0","0","-","0","0","0","0","0","0","0","0","0","0","0","0","0","0","0","0","0","0","0","0","0","0","0","0","0","0","0","0","0","0","0","0","0","0","0","0","0","0","0","0","0","0"
"0x778791777ab0","      STS.U16 [R50], R5","2","1","2","3968","126976","126976","32","32","0","Shared","Store","16","0","1","0","3968","3968","0","0","0","-","0","0","0","0","0","0","0","0","0","0","0","0","0","0","0","0","0","0","0","0","0","0","0","2","0","0","0","0","0","0","0","0","0","0","0","0","0","0","0","0","0","1"
"0x778791777ac0","      STS.U16 [R51], R9","0","0","0","3968","126976","126976","32","32","0","Shared","Store","16","0","1","0","3968","3968","0","0","0","-","0","0","0","0","0","0","0","0","0","0","0","0","0","0","0","0","0","0","0","0","0","0","0","0","0","0","0","0","0","0","0","0","0","0","0","0","0","0","0","0","0","0"
"0x778791777ad0","      IMAD R47, R79, UR4, RZ","0","0","0","3968","126976","126976","32","32","0","-","-","-","0","0","0","0","0","0","0","0","-","0","0","0","0","0","0","0","0","0","0","0","0","0","0","0","0","0","0","0","0","0","0","0","0","0","0","0","0","0","0","0","0","0","0","0","0","0","0","0","0","0","0"
"0x778791777ae0","      STS.U16 [R45], R6","0","0","0","3968","126976","126976","32","32","0","Shared","Store","16","0","1","0","3968","3968","0","0","0","-","0","0","0","0","0","0","0","0","0","0","0","0","0","0","0","0","0","0","0","0","0","0","0","0","0","0","0","0","0","0","0","0","0","0","0","0","0","0","0","0","0","0"
"0x778791777af0","      IMAD R5, R43, UR4, RZ","3","0","3","3968","126976","126976","32","32","0","-","-","-","0","0","0","0","0","0","0","0","-","0","0","0","0","0","0","0","0","0","0","0","0","0","0","0","0","0","0","1","1","1","0","0","0","0","0","0","0","0","0","0","0","0","0","0","0","0","0","0","0","0","0"
"0x778791777b00","      STS.U16 [R42], R10","2","1","2","3968","126976","126976","32","32","0","Shared","Store","16","0","1","0","3968","3968","0","0","0","-","0","0","0","0","0","0","0","0","1","0","0","0","0","0","0","0","0","0","0","0","0","0","0","1","0","0","0","0","0","0","0","0","0","0","0","0","0","0","0","0","0","1"
"0x778791777b10","      IMAD R43, R75, UR4, RZ","1","0","1","3968","126976","126976","32","32","0","-","-","-","0","0","0","0","0","0","0","0","-","0","0","0","0","0","0","0","0","0","0","0","0","0","0","0","0","0","0","0","1","0","0","0","0","0","0","0","0","0","0","0","0","0","0","0","0","0","0","0","0","0","0"
"0x778791777b20","      IMAD.WIDE R4, R5, 0x2, R2","1","0","1","3968","126976","126976","32","32","0","-","-","-","0","0","0","0","0","0","0","0","-","0","0","0","0","0","0","0","0","0","0","0","0","0","0","0","0","0","0","0","1","0","0","0","0","0","0","0","0","0","0","0","0","0","0","0","0","0","0","0","0","0","0"
"0x778791777b30","      STS.U16 [R44], R7","1","0","1","3968","126976","126976","32","32","0","Shared","Store","16","0","1","0","3968","3968","0","0","0","-","0","0","0","0","0","0","0","0","0","0","0","0","0","0","0","0","0","0","0","1","0","0","0","0","0","0","0","0","0","0","0","0","0","0","0","0","0","0","0","0","0","0"
"0x778791777b40","      IMAD R9, R65, UR4, RZ","1","0","1","3968","126976","126976","32","32","0","-","-","-","0","0","0","0","0","0","0","0","-","0","0","0","0","0","0","0","0","0","0","0","0","0","0","0","0","0","0","0","1","0","0","0","0","0","0","0","0","0","0","0","0","0","0","0","0","0","0","0","0","0","0"
"0x778791777b50","      STS.U16 [R46], R52","0","0","0","3968","126976","126976","32","32","0","Shared","Store","16","0","1","0","3968","3968","0","0","0","-","0","0","0","0","0","0","0","0","0","0","0","0","0","0","0","0","0","0","0","0","0","0","0","0","0","0","0","0","0","0","0","0","0","0","0","0","0","0","0","0","0","0"
"0x778791777b60","      IMAD.WIDE R4, R57, 0x2, R4","1","0","1","3968","126976","126976","32","32","0","-","-","-","0","0","0","0","0","0","0","0","-","0","0","0","0","0","0","0","0","0","0","0","0","0","0","0","0","0","0","0","1","0","0","0","0","0","0","0","0","0","0","0","0","0","0","0","0","0","0","0","0","0","0"
"0x778791777b70","      BAR.SYNC.DEFER_BLOCKING 0x0","0","0","0","3968","126976","126976","32","32","0","-","-","-","0","0","0","0","0","0","0","0","-","0","0","0","0","0","0","0","0","0","0","0","0","0","0","0","0","0","0","0","0","0","0","0","0","0","0","0","0","0","0","0","0","0","0","0","0","0","0","0","0","0","0"
"0x778791777b80","      IMAD R45, R77, UR4, RZ","1","0","1","3968","126976","126976","32","32","0","-","-","-","0","0","0","0","0","0","0","0","-","0","0","0","0","0","0","0","0","0","0","0","0","0","0","0","0","0","0","1","0","0","0","0","0","0","0","0","0","0","0","0","0","0","0","0","0","0","0","0","0","0","0"
"0x778791777b90","      IMAD.WIDE R6, R9, 0x2, R2","2","0","2","3968","126976","126976","32","32","0","-","-","-","0","0","0","0","0","0","0","0","-","0","0","0","0","0","0","0","0","0","0","0","0","0","0","0","0","0","0","0","0","1","0","0","1","0","0","0","0","0","0","0","0","0","0","0","0","0","0","0","0","0","0"
"0x778791777ba0","      IMAD.WIDE R8, R11, 0x2, R2","3","1","3","3968","126976","126976","32","32","0","-","-","-","0","0","0","0","0","0","0","0","-","0","0","0","0","0","0","0","0","0","0","0","0","0","0","0","0","0","0","0","1","0","0","0","2","0","0","0","0","0","0","0","0","0","0","0","0","0","0","0","0","0","1"
"0x778791777bb0","      IMAD R51, R49, UR4, RZ","5","1","5","3968","126976","126976","32","32","0","-","-","-","0","0","0","0","0","0","0","0","-","0","0","0","0","0","0","0","0","0","0","0","0","0","0","0","0","0","0","0","2","0","0","0","3","0","0","0","0","0","0","0","0","0","0","0","0","0","0","0","0","0","1"
"0x778791777bc0","      IMAD.WIDE R10, R41, 0x2, R2","3","0","3","3968","126976","126976","32","32","0","-","-","-","0","0","0","0","0","0","0","0","-","0","0","0","0","0","0","0","0","0","0","0","0","0","0","0","0","0","0","0","0","0","0","0","3","0","0","0","0","0","0","0","0","0","0","0","0","0","0","0","0","0","0"
"0x778791777bd0","      IMAD.WIDE R42, R43, 0x2, R2","1","1","1","3968","126976","126976","32","32","0","-","-","-","0","0","0","0","0","0","0","0","-","0","0","0","0","0","0","0","0","0","0","0","0","0","0","0","0","0","0","0","0","0","0","0","1","0","0","0","0","0","0","0","0","0","0","0","0","0","0","0","0","0","1"
"0x778791777be0","      IMAD.WIDE R44, R45, 0x2, R2","0","0","0","3968","126976","126976","32","32","0","-","-","-","0","0","0","0","0","0","0","0","-","0","0","0","0","0","0","0","0","0","0","0","0","0","0","0","0","0","0","0","0","0","0","0","0","0","0","0","0","0","0","0","0","0","0","0","0","0","0","0","0","0","0"
"0x778791777bf0","      LDS.128 R52, [R48]","0","0","0","3968","126976","126976","32","32","0","Shared","Load","128","0","4","0","15872","15872","0","0","0","-","0","0","0","0","0","0","0","0","0","0","0","0","0","0","0","0","0","0","0","0","0","0","0","0","0","0","0","0","0","0","0","0","0","0","0","0","0","0","0","0","0","0"
"0x778791777c00","      IMAD.WIDE R46, R47, 0x2, R2","0","0","0","3968","126976","126976","32","32","0","-","-","-","0","0","0","0","0","0","0","0","-","0","0","0","0","0","0","0","0","0","0","0","0","0","0","0","0","0","0","0","0","0","0","0","0","0","0","0","0","0","0","0","0","0","0","0","0","0","0","0","0","0","0"
"0x778791777c10","@P1   STG.E.128 desc[UR18][R4.64], R36","1","0","1","3968","126976","126976","32","32","0","Global","Store","128","15872","0","0","0","0","0","63488","63488","","0","0","0","0","0","0","0","0","0","0","0","0","0","0","0","0","0","0","0","1","0","0","0","0","0","0","0","0","0","0","0","0","0","0","0","0","0","0","0","0","0","0"
"0x778791777c20","      PLOP3.LUT P1, PT, PT, PT, UP1, 0x80, 0x0","1","0","1","3968","126976","126976","32","32","0","-","-","-","0","0","0","0","0","0","0","0","-","0","0","0","0","0","0","0","0","1","0","0","0","0","0","0","0","0","0","0","0","0","0","0","0","0","0","0","0","0","0","0","0","0","0","0","0","0","0","0","0","0","0"
"0x778791777c30","      IMAD.WIDE R2, R51, 0x2, R2","1","0","1","3968","126976","126976","32","32","0","-","-","-","0","0","0","0","0","0","0","0","-","0","0","0","0","0","0","0","0","1","0","0","0","0","0","0","0","0","0","0","0","0","0","0","0","0","0","0","0","0","0","0","0","0","0","0","0","0","0","0","0","0","0"
"0x778791777c40","      ISETP.LT.AND P1, PT, R77, R40, P1","1","0","1","3968","126976","126976","32","32","0","-","-","-","0","0","0","0","0","0","0","0","-","0","0","0","0","0","0","0","0","0","0","0","0","0","0","0","0","0","0","0","1","0","0","0","0","0","0","0","0","0","0","0","0","0","0","0","0","0","0","0","0","0","0"
"0x778791777c50","      IMAD.WIDE R6, R57, 0x2, R6","2","0","2","3968","126976","126976","32","32","0","-","-","-","0","0","0","0","0","0","0","0","-","0","0","0","0","0","0","0","0","1","0","0","0","0","1","0","0","0","0","0","0","0","0","0","0","0","0","0","0","0","0","0","0","0","0","0","0","0","0","0","0","0","0"
"0x778791777c60","      IMAD.WIDE R8, R57, 0x2, R8","0","0","0","3968","126976","126976","32","32","0","-","-","-","0","0","0","0","0","0","0","0","-","0","0","0","0","0","0","0","0","0","0","0","0","0","0","0","0","0","0","0","0","0","0","0","0","0","0","0","0","0","0","0","0","0","0","0","0","0","0","0","0","0","0"
"0x778791777c70","@P0   STG.E.128 desc[UR18][R6.64], R24","1","0","1","3968","126976","126976","32","32","0","Global","Store","128","15872","0","0","0","0","0","63488","63488","","0","0","0","0","0","0","0","0","0","0","0","0","0","0","0","0","0","0","0","1","0","0","0","0","0","0","0","0","0","0","0","0","0","0","0","0","0","0","0","0","0","0"
"0x778791777c80","      IMAD.WIDE R10, R57, 0x2, R10","1","0","1","3968","126976","126976","32","32","0","-","-","-","0","0","0","0","0","0","0","0","-","0","0","0","0","0","0","0","0","0","0","0","0","0","0","0","0","0","0","0","0","0","0","0","1","0","0","0","0","0","0","0","0","0","0","0","0","0","0","0","0","0","0"
"0x778791777c90","@P4   STG.E.128 desc[UR18][R8.64], R28","0","0","0","3968","126976","126976","32","32","0","Global","Store","128","15872","0","0","0","0","0","63488","63488","","0","0","0","0","0","0","0","0","0","0","0","0","0","0","0","0","0","0","0","0","0","0","0","0","0","0","0","0","0","0","0","0","0","0","0","0","0","0","0","0","0","0"
"0x778791777ca0","      IMAD.WIDE R42, R57, 0x2, R42","1","0","1","3968","126976","126976","32","32","0","-","-","-","0","0","0","0","0","0","0","0","-","0","0","0","0","0","0","0","0","0","0","0","0","0","0","0","0","0","0","0","0","0","0","0","1","0","0","0","0","0","0","0","0","0","0","0","0","0","0","0","0","0","0"
"0x778791777cb0","@P3   STG.E.128 desc[UR18][R10.64], R32","1","0","1","3968","126976","126976","32","32","0","Global","Store","128","15872","0","0","0","0","0","63488","63488","","0","0","0","0","0","0","0","0","1","0","0","0","0","0","0","0","0","0","0","0","0","0","0","0","0","0","0","0","0","0","0","0","0","0","0","0","0","0","0","0","0","0"
"0x778791777cc0","      IMAD.WIDE R44, R57, 0x2, R44","0","0","0","3968","126976","126976","32","32","0","-","-","-","0","0","0","0","0","0","0","0","-","0","0","0","0","0","0","0","0","0","0","0","0","0","0","0","0","0","0","0","0","0","0","0","0","0","0","0","0","0","0","0","0","0","0","0","0","0","0","0","0","0","0"
"0x778791777cd0","@P2   STG.E.128 desc[UR18][R42.64], R20","0","0","0","3968","126976","126976","32","32","0","Global","Store","128","15872","0","0","0","0","0","63488","63488","","0","0","0","0","0","0","0","0","0","0","0","0","0","0","0","0","0","0","0","0","0","0","0","0","0","0","0","0","0","0","0","0","0","0","0","0","0","0","0","0","0","0"
"0x778791777ce0","      IMAD.WIDE R46, R57, 0x2, R46","0","0","0","3968","126976","126976","32","32","0","-","-","-","0","0","0","0","0","0","0","0","-","0","0","0","0","0","0","0","0","0","0","0","0","0","0","0","0","0","0","0","0","0","0","0","0","0","0","0","0","0","0","0","0","0","0","0","0","0","0","0","0","0","0"
"0x778791777cf0","@P1   STG.E.128 desc[UR18][R44.64], R16","1","1","1","3968","126976","126976","32","32","0","Global","Store","128","15872","0","0","0","0","0","63488","63488","","0","0","0","0","0","0","0","0","0","0","0","1","0","0","0","0","0","0","0","0","0","0","0","0","0","0","0","0","0","1","0","0","0","0","0","0","0","0","0","0","0","0"
"0x778791777d00","      IMAD.WIDE R2, R57, 0x2, R2","2","0","2","3968","126976","126976","32","32","0","-","-","-","0","0","0","0","0","0","0","0","-","0","0","0","0","0","0","0","0","0","0","0","0","0","0","0","0","0","0","0","1","0","0","0","1","0","0","0","0","0","0","0","0","0","0","0","0","0","0","0","0","0","0"
"0x778791777d10","@P6   STG.E.128 desc[UR18][R46.64], R12","2","2","2","3968","126976","126976","32","32","0","Global","Store","128","15872","0","0","0","0","0","63488","63488","","0","0","0","0","0","0","0","0","0","0","0","2","0","0","0","0","0","0","0","0","0","0","0","0","0","0","0","0","0","2","0","0","0","0","0","0","0","0","0","0","0","0"
"0x778791777d20","@P5   STG.E.128 desc[UR18][R2.64], R52","12","12","12","3968","126976","126976","32","32","0","Global","Store","128","15872","0","0","0","0","0","63488","63488","","0","0","0","0","0","0","0","0","0","0","0","11","0","0","0","0","0","0","0","0","0","0","0","1","0","0","0","0","0","11","0","0","0","0","0","0","0","0","0","0","0","1"
"0x778791777d30","      PLOP3.LUT P0, PT, PT, PT, UP0, 0x80, 0x0","0","0","0","4224","135168","135168","32","32","0","-","-","-","0","0","0","0","0","0","0","0","-","0","0","0","0","0","0","0","0","0","0","0","0","0","0","0","0","0","0","0","0","0","0","0","0","0","0","0","0","0","0","0","0","0","0","0","0","0","0","0","0","0","0"
"0x778791777d40","@P0   EXIT","0","0","0","4224","135168","29184","32","6","0","-","-","-","0","0","0","0","0","0","0","0","-","0","0","0","0","0","0","0","0","0","0","0","0","0","0","0","0","0","0","0","0","0","0","0","0","0","0","0","0","0","0","0","0","0","0","0","0","0","0","0","0","0","0"
"0x778791777d50","      UIADD3 UR12, UR12, 0x72, URZ","35","35","35","3312","105984","105984","32","32","0","-","-","-","0","0","0","0","0","0","0","0","-","0","0","0","0","0","0","0","1","0","34","0","0","0","0","0","0","0","0","0","0","0","0","0","0","0","1","0","34","0","0","0","0","0","0","0","0","0","0","0","0","0","0"
"0x778791777d60","      BRA 0x778791770610","0","0","0","3312","105984","105984","32","32","0","-","-","-","0","0","0","0","0","0","0","0","-","0","0","0","0","0","0","0","0","0","0","0","0","0","0","0","0","0","0","0","0","0","0","0","0","0","0","0","0","0","0","0","0","0","0","0","0","0","0","0","0","0","0"
"0x778791777d70","      BRA 0x778791777d70","0","0","0","0","0","0","0","0","0","-","-","-","0","0","0","0","0","0","0","0","-","0","0","0","0","0","0","0","0","0","0","0","0","0","0","0","0","0","0","0","0","0","0","0","0","0","0","0","0","0","0","0","0","0","0","0","0","0","0","0","0","0","0"
"0x778791777d80","      NOP","0","0","0","0","0","0","0","0","0","-","-","-","0","0","0","0","0","0","0","0","-","0","0","0","0","0","0","0","0","0","0","0","0","0","0","0","0","0","0","0","0","0","0","0","0","0","0","0","0","0","0","0","0","0","0","0","0","0","0","0","0","0","0"
"0x778791777d90","      NOP","0","0","0","0","0","0","0","0","0","-","-","-","0","0","0","0","0","0","0","0","-","0","0","0","0","0","0","0","0","0","0","0","0","0","0","0","0","0","0","0","0","0","0","0","0","0","0","0","0","0","0","0","0","0","0","0","0","0","0","0","0","0","0"
"0x778791777da0","      NOP","0","0","0","0","0","0","0","0","0","-","-","-","0","0","0","0","0","0","0","0","-","0","0","0","0","0","0","0","0","0","0","0","0","0","0","0","0","0","0","0","0","0","0","0","0","0","0","0","0","0","0","0","0","0","0","0","0","0","0","0","0","0","0"
"0x778791777db0","      NOP","0","0","0","0","0","0","0","0","0","-","-","-","0","0","0","0","0","0","0","0","-","0","0","0","0","0","0","0","0","0","0","0","0","0","0","0","0","0","0","0","0","0","0","0","0","0","0","0","0","0","0","0","0","0","0","0","0","0","0","0","0","0","0"
"0x778791777dc0","      NOP","0","0","0","0","0","0","0","0","0","-","-","-","0","0","0","0","0","0","0","0","-","0","0","0","0","0","0","0","0","0","0","0","0","0","0","0","0","0","0","0","0","0","0","0","0","0","0","0","0","0","0","0","0","0","0","0","0","0","0","0","0","0","0"
"0x778791777dd0","      NOP","0","0","0","0","0","0","0","0","0","-","-","-","0","0","0","0","0","0","0","0","-","0","0","0","0","0","0","0","0","0","0","0","0","0","0","0","0","0","0","0","0","0","0","0","0","0","0","0","0","0","0","0","0","0","0","0","0","0","0","0","0","0","0"
"0x778791777de0","      NOP","0","0","0","0","0","0","0","0","0","-","-","-","0","0","0","0","0","0","0","0","-","0","0","0","0","0","0","0","0","0","0","0","0","0","0","0","0","0","0","0","0","0","0","0","0","0","0","0","0","0","0","0","0","0","0","0","0","0","0","0","0","0","0"
"0x778791777df0","      NOP","0","0","0","0","0","0","0","0","0","-","-","-","0","0","0","0","0","0","0","0","-","0","0","0","0","0","0","0","0","0","0","0","0","0","0","0","0","0","0","0","0","0","0","0","0","0","0","0","0","0","0","0","0","0","0","0","0","0","0","0","0","0","0"
